Date,Open,High,Low,Close,Volume,Dividends,Stock Splits,obs_mom,Prev_Close,TR,obs_vol,obs_er
2022-10-04 00:00:00+05:30,271.49355878142114,275.8711318497507,270.91538480226563,274.9212951660156,9142294,0.0,0.0,0.6026419983892953,267.9419250488281,7.9292068009226,-0.2457269598638621,0.0707202581780842
2022-10-06 00:00:00+05:30,276.6971034429115,280.2487361859203,274.673507567667,278.0599365234375,23091432,0.0,0.0,0.8057555146677653,274.9212951660156,5.575228618253277,-0.31716843129782857,0.12657516903685453
2022-10-07 00:00:00+05:30,278.18381619474263,278.2251236833629,273.6410395311418,275.9537353515625,10910698,0.0,0.0,0.6264871923750295,278.0599365234375,4.584084152221067,-0.33614679548068177,0.051157540960145596
2022-10-10 00:00:00+05:30,272.5673072579149,273.7649627746661,269.3047744720419,270.79150390625,9750594,0.0,0.0,0.21451144698629698,275.9537353515625,6.648960879520587,-0.18306074529324967,0.030199755532004213
2022-10-11 00:00:00+05:30,271.7413112906105,272.9389666779915,268.5200601682649,269.51123046875,11018577,0.0,0.0,0.11333544869013018,270.79150390625,4.418906509726639,-0.22429126006103156,0.05174391541428382
2022-10-12 00:00:00+05:30,270.87409895119845,273.7649690779184,268.2310214320715,272.64990234375,10735673,0.0,0.0,0.34459581697786335,269.51123046875,5.533947645846922,-0.2982924356344111,0.0482060110156528
2022-10-13 00:00:00+05:30,272.5259991002834,273.6410395218355,270.91537352376776,271.4522399902344,7546587,0.0,0.0,0.24354272717303002,272.64990234375,2.725665998067768,-0.4302043399542698,0.07469352078934513
2022-10-14 00:00:00+05:30,274.467022634996,275.78854822524454,273.2693671638556,274.30181884765625,6672357,0.0,0.0,0.4551753464744617,271.4522399902344,4.336308235010165,-0.5567610913996139,0.021762746263184092
2022-10-17 00:00:00+05:30,273.47585731860227,276.49062362060135,272.2369205105713,274.42572021484375,7195922,0.0,0.0,0.4536806553734108,274.30181884765625,4.253703110030074,-0.6252218154986683,0.010643921878059594
2022-10-18 00:00:00+05:30,275.82985973080156,281.65288102967787,275.49947832843105,281.07470703125,21691854,0.0,0.0,0.9159159825002803,274.42572021484375,7.2271608148341215,-0.6594155536927087,0.05053806971883389
2022-10-19 00:00:00+05:30,283.387392555128,286.98033271098154,280.6617264534334,286.07177734375,16923690,0.0,0.0,1.2368270366068146,281.07470703125,6.31860625754814,-0.7122713386210806,0.10491653464271135
2022-10-20 00:00:00+05:30,286.60863805710517,289.8711967570723,284.79152735924646,288.8387451171875,19186222,0.0,0.0,1.4046255257274154,286.07177734375,5.079669397825853,-0.7816149683617591,0.09016026774615891
2022-10-21 00:00:00+05:30,291.729568717296,291.729568717296,284.543715221326,285.4522705078125,28426343,0.0,0.0,1.0843658507409013,288.8387451171875,7.18585349596998,-0.6091684594178897,0.005666498900126624
2022-10-24 00:00:00+05:30,288.21931094010114,288.83879249649436,286.60868507059917,287.1868591308594,3292671,0.0,0.0,1.1876408930591236,285.4522705078125,3.3865219886818636,-0.7538493085410622,0.013293317753249094
2022-10-25 00:00:00+05:30,288.63222623013723,288.6735337184043,283.8416570300089,286.03045654296875,17906260,0.0,0.0,1.0625141300106282,287.1868591308594,4.831876688395425,-0.7527497478526115,0.1604207903122181
2022-10-27 00:00:00+05:30,286.31956734460533,287.723708001335,284.0068974229033,285.6175231933594,19273344,0.0,0.0,1.0016061719709777,286.03045654296875,3.716810578431705,-0.8272951241426172,0.13090282685512367
2022-10-28 00:00:00+05:30,287.062945166563,287.9301931150614,285.03934916865416,285.6175231933594,13572499,0.0,0.0,0.9762590233718299,285.6175231933594,2.8908439464072444,-0.953520833449165,0.2827115070919854
2022-10-31 00:00:00+05:30,287.43461288316155,289.4995162224048,284.7502280712986,288.0127868652344,14358449,0.0,0.0,1.1446763110357827,285.6175231933594,4.749288151106214,-1.0163141743316988,0.2283000694759979
2022-11-01 00:00:00+05:30,288.4670683655667,289.49952004883465,286.7738538875155,288.6735534667969,20422565,0.0,0.0,1.1720713579418898,288.0127868652344,2.725666161319168,-1.1596541639358438,0.25255466263350457
2022-11-02 00:00:00+05:30,287.8475766628655,294.24877163638735,287.8475766628655,292.92724609375,17427813,0.0,0.0,1.473409702392655,288.6735534667969,6.401194973521854,-1.1541488108732896,0.4593761449770261
2022-11-03 00:00:00+05:30,292.390340157507,296.107149877446,291.5643737162608,292.1425476074219,11149636,0.0,0.0,1.3633462312491207,292.92724609375,4.542776161185202,-1.1593596485710465,0.3573244076000441
2022-11-04 00:00:00+05:30,292.3904051502257,294.04231222279236,291.1514421244024,292.05999755859375,8709851,0.0,0.0,1.3206063874119334,292.1425476074219,2.8908700983899394,-1.2744898272010206,0.3101550119260746
2022-11-07 00:00:00+05:30,293.2163538758691,294.33142063059,289.08654681218417,291.9774169921875,10437370,0.0,0.0,1.2788978276093221,292.05999755859375,5.244873818405836,-1.2439173531692924,0.37164726550500354
2022-11-09 00:00:00+05:30,291.9773987935478,298.54379789803886,291.72960619683226,297.92431640625,21404869,0.0,0.0,1.6929347492019482,291.9774169921875,6.814191701206596,-1.2419660217349513,0.618060025832213
2022-11-10 00:00:00+05:30,296.52022788733814,297.26357956529773,292.4730095340736,294.0423278808594,20071989,0.0,0.0,1.2552599152250494,297.92431640625,5.451306872176417,-1.1308598564638324,0.5275314401742524
2022-11-11 00:00:00+05:30,297.3461303799853,298.1308156302202,292.92724984100755,294.3313903808594,11372654,0.0,0.0,1.2488563852762093,294.0423278808594,5.203565789212632,-1.1188565664861143,0.4966886676440218
2022-11-14 00:00:00+05:30,294.33137689069605,294.82693586425324,286.27824907784293,286.7738342285156,18319254,0.0,0.0,0.47693021541516994,294.3313903808594,8.548686786410315,-0.7588535391655531,0.3063585860804788
2022-11-15 00:00:00+05:30,288.21931703923127,288.21931703923127,280.1248800242987,285.16326904296875,16046491,0.0,0.0,0.3295494865095027,286.7738342285156,8.094437014932566,-0.5612188740446897,0.22269414438315296
2022-11-16 00:00:00+05:30,285.5349045589136,286.48476748246463,282.1897567570709,284.21337890625,7897812,0.0,0.0,0.24020942416936655,285.16326904296875,4.295010725393752,-0.5962475062744363,0.19733605372193214
2022-11-17 00:00:00+05:30,284.2133159102492,286.9802890814712,282.9743793412083,283.8829345703125,10379179,0.0,0.0,0.2054333416178307,284.21337890625,4.005909740262894,-0.6578352854476488,0.06488451656028858
2022-11-18 00:00:00+05:30,283.8829830051067,284.7502308982674,280.6617316697377,281.6941833496094,8140173,0.0,0.0,0.004214886958536806,283.8829345703125,4.088499228529656,-0.672839452007952,0.10816331608843084
2022-11-21 00:00:00+05:30,280.08350421048726,280.8268556659789,276.2014908236333,278.51416015625,9553090,0.0,0.0,-0.28178125122969694,281.6941833496094,5.492692525976054,-0.5838320425035185,0.25252663981536494
2022-11-22 00:00:00+05:30,278.3489974208317,281.6528371064269,277.27523839774,281.0333557128906,6746019,0.0,0.0,-0.04177188977157954,278.51416015625,4.3775987086868895,-0.6789773280505198,0.1104235856646623
2022-11-23 00:00:00+05:30,282.4788540067165,282.4788540067165,278.7620173361109,280.6617431640625,8067471,0.0,0.0,-0.07521882166339858,281.0333557128906,3.7168366706056304,-0.7486157622968191,0.16880446976772462
2022-11-24 00:00:00+05:30,280.66175198764506,282.8918331184242,278.80333359391636,281.4464111328125,8454385,0.0,0.0,0.001250596467758177,280.6617431640625,4.088499524507824,-0.8175971533546227,0.11974057404688225
2022-11-25 00:00:00+05:30,281.65288102967787,282.39625881784985,279.00980363359594,281.07470703125,7200274,0.0,0.0,-0.03492689192658448,281.4464111328125,3.3864551842539186,-0.9013558198015511,0.11879155158641173
2022-11-28 00:00:00+05:30,280.8268870923846,282.27233503627656,279.79443549408256,280.8681945800781,10284123,0.0,0.0,-0.054671392425574755,281.07470703125,2.4778995421939953,-1.0401492069695346,0.12352465873679833
2022-11-29 00:00:00+05:30,280.82689786224057,284.9567044138289,280.82689786224057,282.72662353515625,10582296,0.0,0.0,0.13504712845529537,280.8681945800781,4.129806551588331,-1.1157016936702964,0.13943396332731486
2022-11-30 00:00:00+05:30,281.85935595842886,284.2546406719797,280.00093773220857,280.826904296875,23425220,0.0,0.0,-0.06455544077565419,282.72662353515625,4.253702939771131,-1.101965137239784,0.20042248525783682
2022-12-01 00:00:00+05:30,282.2310646005803,282.2310646005803,278.1838464743152,280.45526123046875,17270904,0.0,0.0,-0.10218444887060613,280.826904296875,4.047218126265079,-1.1320047727329912,0.3536296442434657
2022-12-02 00:00:00+05:30,280.2900723859349,281.4877279790107,278.14257999458243,278.47296142578125,8711914,0.0,0.0,-0.3117549159347125,280.45526123046875,3.3451479844282517,-1.1696919726131307,0.37485741735227684
2022-12-05 00:00:00+05:30,278.88586859764473,279.87703884419807,275.9949990070542,278.14251708984375,10090597,0.0,0.0,-0.34060599239114064,278.47296142578125,3.88203983714385,-1.2041577929073344,0.3790784044473851
2022-12-06 00:00:00+05:30,275.9537548902143,279.34018388337773,275.9537548902143,278.5968322753906,6571118,0.0,0.0,-0.28030592738587234,278.14251708984375,3.386428993163406,-1.2854178129445588,0.36080149766504144
2022-12-07 00:00:00+05:30,279.58799403430766,282.0658677860122,278.05995705372226,280.9095458984375,10191144,0.0,0.0,-0.005803345790052954,278.5968322753906,4.0059107322899195,-1.3617908051113035,0.5086394073749704
2022-12-08 00:00:00+05:30,280.9921003986574,282.6027259937334,278.7619933527383,279.50537109375,6439244,0.0,0.0,-0.16759069118384734,280.9095458984375,3.8407326409950997,-1.366962345213337,0.46933189614827175
2022-12-09 00:00:00+05:30,280.620443198641,282.8918318128852,279.1750212196999,281.9832763671875,8445424,0.0,0.0,0.12622060083479253,279.50537109375,3.7168105931853006,-1.4602178731409658,0.372350969152577
2022-12-12 00:00:00+05:30,281.65289035891783,284.1307902244493,280.9095387232414,283.4700012207031,11646572,0.0,0.0,0.2957787928173941,281.9832763671875,3.2212515012079166,-1.562334972390492,0.12194984578852865
2022-12-13 00:00:00+05:30,284.543715221326,285.7826518686154,282.8091934442751,285.4522705078125,11105261,0.0,0.0,0.5179826580124934,283.4700012207031,2.973458424340322,-1.6862681058064377,0.010523134227188579
2022-12-14 00:00:00+05:30,285.7826945788267,286.8977351103185,283.9242762415949,285.287109375,7664099,0.0,0.0,0.4850985651801928,285.4522705078125,2.973458868723583,-1.759745092219547,0.040246714740656685
2022-12-15 00:00:00+05:30,284.7502646066627,285.8653052233285,279.1750353462136,279.8771057128906,8469001,0.0,0.0,-0.1788777075399993,285.287109375,6.690269877114929,-1.4669726100623257,0.12613498229480472
2022-12-16 00:00:00+05:30,278.762012546044,279.9183605491572,273.64106151591244,276.77972412109375,12907968,0.0,0.0,-0.5183151130838514,279.8771057128906,6.2772990332447876,-1.2653625735064942,0.15044155193852185
2022-12-19 00:00:00+05:30,278.1838250316687,282.7679093295101,276.9861957719093,281.2398986816406,8113695,0.0,0.0,0.007924591019426204,276.77972412109375,5.988185208416326,-1.2535602435277595,0.0802938212494505
2022-12-20 00:00:00+05:30,280.8681863506323,281.6115378675297,278.14252049348465,280.9507751464844,5693354,0.0,0.0,-0.023943307664871735,281.2398986816406,3.469017374045052,-1.3125157114566877,0.0026036705404203974
2022-12-21 00:00:00+05:30,281.652891678751,281.85937679089994,276.284147877286,276.8210144042969,7316532,0.0,0.0,-0.46617016345936046,280.9507751464844,5.575228913613955,-1.1468300886710583,0.10826539486893619
2022-12-22 00:00:00+05:30,277.2339891548351,278.6794110041144,272.4847010607174,274.5909118652344,6838031,0.0,0.0,-0.6945580935217355,276.8210144042969,6.194709943397015,-0.9840724149462392,0.1856824153815507
2022-12-23 00:00:00+05:30,273.3106884016703,274.1366550256779,268.7266037421143,269.8416442871094,10461859,0.0,0.0,-1.1485436778229454,274.5909118652344,5.864308123120054,-0.7907293461294251,0.2719993319820256
2022-12-26 00:00:00+05:30,269.67640448774426,276.7796955641752,268.85046415112413,276.36669921875,9934633,0.0,0.0,-0.3530214385814968,269.8416442871094,7.92923141305107,-0.7236835735767766,0.09453612535513936
2022-12-27 00:00:00+05:30,277.19266307148985,277.8534258052888,272.6911678653941,275.1690673828125,6986433,0.0,0.0,-0.4604426675330243,276.36669921875,5.162257939894687,-0.6712987123567753,0.1609501836025087
2022-12-28 00:00:00+05:30,274.9212634637795,276.697066509693,273.80619694727284,276.2015075683594,8035558,0.0,0.0,-0.3442599884861582,275.1690673828125,2.890869562420164,-0.8177740726932039,0.10035881927996446
2022-12-29 00:00:00+05:30,276.1602090386157,277.3165569010839,273.8475133136792,276.9861755371094,8417520,0.0,0.0,-0.2551352558822724,276.2015075683594,3.4690435874047125,-0.9158205775696923,0.0746013985096127
2022-12-30 00:00:00+05:30,277.02747795521594,278.1425445928473,272.9802863053131,273.8475341796875,7228324,0.0,0.0,-0.5637422223747867,276.9861755371094,5.1622582875342005,-0.8068468806258507,0.09705466504787226
2023-01-02 00:00:00+05:30,273.31066952244794,275.8711318497507,272.2782178580357,274.9212951660156,6181118,0.0,0.0,-0.4346752041097264,273.8475341796875,3.5929139917150223,-0.9018373973006617,0.06655241791839032
2023-01-03 00:00:00+05:30,273.8062420033292,275.3342789185782,272.7737902880784,273.4758605957031,6228015,0.0,0.0,-0.5766542695476151,274.9212951660156,2.560488630499833,-1.006311089366348,0.10367935544859715
2023-01-04 00:00:00+05:30,274.09535781218494,274.6322243582212,269.2634803664996,270.0894470214844,6947412,0.0,0.0,-0.9102513896409543,273.4758605957031,5.368743991721601,-0.8641334013014584,0.21440333125109984
2023-01-05 00:00:00+05:30,271.45223693585825,275.7885284616498,271.08054807381785,275.4168395996094,8486143,0.0,0.0,-0.27658443810993194,270.0894470214844,5.699081440165401,-0.9067163817457743,0.07517159691599677
2023-01-06 00:00:00+05:30,276.4493032448786,278.80330662983584,275.1277776917996,276.7384033203125,8603181,0.0,0.0,-0.13476823822700154,275.4168395996094,3.675528938036223,-0.9975920673676054,0.09852677634724463
2023-01-09 00:00:00+05:30,278.30772271006634,281.9006628614671,277.64695993055625,279.2162780761719,11027747,0.0,0.0,0.12142722121234072,276.7384033203125,5.162259541154583,-1.0089112634704973,0.0784470648620904
2023-01-10 00:00:00+05:30,279.09235928436436,279.50535562110275,274.6734791033541,275.37554931640625,7217255,0.0,0.0,-0.27005957423610977,279.2162780761719,4.83187651774864,-0.9007051691210044,0.17967648937756364
2023-01-11 00:00:00+05:30,276.77970835225443,276.77970835225443,273.6410459258907,274.05401611328125,4760847,0.0,0.0,-0.39859059587329754,275.37554931640625,3.1386624263637373,-0.9672671410462516,0.19624910562239617
2023-01-12 00:00:00+05:30,275.3755980647434,275.5407756869876,270.9979984184826,272.44342041015625,6894087,0.0,0.0,-0.5566764364573318,274.05401611328125,4.542777268505006,-0.9252479384595684,0.1391045778470419
2023-01-13 00:00:00+05:30,272.44334524208995,274.42565940192804,269.5937833619482,271.5347900390625,14967746,0.0,0.0,-0.6409879871646895,272.44342041015625,4.831876039979818,-0.8802252288745556,0.10233859279522396
2023-01-16 00:00:00+05:30,272.8563791983161,274.3843897904284,270.5436833888196,272.73248291015625,8571826,0.0,0.0,-0.4884480093880635,271.5347900390625,3.84070640160877,-0.9539380896663402,0.1772809973538631
2023-01-17 00:00:00+05:30,272.7325057046308,275.45817191772255,271.82395030026686,274.42572021484375,14240647,0.0,0.0,-0.2821143973938209,272.73248291015625,3.634221617455694,-1.0505382794913911,0.13210638798732893
2023-01-18 00:00:00+05:30,275.87115782063177,277.97736883807625,274.54963213079003,276.4080505371094,13039078,0.0,0.0,-0.04928303843746469,274.42572021484375,3.551648623232495,-1.1555816679132764,0.008740901891579745
2023-01-19 00:00:00+05:30,275.87111972660165,277.23397889959773,273.93011277697354,274.3431091308594,8667564,0.0,0.0,-0.28137007235424283,276.4080505371094,3.3038661226241857,-1.181334798391292,0.0052634581179118334
2023-01-20 00:00:00+05:30,274.2192072247305,276.8622843624142,271.9478189447949,276.36669921875,13608325,0.0,0.0,-0.03873466178237418,274.3431091308594,4.914465417619283,-1.181857330100758,0.1471125920859889
2023-01-23 00:00:00+05:30,277.5230231826006,279.2988523429268,275.08643133908396,278.96844482421875,7399204,0.0,0.0,0.2589520250793628,276.36669921875,4.212421003842849,-1.2458740509770014,0.06435050926981262
2023-01-24 00:00:00+05:30,279.00979290572695,281.4463851037806,278.84461529945156,279.95965576171875,12776694,0.0,0.0,0.36644332577499167,278.96844482421875,2.601769804329024,-1.3858390058033774,0.11909649989302573
2023-01-25 00:00:00+05:30,279.9183584089669,281.652880400375,276.90359212553494,280.20745849609375,12978859,0.0,0.0,0.3866771546242708,279.95965576171875,4.749288274840069,-1.3488868483065677,0.10157130775176944
2023-01-27 00:00:00+05:30,282.313640378076,288.1366877827789,282.06584778505237,285.7826843261719,21850457,0.0,0.0,0.9505112502522278,280.20745849609375,7.929229286685143,-1.2100613365551707,0.19887948997474714
2023-01-30 00:00:00+05:30,286.5260870665607,290.5319978637795,282.3549724672283,284.79156494140625,14634225,0.0,0.0,0.8121297627897381,285.7826843261719,8.177025396551187,-0.9357456277676591,0.2600593196371205
2023-01-31 00:00:00+05:30,285.7827096716558,293.2163572360525,281.6942100555176,291.0275573730469,17794183,0.0,0.0,1.3513272565601222,284.79156494140625,11.522147180534887,-0.6318427909825391,0.3409089441040329
2023-02-01 00:00:00+05:30,291.56447014748824,302.0541662715992,271.82398870522036,298.5025329589844,67003785,0.0,0.0,1.86627681447409,291.0275573730469,30.230177566378813,0.5904301895034101,0.46976746317527274
2023-02-02 00:00:00+05:30,298.66772105292637,317.7474385902798,297.6765767540571,312.7090759277344,57892084,0.0,0.0,2.374698641920012,298.5025329589844,20.07086183622266,0.9414270907036998,0.6649475111605443
2023-02-03 00:00:00+05:30,315.4346732478112,315.72374712187093,307.25764949867965,314.4022216796875,23153980,0.0,0.0,2.432971952772977,312.7090759277344,8.466097623191274,0.9694386294523049,0.6448076867748284
2023-02-06 00:00:00+05:30,315.9302934201292,320.6382741400663,313.5349824805341,316.67364501953125,26783409,0.0,0.0,2.531782331171558,314.4022216796875,7.1032916595322035,0.9227158077986858,0.6503015960888419
2023-02-07 00:00:00+05:30,317.0866104420805,317.0866104420805,304.3255277315778,308.2901306152344,21438758,0.0,0.0,1.6482794692382174,316.67364501953125,12.761082710502706,1.3242375221340783,0.4319012063595686
2023-02-08 00:00:00+05:30,309.5290913583647,311.63530234613074,306.8860138388054,310.18988037109375,10821785,0.0,0.0,1.7338082118453428,308.2901306152344,4.749288507325332,1.1722488149478645,0.5325327885994264
2023-02-09 00:00:00+05:30,308.9096342719434,313.8654078652711,307.38159731824504,309.1161193847656,12318006,0.0,0.0,1.6071868334431312,310.18988037109375,6.483810547026053,1.1569708490914696,0.5383632079074491
2023-02-10 00:00:00+05:30,307.42286491190487,311.3461600776877,305.85352066847634,306.7207946777344,10674456,0.0,0.0,1.3783587599746798,309.1161193847656,5.492639409211392,1.127212973440826,0.5200478932569313
2023-02-13 00:00:00+05:30,308.0836239591265,309.8594270901421,305.60572442525455,309.07476806640625,10282470,0.0,0.0,1.5074899695018023,306.7207946777344,4.253702664887555,0.9535402826896594,0.5573260527989764
2023-02-14 00:00:00+05:30,309.7355973927891,320.18401098988426,308.7031194861325,319.1928405761719,30246745,0.0,0.0,1.9925195342325974,309.07476806640625,11.480891503751764,0.9484478421148339,0.609095059066593
2023-02-15 00:00:00+05:30,320.47811588170174,321.40156064614416,317.79172385620365,320.85589599609375,12679568,6.0,0.0,2.051492457586299,319.1928405761719,3.609836789940516,0.7637515296134025,0.6089403228685624
2023-02-16 00:00:00+05:30,320.6880577862099,323.4164348691722,319.84855509867435,321.1497802734375,10151755,0.0,0.0,2.0169021975963353,320.85589599609375,3.567879770497825,0.6075276326844138,0.6000844810656403
2023-02-17 00:00:00+05:30,319.8905256882678,322.8287716643076,318.3794315586062,321.86334228515625,7967611,0.0,0.0,2.0142171795191,321.1497802734375,4.449340105701424,0.48736413264185907,0.6491154790028134
2023-02-20 00:00:00+05:30,322.9546879209602,325.3052846255775,320.10038432075044,322.40899658203125,8105569,0.0,0.0,2.00043249524309,321.86334228515625,5.204900304827049,0.40873430277874107,0.6418857745783768
2023-02-21 00:00:00+05:30,323.20652694797917,323.96206065154666,320.43616575193863,320.89788818359375,8577674,0.0,0.0,1.823694361638393,322.40899658203125,3.5258948996080335,0.29302492286178033,0.5935727363608793
2023-02-22 00:00:00+05:30,320.68801045477653,323.12254926502857,319.00903193362467,322.2410888671875,9306194,0.0,0.0,1.8758290566012936,320.89788818359375,4.113517331403898,0.15639317569191158,0.5955878939196195
2023-02-23 00:00:00+05:30,322.74481324821056,330.7620059629958,321.6114727530318,325.38922119140625,19555814,0.0,0.0,2.0516764351791856,322.2410888671875,9.150533209963953,0.23102864959547323,0.6114615694051975
2023-02-24 00:00:00+05:30,326.5645385687466,326.5645385687466,319.84854390951875,323.2904968261719,13407431,0.0,0.0,1.8130631437736124,325.38922119140625,6.715994659227874,0.2814193974405501,0.5326685608982749
2023-02-27 00:00:00+05:30,323.29043461199717,324.71758619562894,317.41394374181164,320.85589599609375,8455904,0.0,0.0,1.5533602488627416,323.2904968261719,7.303642453817304,0.3677159168154978,0.5018805294701222
2023-02-28 00:00:00+05:30,321.1077823154553,322.5768918805146,314.8115528547274,316.2386779785156,16997837,0.0,0.0,1.1056258929959566,320.85589599609375,7.7653390257872275,0.5159008633461881,0.35893017589411247
2023-03-01 00:00:00+05:30,314.18193008554056,319.344845870841,313.63626536077516,317.9176940917969,8065784,0.0,0.0,1.2049014615645026,316.2386779785156,5.708580510065872,0.44441672253592623,0.3012733876658032
2023-03-02 00:00:00+05:30,318.58928429660216,318.7991532971468,314.5597090253691,315.2732849121094,5212922,0.0,0.0,0.9512735550379507,317.9176940917969,4.2394442717777,0.3889684117024693,0.04848968907366134
2023-03-03 00:00:00+05:30,316.4905708533101,323.54236149901516,315.7350370590492,323.1645812988281,8495772,0.0,0.0,1.433183210661565,315.2732849121094,8.269076586905783,0.32551985357229474,0.14831426663147243
2023-03-06 00:00:00+05:30,323.96204753922774,329.50274310094,323.41638285284193,325.8509216308594,11126980,0.0,0.0,1.5882058998600475,323.1645812988281,6.33816180211187,0.2685751867144909,0.15425394674276066
2023-03-08 00:00:00+05:30,325.725043388781,330.0484569017967,323.29050424848003,329.4188232421875,9261146,0.0,0.0,1.7978598560362624,325.8509216308594,6.757952653316693,0.21640465425764607,0.3864133980681144
2023-03-09 00:00:00+05:30,329.1669887938517,330.42622947791915,323.7522192644157,325.3052978515625,10005328,0.0,0.0,1.3891383097569185,329.4188232421875,6.674010213503436,0.3044728046322512,0.2656826132807513
2023-03-10 00:00:00+05:30,324.84357612206804,327.57192650942363,321.9472879541555,325.72503662109375,8684320,0.0,0.0,1.385704651433768,325.3052978515625,5.62463855526812,0.25616665707987063,0.2953287631909817
2023-03-13 00:00:00+05:30,326.732420792291,328.15957264032426,321.1078088957629,322.0732116699219,9130473,0.0,0.0,1.0388847145604692,325.72503662109375,7.051763744561356,0.3555933011553571,0.26702066449965073
2023-03-14 00:00:00+05:30,323.79419129774107,324.42379831258455,316.6584588867369,318.7572021484375,10623744,0.0,0.0,0.7389597701187873,322.0732116699219,7.765339425847628,0.4814118829306685,0.16563266107308272
2023-03-15 00:00:00+05:30,319.84855410474245,322.61891562561215,317.3300726560751,318.50537109375,8748113,0.0,0.0,0.700500657811304,318.7572021484375,5.288842969537029,0.4262399879423484,0.014148072735677173
2023-03-16 00:00:00+05:30,319.5127119934485,320.9818481304396,316.3645973363221,320.2262878417969,16315136,0.0,0.0,0.8183172151222612,318.50537109375,4.617250794117467,0.3029815501853392,0.012941879787494974
2023-03-17 00:00:00+05:30,323.2065353391372,323.2065353391372,310.3202381474808,315.2732849121094,50787703,0.0,0.0,0.3738493018304481,320.2262878417969,12.88629719165641,0.7075017722851268,0.11023662165666646
2023-03-20 00:00:00+05:30,313.38439325220804,318.46333984958386,312.29303726156525,318.0016174316406,10512002,0.0,0.0,0.578249222034032,315.2732849121094,6.170302588018615,0.6258502307192243,0.06980351574372924
2023-03-21 00:00:00+05:30,318.0016258127998,318.0016258127998,314.01400849486106,316.44854736328125,12057999,0.0,0.0,0.4347863032630381,318.0016174316406,3.9876173179387138,0.5274356864683011,0.10581267593730294
2023-03-22 00:00:00+05:30,316.4485906178158,318.04365372668224,314.13997815169614,317.1202087402344,4958761,0.0,0.0,0.47977203729560153,316.44854736328125,3.903675574986096,0.3856154519921516,0.06807763865676082
2023-03-23 00:00:00+05:30,316.4905454279664,321.3176655373776,314.3078599013099,319.5547180175781,10127917,0.0,0.0,0.6689092642246871,317.1202087402344,7.009805636067711,0.36483387396085915,0.04747742951899081
2023-03-24 00:00:00+05:30,320.2682907617259,321.52753137601337,317.3300449243146,317.9176940917969,10317108,0.0,0.0,0.5074949474842083,319.5547180175781,4.197486451698751,0.2858608582616012,0.1356709234635494
2023-03-27 00:00:00+05:30,317.2880666567205,322.70283599148394,315.9448837369688,319.17694091796875,11232922,0.0,0.0,0.6043418093477103,317.9176940917969,6.757952254515146,0.2810349390452533,0.07585181567051591
2023-03-28 00:00:00+05:30,319.1769134417321,320.9818452666467,317.45595049665695,318.79913330078125,9523719,0.0,0.0,0.55497200786092,319.17694091796875,3.5258947699897476,0.1474488958837637,0.03942070353169636
2023-03-29 00:00:00+05:30,319.1769298348087,322.36702906761235,316.61646420259467,321.3176574707031,10551626,0.0,0.0,0.7639822739675909,318.79913330078125,5.7505648650176795,0.07440727888382191,0.10142544594701655
2023-03-31 00:00:00+05:30,320.6880250253946,322.78676822677375,319.00904642795757,321.947265625,9877493,0.0,0.0,0.8032398599254758,321.3176574707031,3.7777217988161738,-0.05942613491355496,0.08219156764724374
2023-04-03 00:00:00+05:30,322.3670265271102,322.3670265271102,317.7497755734311,318.0855712890625,7331070,0.0,0.0,0.3992657156359556,321.947265625,4.617250953679104,-0.057717689373465476,0.05597273065754125
2023-04-05 00:00:00+05:30,318.08554970913366,324.9274700950395,318.08554970913366,324.3818054199219,12055499,0.0,0.0,0.9074144733347586,318.0855712890625,6.841920385905837,-0.13541808998614083,0.02502063829413521
2023-04-06 00:00:00+05:30,324.5916417166447,327.65578708263934,322.5348567216529,325.1792907714844,13394394,0.0,0.0,0.9550062209819108,324.3818054199219,5.120930360986449,-0.1967034641786016,0.014363378866097126
2023-04-10 00:00:00+05:30,325.1793194769324,327.4039891947738,322.9966075913583,326.18670654296875,7044256,0.0,0.0,1.0215443807702727,325.1792907714844,4.407381603415502,-0.29735134599874774,0.07312570080810424
2023-04-11 00:00:00+05:30,326.18673389143686,334.2039264718616,325.7250114550278,332.44097900390625,18939829,0.0,0.0,1.4704834340528552,326.18670654296875,8.47891501683381,-0.27998284874341645,0.15398465303369957
2023-04-12 00:00:00+05:30,333.9101112023239,333.95209564371703,329.1669601754004,330.38421630859375,10122932,0.0,0.0,1.2352847669558757,332.44097900390625,4.785135468316639,-0.30359315124935987,0.09711230327494501
2023-04-13 00:00:00+05:30,332.02125181138524,332.9446967142466,330.51015773342004,332.1051940917969,6292395,0.0,0.0,1.35355774070365,330.38421630859375,2.560480405652868,-0.514634509111167,0.21786687592123263
2023-04-17 00:00:00+05:30,329.83850607836894,337.47791735432094,329.83850607836894,335.92486572265625,11466474,0.0,0.0,1.6311248485803709,332.1051940917969,7.639411275952,-0.48425916064243857,0.3688001195789562
2023-04-18 00:00:00+05:30,335.7990011265133,337.47797976938756,333.2804932530353,334.53973388671875,9860308,0.0,0.0,1.4514632661514444,335.92486572265625,4.197486516352285,-0.5452551850738486,0.3362675425347267
2023-04-19 00:00:00+05:30,332.48294902354615,336.932288639274,332.4409645834719,334.7496032714844,10119480,0.0,0.0,1.4337075531120154,334.53973388671875,4.491324055802124,-0.6167975002091863,0.31454605300553745
2023-04-20 00:00:00+05:30,335.79898884640755,338.0236587472074,333.8681302200744,336.05084228515625,6924577,0.0,0.0,1.5185215933556626,334.7496032714844,4.155528527132958,-0.7244669363205939,0.48864756160317174
2023-04-21 00:00:00+05:30,336.05081002487003,343.35442601689675,335.0014385348951,342.72479248046875,14801099,0.0,0.0,1.9652107183948981,336.05084228515625,8.352987482001652,-0.6958041179905569,0.5320684380629751
2023-04-24 00:00:00+05:30,344.1939561128873,344.1939561128873,339.32485178856473,343.10260009765625,6212135,0.0,0.0,1.9483074952305548,342.72479248046875,4.869104324322564,-0.7488297838480192,0.5885079900706964
2023-04-25 00:00:00+05:30,343.10259721867857,347.1741567634121,342.0112412126051,345.49517822265625,9180650,0.0,0.0,2.110072086871267,343.10260009765625,5.162915550806986,-0.8207228331278846,0.6035710877692256
2023-04-26 00:00:00+05:30,345.87295960977156,346.71246225078784,343.3964627370243,346.0828552246094,7914219,0.0,0.0,2.110915822277464,345.49517822265625,3.315999513763529,-0.961812591403443,0.5873607907208679
2023-04-27 00:00:00+05:30,346.04088799669665,350.40628598350224,345.03350074102445,349.2309875488281,13100076,0.0,0.0,2.334223237621854,346.0828552246094,5.372785242477789,-1.0277589250902197,0.6708637303348454
2023-04-28 00:00:00+05:30,350.9099245244589,359.51476613463143,347.30008736382564,357.2481384277344,13208557,0.0,0.0,2.763291656538776,349.2309875488281,12.21467877080579,-0.7973813721721601,0.7124902551508489
2023-05-02 00:00:00+05:30,357.6259320928701,358.4654081012991,353.59633018552336,356.32470703125,10648421,0.0,0.0,2.5838339122005336,357.2481384277344,4.869077915775733,-0.8327906685401981,0.6951804722286924
2023-05-03 00:00:00+05:30,355.94690082718654,359.7246490132277,354.3098801607166,358.59130859375,7607609,0.0,0.0,2.716484099370639,356.32470703125,5.414768852511088,-0.8934474838467189,0.6937512105598879
2023-05-04 00:00:00+05:30,357.0382717097041,358.46539684287774,355.9469156844678,356.45062255859375,8292456,0.0,0.0,2.3922313187932622,358.59130859375,2.644392909282203,-1.0289665902418925,0.6246221128092708
2023-05-05 00:00:00+05:30,357.58394314626037,362.57894772161086,356.2407602648026,359.9345397949219,12890455,0.0,0.0,2.6221242312871627,356.45062255859375,6.338187456808271,-1.048386430110643,0.7628182913024251
2023-05-08 00:00:00+05:30,361.82341831390767,363.88017710294014,360.4382509736069,362.201171875,7522610,0.0,0.0,2.759085912806674,359.9345397949219,3.945637308018263,-1.185008719488719,0.7440159746116064
2023-05-09 00:00:00+05:30,363.33451927997135,363.62833056708234,353.8481901134796,355.7790222167969,10377820,0.0,0.0,1.8541232509377281,362.201171875,9.780140453602769,-0.8223357999881873,0.5420097386310564
2023-05-10 00:00:00+05:30,355.9049628239586,357.9197638931349,354.43585311887716,357.08026123046875,10130159,0.0,0.0,1.9194258647591307,355.7790222167969,3.4839107742577653,-0.9747901880397384,0.5443809892556384
2023-05-11 00:00:00+05:30,358.67530870562666,358.80123542986723,351.66550301604906,352.92474365234375,16597954,0.0,0.0,1.431911900007146,357.08026123046875,7.135732413818175,-0.8095091429593437,0.3748095831602271
2023-05-12 00:00:00+05:30,352.92472088152385,354.855552851783,349.2728993263859,352.9667053222656,11564770,0.0,0.0,1.398555413632818,352.92474365234375,5.582653525397063,-0.8167943405345353,0.42902862788274726
2023-05-15 00:00:00+05:30,352.5889707827564,359.89258823167586,351.79145254826733,359.1370544433594,9503538,0.0,0.0,1.8071067131271081,352.9667053222656,8.101135683408529,-0.7952796795034627,0.47353126082549624
2023-05-16 00:00:00+05:30,360.98391120139394,360.98391120139394,355.5271841877558,355.9049377441406,8302077,0.0,0.0,1.4410350633234172,359.1370544433594,5.456727013638158,-0.7549536398445463,0.3536412451366071
2023-05-17 00:00:00+05:30,356.0728547961286,360.10243011105604,354.7716297300872,358.9691162109375,9844782,0.0,0.0,1.6494658331361718,355.9049377441406,5.33080038096881,-0.8410469023292702,0.4199134471634275
2023-05-18 00:00:00+05:30,360.9839237326619,363.040682567462,350.99391424061633,352.33709716796875,24919291,0.0,0.0,0.941949565417671,358.9691162109375,12.046768326845665,-0.34939059056406,0.27225503131863277
2023-05-19 00:00:00+05:30,353.3864269825235,355.19135875940754,345.3272505539115,352.4629821777344,26759905,0.0,0.0,0.9285529943019066,352.33709716796875,9.864108205496052,-0.13653213874758852,0.25876868194182007
2023-05-22 00:00:00+05:30,354.2259718716724,357.4160446310784,351.83339069600646,356.5765686035156,16015615,0.0,0.0,1.2187995592178762,352.4629821777344,5.58265393507196,-0.25397400543547827,0.22758713363909266
2023-05-23 00:00:00+05:30,357.6259471532527,361.99131836291735,356.11485302589,360.2703552246094,9068926,0.0,0.0,1.4697481955125218,356.5765686035156,5.876465337027355,-0.3452779795828794,0.2674955314623566
2023-05-24 00:00:00+05:30,359.5567521718216,364.9715212398601,358.4653961486987,363.9221496582031,11921823,0.0,0.0,1.7108371126132969,360.2703552246094,6.506125091161437,-0.39932159071280565,0.2815908602298467
2023-05-25 00:00:00+05:30,366.8184347059653,371.4356593216248,365.01350269777276,370.3443298339844,18905572,0.0,0.0,2.094853297567542,363.9221496582031,7.513509663421701,-0.4514025952527639,0.34040053367952855
2023-05-26 00:00:00+05:30,372.233150853127,373.3664913098744,368.95913601863043,372.40106201171875,13496209,0.0,0.0,2.2040433086779827,370.3443298339844,4.4073552912439595,-0.6035901707069837,0.33014309127063673
2023-05-29 00:00:00+05:30,373.57638433239805,379.2849650000539,372.8208239793013,377.018310546875,20589822,0.0,0.0,2.4788478183467095,372.40106201171875,6.883902988335137,-0.654791030010548,0.29604037448025033
2023-05-30 00:00:00+05:30,378.5340511282782,387.5038534045596,378.5340511282782,386.17340087890625,19627897,9.5,0.0,2.892904259893806,377.018310546875,10.485542857684607,-0.5822753053069727,0.3979100489494103
2023-05-31 00:00:00+05:30,385.65842153341305,387.97598863487576,379.7786896234105,382.39666748046875,14821960,0.0,0.0,2.43218427682219,386.17340087890625,8.197299011465248,-0.3990918186621992,0.31108436502505254
2023-06-01 00:00:00+05:30,383.6842413870993,383.6842413870993,376.81739465959294,377.4182434082031,9142172,0.0,0.0,1.8934642154057997,382.39666748046875,6.866846727506356,-0.2724903532477484,0.26420379931852067
2023-06-02 00:00:00+05:30,377.67572763758034,381.8816685853723,377.5040449197469,380.5941162109375,9558309,0.0,0.0,2.065671930035469,377.4182434082031,4.463425177169199,-0.46191847217084697,0.2613366532518795
2023-06-05 00:00:00+05:30,381.96745917563834,383.5554221471092,377.7615186370993,378.2336120605469,7427630,0.0,0.0,1.807595348087432,380.5941162109375,5.793903510009898,-0.44909793023554484,0.20256441003878542
2023-06-06 00:00:00+05:30,378.36241367322003,380.76580856133046,378.01907543259387,380.0791320800781,6703067,0.0,0.0,1.898094169544988,378.2336120605469,2.7467331287365937,-0.7183380567063308,0.32586655229679634
2023-06-07 00:00:00+05:30,381.109123419648,382.5254037767352,380.036181282122,381.06622314453125,7833952,0.0,0.0,1.925352913766371,380.0791320800781,2.489222494613159,-0.9830581297707705,0.32301458138120365
2023-06-08 00:00:00+05:30,382.568342319929,382.61126980001274,379.30658833417493,380.1649475097656,7294955,0.0,0.0,1.795917308724365,381.06622314453125,3.3046814658378025,-1.1466104425857124,0.3836521455081546
2023-06-09 00:00:00+05:30,373.5127150558858,381.7099867726844,373.5127150558858,376.34527587890625,7329661,0.0,0.0,1.3967485536748752,380.1649475097656,8.197271716798582,-0.9026118974126806,0.31263107591312905
2023-06-12 00:00:00+05:30,377.6757170059225,378.49114868429234,372.39683403052095,375.0577392578125,9054977,0.0,0.0,1.2517991573886704,376.34527587890625,6.0943146537713915,-0.8665429714750115,0.2277727010168124
2023-06-13 00:00:00+05:30,378.5340739069618,383.1691806856377,376.2165069157611,382.3108215332031,16732376,0.0,0.0,1.6892664905179924,375.0577392578125,8.111441427825184,-0.8808224098531591,0.3572310903692254
2023-06-14 00:00:00+05:30,383.0404382422464,384.3279634120257,380.8945538913721,381.538330078125,9039402,0.0,0.0,1.5808136504957109,382.3108215332031,3.4334095206536404,-1.0452850152937843,0.3150957496576565
2023-06-15 00:00:00+05:30,381.9674822471672,385.1863086570211,381.7528992605887,384.6283874511719,7787525,0.0,0.0,1.769184880751373,381.538330078125,3.6479785788960726,-1.2753905669435541,0.47428210282855854
2023-06-16 00:00:00+05:30,385.40090157093005,391.0660503441356,384.4567146426835,388.920166015625,12181426,0.0,0.0,2.0294934319176936,384.6283874511719,6.609335701452096,-1.3121052302186604,0.5045945031537447
2023-06-19 00:00:00+05:30,390.33641853689426,391.32353287456976,388.1905343616058,389.34930419921875,4350517,0.0,0.0,2.010634934058323,388.920166015625,3.1329985129639795,-1.5163381897877566,0.47797350063713656
2023-06-20 00:00:00+05:30,390.3793606443439,390.3793606443439,386.3880297965198,388.7055969238281,4644353,0.0,0.0,1.8984276374560074,389.34930419921875,3.991330847824088,-1.6291294464855162,0.4340202699240646
2023-06-21 00:00:00+05:30,387.975980209531,389.8643540714859,382.01042067086826,383.72711181640625,6292873,0.0,0.0,1.3578737709680517,388.7055969238281,7.8539334006176205,-1.3523120600149414,0.29629242400238504
2023-06-22 00:00:00+05:30,384.5425372089923,385.95884478597384,382.697090857317,384.24212646484375,6892713,0.0,0.0,1.3652696273619571,383.72711181640625,3.2617539286568444,-1.5474248879215176,0.22807405897533622
2023-06-23 00:00:00+05:30,384.1133971354511,384.2421523784055,379.9933109720935,381.7529296875,6325479,0.0,0.0,1.1066240030851142,384.24212646484375,4.2488414063119535,-1.5916786567770362,0.15239016879970402
2023-06-26 00:00:00+05:30,383.5983435096489,387.4609460620195,381.10912103063964,382.5683288574219,5688287,0.0,0.0,1.146851224707491,381.7529296875,6.35182503137986,-1.5453075047351086,0.09641127589360264
2023-06-27 00:00:00+05:30,382.9116733684778,383.8558602828028,380.3795233692762,382.0533142089844,5052984,0.0,0.0,1.072034490280683,382.5683288574219,3.476336913526552,-1.6928012216134438,0.0842105854078731
2023-06-28 00:00:00+05:30,381.96750739402796,386.7742971877239,381.5383413926168,385.70135498046875,12548096,0.0,0.0,1.3384731162437766,382.0533142089844,5.235955795107088,-1.7865673904843424,0.06772274998592862
2023-06-30 00:00:00+05:30,386.2592493189664,387.93304013384915,383.34083366071934,387.63262939453125,9456776,0.0,0.0,1.4690064361132378,385.70135498046875,4.5922064731298065,-1.8873500592612267,0.22326452281673304
2023-07-03 00:00:00+05:30,387.6326288913875,399.9499860582149,386.3021762961916,397.6324462890625,11111199,0.0,0.0,2.0070194143110007,387.63262939453125,13.647809762023314,-1.4703313650482772,0.32408222212418764
2023-07-04 00:00:00+05:30,399.1345650454297,401.70964255111215,394.67114089487524,400.2933349609375,8022597,0.0,0.0,2.1556270973420424,397.6324462890625,7.038501656236917,-1.432319494791629,0.41720925480970406
2023-07-05 00:00:00+05:30,400.29332954380067,412.5678138010311,398.53371095448574,407.8039245605469,16878943,0.0,0.0,2.544830628605436,400.2933349609375,14.034102846545352,-1.0123244210661075,0.47360787895469975
2023-07-06 00:00:00+05:30,409.73521112545217,409.7781386030594,403.8555068794989,406.7738952636719,9835812,0.0,0.0,2.38041984871824,407.8039245605469,5.922631723560528,-1.0123550021815313,0.438828608206473
2023-07-07 00:00:00+05:30,406.0013780885266,408.1472622331097,401.36624439695015,402.0529479980469,7605499,0.0,0.0,1.8577179321654584,406.7738952636719,6.781017836159549,-0.8721363842552158,0.3507570933795776
2023-07-10 00:00:00+05:30,403.42633094153337,404.1988623491033,398.0186926997213,399.8641662597656,6772454,0.0,0.0,1.6218402305521307,402.0529479980469,6.18016964938198,-0.8298794553087028,0.3870067235693521
2023-07-11 00:00:00+05:30,399.9929153943561,407.3318276357208,399.9929153943561,406.1301574707031,8783282,0.0,0.0,1.978337857893103,399.8641662597656,7.467661375955174,-0.8827424732779617,0.4725862815602972
2023-07-12 00:00:00+05:30,410.0785810019085,410.0785810019085,403.81261058479845,405.40057373046875,12816220,0.0,0.0,1.8649170198592613,406.1301574707031,6.265970417110054,-0.8692793962357399,0.3898568833812106
2023-07-13 00:00:00+05:30,406.7739298418112,409.22025219887996,404.28470720721316,405.14306640625,8214385,0.0,0.0,1.7938275599153235,405.40057373046875,4.935544991666802,-0.9580693420503931,0.40204797671336123
2023-07-14 00:00:00+05:30,406.00144334517023,407.7181346145263,404.58513564282515,405.91558837890625,5277090,0.0,0.0,1.8084205869255123,405.14306640625,3.13299897170117,-1.1927545984933268,0.3774747566032743
2023-07-17 00:00:00+05:30,407.28892444643,408.4047668496178,403.9413428294161,405.4434509277344,6325310,0.0,0.0,1.7196330917842106,405.91558837890625,4.463424020201671,-1.2951190858036807,0.3142858469641799
2023-07-18 00:00:00+05:30,405.61513206815613,407.0314124077616,404.28467948145015,405.57220458984375,5558415,0.0,0.0,1.6851046099485392,405.4434509277344,2.746732926311438,-1.5303117196501028,0.3103454717835909
2023-07-19 00:00:00+05:30,405.7868136998256,412.3961495805734,401.7954828864581,411.0227966308594,14401395,0.0,0.0,2.0239866374470195,405.57220458984375,10.600666694115318,-1.2930212065505744,0.39097719437814904
2023-07-20 00:00:00+05:30,411.92400513868716,423.76929528119314,408.8339341804201,422.4388427734375,21030102,0.0,0.0,2.503328245555196,411.0227966308594,14.935361100773036,-0.9169721448048425,0.6094595750282747
2023-07-21 00:00:00+05:30,422.1384452121807,427.2027452802702,418.01835927513474,420.97967529296875,14510084,0.0,0.0,2.3097046455962125,422.4388427734375,9.18438600513548,-0.7080651943082285,0.5699076835676751
2023-07-24 00:00:00+05:30,423.55470269148583,428.9194404210098,401.8383501304543,404.5850830078125,40477929,0.0,0.0,0.7837510943266739,420.97967529296875,27.08109029055555,0.8887707280191871,0.29134656722555563
2023-07-25 00:00:00+05:30,401.62380976171266,402.1388307320241,390.89438757174213,396.8170471191406,45211370,0.0,0.0,0.31034450958932286,404.5850830078125,13.69069543607037,1.3845211304640461,0.16700264971156487
2023-07-26 00:00:00+05:30,399.04873776734865,406.0014116761696,396.60241549420846,405.3576354980469,18842179,0.0,0.0,0.7327091120523013,396.8170471191406,9.398996181961138,1.2634411465080693,0.24965557915990738
2023-07-27 00:00:00+05:30,407.203106248586,407.8468552185177,395.78698105932125,399.177490234375,14528232,0.0,0.0,0.37365516105212915,405.3576354980469,12.059874159196454,1.5957807898518455,0.1405550445136915
2023-07-28 00:00:00+05:30,401.45213724855495,402.95424541008026,397.7612172595792,402.09588623046875,10362522,0.0,0.0,0.5167550013268891,399.177490234375,5.19302815050105,1.3567354220483165,0.149313374979049
2023-07-31 00:00:00+05:30,402.5679733624371,403.16882205833537,397.847038754469,399.73541259765625,8510403,0.0,0.0,0.37417169173191506,402.09588623046875,5.321783303866368,1.2462618743604144,0.023569046601111587
2023-08-01 00:00:00+05:30,399.99293585258584,402.4392309902516,398.1045619490417,398.9629211425781,6686176,0.0,0.0,0.3218864261378097,399.73541259765625,4.3346690412099065,1.0543359491080087,0.015233041601106409
2023-08-02 00:00:00+05:30,398.79125281075716,398.96293553714946,393.1261036919994,394.92864990234375,10715605,0.0,0.0,0.08265987634038244,398.9629211425781,5.836831845150073,1.0241051084339023,0.1535310388546554
2023-08-03 00:00:00+05:30,394.9286414415927,398.0616403022425,389.9501961313322,391.45233154296875,11026824,0.0,0.0,-0.12025035427806673,394.92864990234375,8.111444170910318,1.1135909820695673,0.17752329375107626
2023-08-04 00:00:00+05:30,391.6668842384768,396.0444804861132,389.9072384807844,390.5080871582031,7097614,0.0,0.0,-0.17319390886948355,391.45233154296875,6.137242005328801,1.0366350341185742,0.13988575502410178
2023-08-07 00:00:00+05:30,389.77853349008217,391.8814903834742,387.07470068003323,390.4652099609375,9513953,0.0,0.0,-0.17152523754942914,390.5080871582031,4.806789703440984,0.869790714278667,0.11692464105613909
2023-08-08 00:00:00+05:30,392.26772486350313,392.26772486350313,387.1604976084215,388.2763671875,6638681,0.0,0.0,-0.3030424608052291,390.4652099609375,5.107227255081625,0.7747097601518396,0.23397136591977355
2023-08-09 00:00:00+05:30,388.2763827929899,394.75696314088793,383.5983485127932,393.68402099609375,10134166,0.0,0.0,0.04713893408186809,388.2763671875,11.15861462809471,0.8657486023086093,0.14467441774583625
2023-08-10 00:00:00+05:30,393.89862551816555,394.2419637588224,385.4009156497953,387.7613830566406,13702317,0.0,0.0,-0.3177776489977595,393.68402099609375,8.8410481090271,1.058306199606973,0.20059463832331997
2023-08-11 00:00:00+05:30,389.6068336069002,389.6068336069002,381.75290040770386,385.1863098144531,12028396,0.0,0.0,-0.4706214681920509,387.7613830566406,7.8539331991963195,1.1179030653563014,0.2343526981247492
2023-08-14 00:00:00+05:30,385.18630510626537,387.3321893597199,382.01040620449373,385.57257080078125,7854074,0.0,0.0,-0.43370210440318974,385.1863098144531,5.321783155226171,0.9701826530351925,0.2248664796028491
2023-08-16 00:00:00+05:30,387.1176226200887,392.61108871575766,384.71422780276777,386.4738464355469,15494896,0.0,0.0,-0.3626161605914,385.57257080078125,7.896860912989894,0.9633470711143131,0.21425130754185553
2023-08-17 00:00:00+05:30,386.25926638958845,386.25926638958845,377.6757289500683,378.5340881347656,16896158,0.0,0.0,-0.8413763405815683,386.4738464355469,8.798117485478599,1.2004823714862434,0.35456738775368823
2023-08-18 00:00:00+05:30,378.53405879533585,380.55118776098124,376.38817460177904,379.09197998046875,20068497,0.0,0.0,-0.7822819518143782,378.5340881347656,4.163013159202194,0.98476895622046,0.5366637145672505
2023-08-21 00:00:00+05:30,379.3924953458722,384.97178994708486,378.8345468431399,384.3709411621094,9940689,0.0,0.0,-0.39137793140000154,379.09197998046875,6.137243103944968,0.7853671752909901,0.4327744689417365
2023-08-22 00:00:00+05:30,385.400905386339,390.67978850377847,383.6842142287713,389.9072570800781,10234488,0.0,0.0,-0.017028130881562017,384.3709411621094,6.995574275007186,0.6352183570107673,0.19906856887660815
2023-08-23 00:00:00+05:30,391.0660006259484,391.1089008966797,385.0575143885174,386.6454772949219,8770272,0.0,0.0,-0.2257449407129296,389.9072570800781,6.051386508162295,0.6246610860227758,0.14693225110496091
2023-08-24 00:00:00+05:30,386.7742583423534,389.26348074873505,385.65838876553767,387.0317687988281,6322751,0.0,0.0,-0.19459269827854836,386.6454772949219,3.605091983197383,0.39189060584662333,0.30007005775517365
2023-08-25 00:00:00+05:30,387.03172683253194,387.1175545741423,379.4352780051168,380.5511474609375,9628041,0.0,0.0,-0.6043410412800063,387.0317687988281,7.6822765690254755,0.5650056221611046,0.3034968762617774
2023-08-28 00:00:00+05:30,381.9674512978794,383.55541423659986,378.53404217964237,378.87738037109375,7176903,0.0,0.0,-0.7013867998138341,380.5511474609375,5.021372056957489,0.4691775493678285,0.3861525437148652
2023-08-29 00:00:00+05:30,380.2078578243325,381.1091172355908,376.9890314639849,377.76153564453125,9845106,0.0,0.0,-0.7612360633068266,378.87738037109375,4.120085771605943,0.30967777530939766,0.3731774920134088
2023-08-30 00:00:00+05:30,378.5340963953967,381.1091468019567,378.1049031918186,380.0791320800781,7648569,0.0,0.0,-0.5718530259437362,377.76153564453125,3.3476111574254332,0.02770686233166245,0.3124991793401794
2023-08-31 00:00:00+05:30,380.2508044214819,381.88169514126866,374.32817190213024,377.4182434082031,20666732,0.0,0.0,-0.7448204673383808,380.0791320800781,7.553523239138428,0.13788793655060966,0.29651063944135503
2023-09-01 00:00:00+05:30,377.67570592546565,381.9674743835826,376.21649812081193,378.57696533203125,11879159,0.0,0.0,-0.6386821866926392,377.4182434082031,5.750976262770678,0.04255875939471645,0.22692946522315358
2023-09-04 00:00:00+05:30,380.5511879537414,380.5511879537414,374.8002117832023,375.5298156738281,14128562,0.0,0.0,-0.8445265788135001,378.57696533203125,5.750976170539104,0.047181400886485134,0.2545584302693462
2023-09-05 00:00:00+05:30,376.73154710205716,381.5383368383768,376.388208864281,380.3366394042969,8701612,0.0,0.0,-0.438342952423291,375.5298156738281,6.008521164548654,-0.10917016803325363,0.15924384686358814
2023-09-06 00:00:00+05:30,381.0662183857372,384.97172118866524,379.39242758395017,384.0704345703125,13358433,0.0,0.0,-0.14640730971089078,380.3366394042969,5.579293604715076,-0.2663594367969463,0.06455855941945077
2023-09-07 00:00:00+05:30,385.229212574637,385.40086807191096,381.62412068719937,382.739990234375,8401953,0.0,0.0,-0.24128122340548588,384.0704345703125,3.776747384711598,-0.4268203288662325,0.17919912212847866
2023-09-08 00:00:00+05:30,384.456699370507,384.456699370507,379.26367147143907,379.9503479003906,10322317,0.0,0.0,-0.44436666422113114,382.739990234375,5.193027899067943,-0.451531071046345,0.13481503174541307
2023-09-11 00:00:00+05:30,382.8258507954172,384.6283968936341,379.950362534242,383.8558654785156,9679540,0.0,0.0,-0.12706861431984895,379.9503479003906,4.678048993243465,-0.6628325180920996,0.022447426495954458
2023-09-12 00:00:00+05:30,385.3150367400489,389.95014317919737,382.4824762278565,387.246337890625,14961276,0.0,0.0,0.1340655737305302,383.8558654785156,7.467666951340846,-0.6636883539447784,0.026877652432151643
2023-09-13 00:00:00+05:30,388.14764959981886,392.26776290387056,387.20346263508355,389.2635192871094,12268130,0.0,0.0,0.2841827277298582,387.246337890625,5.064300268787008,-0.8067095836406089,0.04400846161030568
2023-09-14 00:00:00+05:30,391.32350489937807,391.32350489937807,383.8129108227906,386.2162780761719,14986708,0.0,0.0,0.03750263833672588,389.2635192871094,7.510594076587438,-0.6598943965026928,0.13132633705267244
2023-09-15 00:00:00+05:30,384.5854460868818,388.06178283660665,383.68418669430196,384.84295654296875,15657801,0.0,0.0,-0.07256155034410687,386.2162780761719,4.3775961423046965,-0.7740749181056799,0.09696081599219572
2023-09-18 00:00:00+05:30,384.8429610100351,389.6926506435505,382.9974875224736,388.01885986328125,8513132,0.0,0.0,0.18402119317450288,384.84295654296875,6.6951631210769165,-0.8224539901452114,0.06376441280569284
2023-09-20 00:00:00+05:30,387.7184701849169,390.6368587375678,385.8729965971384,388.7914123535156,10343224,0.0,0.0,0.2422341691055028,388.01885986328125,4.76386214042941,-0.9548531877352926,0.021276249086431706
2023-09-21 00:00:00+05:30,388.66265188899587,389.3064008592601,381.53832251422546,384.1133728027344,11132308,0.0,0.0,-0.15014409839416087,388.7914123535156,7.768078345034667,-0.7367897992285986,0.04701112329909617
2023-09-22 00:00:00+05:30,384.1133872235612,384.88591866135266,379.607035447625,380.3366394042969,7795399,0.0,0.0,-0.4515939455372251,384.1133728027344,5.278883213727681,-0.7251553687958551,0.11694087872233137
2023-09-25 00:00:00+05:30,380.3365722746531,381.79575272672366,376.2593872146311,379.9073791503906,6005673,0.0,0.0,-0.4765721089254773,380.3366394042969,5.536365512092573,-0.7686103847613039,0.012573379482414255
2023-09-26 00:00:00+05:30,380.7657703509308,381.5383017176104,377.4181888361012,379.7786560058594,5533023,0.0,0.0,-0.47590706049579307,379.9073791503906,4.120112881509215,-0.9208311851271727,0.01815044099309026
2023-09-27 00:00:00+05:30,379.7786564006256,386.08755375350273,376.6456850646556,385.5296325683594,10894817,0.0,0.0,0.0389834620498692,379.7786560058594,9.441868688847137,-0.8117651232493804,0.1430826298041548
2023-09-28 00:00:00+05:30,386.21635310270807,386.21635310270807,377.33240458410353,378.31951904296875,10610213,0.0,0.0,-0.5249750402877766,385.5296325683594,8.88394851860454,-0.4471355143498966,0.0297314787361582
2023-09-29 00:00:00+05:30,379.39245469202604,382.4825260540032,376.98905980966003,381.4524841308594,8474326,0.0,0.0,-0.2563697459138954,378.31951904296875,5.4934662443431534,-0.5834090241297687,0.06762554008248439
2023-10-03 00:00:00+05:30,378.5340933176777,380.1649567483239,377.0319579229584,377.4611511230469,7770032,0.0,0.0,-0.558677359989191,381.4524841308594,4.420526207900991,-0.621473977222573,0.017856401575883724
2023-10-04 00:00:00+05:30,377.46112359689323,379.13491438660606,371.9247303066969,374.328125,13912656,0.0,0.0,-0.7901602582865216,377.4611511230469,7.210184079909141,-0.47058100396799796,0.01920429256930386
2023-10-05 00:00:00+05:30,377.6757265216054,378.1048925093312,373.4268853097046,374.28521728515625,10416552,0.0,0.0,-0.7739532468813567,374.328125,4.67800719962662,-0.5823782386743744,0.1046775021999944
2023-10-06 00:00:00+05:30,375.83025915097494,380.76580411020035,374.80024444113724,379.52117919921875,8742804,0.0,0.0,-0.29643590641747064,374.28521728515625,6.480586825044099,-0.6831624727367923,0.07670001121661128
2023-10-09 00:00:00+05:30,378.49117772859574,380.42247918035736,375.3152785260447,378.06201171875,5827256,0.0,0.0,-0.4069359534502122,379.52117919921875,5.107200654312635,-0.7239790441588975,0.0786994728314108
2023-10-10 00:00:00+05:30,378.0620020104501,381.8387498520383,378.0620020104501,381.4524841308594,5207891,0.0,0.0,-0.11250955759521525,378.06201171875,3.7767478415881897,-0.9771023435089204,0.025018145296556153
2023-10-11 00:00:00+05:30,383.85585448811497,385.7871557668888,381.7957979771746,384.75714111328125,7946195,0.0,0.0,0.16022236853487856,381.4524841308594,4.334671636029441,-1.1771310454456339,0.015162522339730245
2023-10-12 00:00:00+05:30,385.9588175317672,388.40511240272207,382.9545742837949,386.8600769042969,12227957,0.0,0.0,0.3275886188524663,384.75714111328125,5.45053811892717,-1.2564604714514394,0.00664209662920287
2023-10-13 00:00:00+05:30,386.130481619679,387.8042723805197,383.68418669430196,384.84295654296875,7926432,0.0,0.0,0.14870346824392036,386.8600769042969,4.120085686217749,-1.3388301475058701,0.0760155355009076
2023-10-16 00:00:00+05:30,384.5425428121438,387.11762033136023,382.9975071821044,385.3580017089844,4377288,0.0,0.0,0.18905458025488556,384.84295654296875,4.120113149255815,-1.4742092915269032,0.015430737256089665
2023-10-17 00:00:00+05:30,386.08758228347983,390.12186771668456,385.40090581968064,389.2205810546875,7203352,0.0,0.0,0.5079173485180939,385.3580017089844,4.763866007700187,-1.6286671911620565,0.07533279696496731
2023-10-18 00:00:00+05:30,389.90721847754884,393.29772738412527,387.11758542128985,387.6755065917969,7160492,0.0,0.0,0.3588546153001782,389.2205810546875,6.180141962835421,-1.5402117558333235,0.006079239217063583
2023-10-19 00:00:00+05:30,386.0446484022732,390.46517195923667,383.555426034889,386.6025695800781,9830006,0.0,0.0,0.25388196821883846,387.6755065917969,6.9097459243476465,-1.4096479633568466,0.038549518211642896
2023-10-20 00:00:00+05:30,381.9674678638267,385.40087713097085,375.40106005869103,376.21649169921875,13521824,0.0,0.0,-0.5850934826013124,386.6025695800781,11.201509521387095,-0.744186428523799,0.12637422476654478
2023-10-23 00:00:00+05:30,375.9590097457904,377.632800630929,371.7530959964487,374.1564636230469,7555671,0.0,0.0,-0.7305487895119777,376.21649169921875,5.879704634480333,-0.7026517878635427,0.10169552807232861
2023-10-25 00:00:00+05:30,375.01479042048845,375.95897727890315,366.5600089677685,371.4096984863281,11308597,0.0,0.0,-0.9279478132446,374.1564636230469,9.398968311134638,-0.38575082511394704,0.13469382226831572
2023-10-26 00:00:00+05:30,368.7059364802493,374.75732402155757,368.7059364802493,372.8260498046875,19525305,0.0,0.0,-0.782440839323646,371.4096984863281,6.051387541308259,-0.4280082462846812,0.10799914102420065
2023-10-27 00:00:00+05:30,372.82605613147643,374.9290131074379,370.9805824394003,372.31103515625,13638258,0.0,0.0,-0.8065273354066641,372.8260498046875,3.948430668037645,-0.5774506715907213,0.22351163646327474
2023-10-30 00:00:00+05:30,372.9976610489118,375.22937296590027,367.67587810725513,369.4784240722656,7911426,0.0,0.0,-1.021793073042742,372.31103515625,7.553494858645138,-0.39712969741475296,0.16144276181055742
2023-10-31 00:00:00+05:30,369.09216053859353,371.9676486039867,367.2896145631058,367.7187805175781,8952141,0.0,0.0,-1.1493777319986473,369.4784240722656,4.6780340408809025,-0.46053747696851544,0.25723503178669704
2023-11-01 00:00:00+05:30,369.09219766402157,370.03638462181203,365.22959487034984,367.4613342285156,8297973,0.0,0.0,-1.1440589301716533,367.7187805175781,4.8067897514621905,-0.5471338234025352,0.20138256381512878
2023-11-02 00:00:00+05:30,369.1350977801737,371.4097100435163,367.9334004313936,370.07928466796875,8465990,0.0,0.0,-0.8536671729420998,367.4613342285156,3.948375815000702,-0.7647597836865571,0.08646267273779626
2023-11-03 00:00:00+05:30,371.4955364442799,372.8688891923358,370.03632874667824,371.88177490234375,14334179,0.0,0.0,-0.6585215879777677,370.07928466796875,2.8325604456575775,-1.041981367021491,0.04721860157251445
2023-11-06 00:00:00+05:30,372.0964512103112,374.9290121594388,371.2810194707497,373.68438720703125,7589690,0.0,0.0,-0.4690843953915186,371.88177490234375,3.6479926886891008,-1.2448229484604334,0.12296531177229236
2023-11-07 00:00:00+05:30,373.29809940688176,373.29809940688176,370.9376050571208,371.4096984863281,5321353,0.0,0.0,-0.6672493192155793,373.68438720703125,2.746782149910473,-1.413822668654588,0.1377789688652132
2023-11-08 00:00:00+05:30,371.79598534060756,375.5298327139069,371.0663814168752,375.0577392578125,7248663,0.0,0.0,-0.2891478101287271,371.4096984863281,4.463451297031725,-1.574854036077905,0.13174156791220204
2023-11-09 00:00:00+05:30,375.7873426930893,375.958998202141,372.43976102559816,372.8689270019531,8085620,0.0,0.0,-0.48551533286950416,375.0577392578125,3.5192371765428447,-1.6680958292306798,0.2506780901121431
2023-11-10 00:00:00+05:30,372.86894287880256,375.9590142105664,371.23807945474016,374.71441650390625,4236307,0.0,0.0,-0.2922772579261473,372.8689270019531,4.720934755826249,-1.74903865744684,0.2575045565978955
2023-11-13 00:00:00+05:30,376.3023082293606,376.3023082293606,373.3839199606116,374.2422790527344,3888975,0.0,0.0,-0.3311805577740002,374.71441650390625,2.918388268749027,-1.918345603795646,0.2323599353818059
2023-11-15 00:00:00+05:30,376.0448937943898,379.8216418463372,375.529872804132,379.34954833984375,7722827,0.0,0.0,0.17451387591592854,374.2422790527344,5.579362793602797,-1.9830943347973238,0.11965688857447948
2023-11-16 00:00:00+05:30,379.349497918328,381.5383096322674,375.61565064270343,376.5169372558594,11276031,0.0,0.0,-0.0984819532692567,379.34954833984375,5.922658989563956,-1.8400558277391712,0.25828786787312236
2023-11-17 00:00:00+05:30,377.0319519042969,378.96325326454786,376.2165202019907,377.0319519042969,6911592,0.0,0.0,-0.04637632306791612,376.5169372558594,2.746733062557155,-2.0347293898301975,0.22103161777287678
2023-11-20 00:00:00+05:30,377.54696335478775,377.93322905786397,372.9547840084122,374.9289855957031,4502356,0.0,0.0,-0.25069951042445715,377.0319519042969,4.97844504945175,-1.9760009028532746,0.23734505125764582
2023-11-21 00:00:00+05:30,375.22938283673597,377.07485632698126,373.81310251348316,374.4568786621094,6228803,0.0,0.0,-0.2919849178778194,374.9289855957031,3.2617538134981032,-2.0937406192654695,0.04480801615789854
2023-11-22 00:00:00+05:30,375.10070338051264,378.0190921568133,373.21230216793174,377.4182434082031,5074887,0.0,0.0,0.019548572184045307,374.4568786621094,4.806789988881576,-2.149964017120188,0.0811965941826403
2023-11-23 00:00:00+05:30,378.4911561994082,379.6070258467537,376.17361635210193,377.97613525390625,6611803,0.0,0.0,0.07616938144789132,377.4182434082031,3.4334094946517553,-2.262611023800606,0.17288052250863925
2023-11-24 00:00:00+05:30,378.5340865730886,379.6070287486021,374.971921814831,375.787353515625,7084608,0.0,0.0,-0.15388376564100076,377.97613525390625,4.635106933771112,-2.2090599855761557,0.07641099217117271
2023-11-28 00:00:00+05:30,375.95897789207413,376.8173370021395,373.2981000157129,373.5985107421875,9082513,0.0,0.0,-0.37953684945657257,375.787353515625,3.519236986426563,-2.246445012470144,0.03184552790295674
2023-11-29 00:00:00+05:30,374.24235458855776,376.38823915012097,372.65439130780766,375.2723693847656,14316126,0.0,0.0,-0.18677851713101998,373.5985107421875,3.7338478423133097,-2.341055728710942,0.14754118744171588
2023-11-30 00:00:00+05:30,374.8431490638451,376.34525715789107,372.95477527576713,374.07061767578125,15710110,0.0,0.0,-0.3132006334667975,375.2723693847656,3.390481882123936,-2.3959416429711324,0.16407874064164588
2023-12-01 00:00:00+05:30,375.87318455434155,387.074699876353,375.4440185618797,386.08758544921875,20081576,0.0,0.0,0.7428523287594486,374.07061767578125,13.004082200571759,-1.958916477689242,0.3690438399980651
2023-12-04 00:00:00+05:30,390.55102739116836,391.752724785251,387.1176179239576,389.735595703125,13293194,0.0,0.0,1.002100484333088,386.08758544921875,5.665139336032269,-1.970318435333333,0.38166327725395943
2023-12-05 00:00:00+05:30,390.55104366710236,392.95443855542743,386.3451026125334,387.7613830566406,12603697,0.0,0.0,0.8083136802442319,389.735595703125,6.609335942894006,-1.8039031947079345,0.30730701881310035
2023-12-06 00:00:00+05:30,389.60683044302573,398.70538842019147,388.061794862349,397.6324462890625,21203900,0.0,0.0,1.4011581724913882,387.7613830566406,10.944005363550843,-1.5745439524998894,0.4008587970507074
2023-12-07 00:00:00+05:30,398.9199628127044,398.962890290366,392.6110653938614,393.2119140625,11746535,0.0,0.0,1.0059116260105962,397.6324462890625,6.351824896504581,-1.4200817157500198,0.3522865848396671
2023-12-08 00:00:00+05:30,394.7998457558044,396.216153262856,384.97171138321596,385.5296325683594,19386851,0.0,0.0,0.384085285716135,393.2119140625,11.244441879640021,-0.8819117634866666,0.1588528658678571
2023-12-11 00:00:00+05:30,387.5467814518858,389.3493275315955,385.65840761706403,388.3622131347656,6854157,0.0,0.0,0.5665079713346761,385.5296325683594,3.819694963236145,-1.067636741084405,0.23275167268316074
2023-12-12 00:00:00+05:30,389.86435294387155,394.8427980571218,388.27638983558137,388.920166015625,10549319,0.0,0.0,0.5916738179605985,388.3622131347656,6.566408221540428,-1.0204160362833155,0.21761859080445584
2023-12-13 00:00:00+05:30,391.66692673487756,393.8557114943193,388.92019351204266,391.1089782714844,11718443,0.0,0.0,0.731107150152921,388.920166015625,4.93554547869428,-1.1151692266196878,0.25176104456454007
2023-12-14 00:00:00+05:30,394.8428221410115,395.7011813655176,385.7871908104874,394.92864990234375,14924265,0.0,0.0,0.9766191235301284,391.1089782714844,9.913990555030182,-0.9154385188752591,0.23709857804761145
2023-12-15 00:00:00+05:30,396.4736590030865,397.3749456496042,390.5510269980168,393.2977600097656,16397959,0.0,0.0,0.8271711075857388,394.92864990234375,6.8239186515873484,-0.8278773594143468,0.2601453930940646
2023-12-18 00:00:00+05:30,390.5509946002291,391.4093536958949,386.559637047059,387.6755065917969,12490839,0.0,0.0,0.3642853396725649,393.2977600097656,6.738122962706598,-0.672705830077883,0.15289653285823507
2023-12-19 00:00:00+05:30,389.1347414653695,393.1260720931,388.0188718428308,391.4952087402344,10664235,0.0,0.0,0.6253806740591911,387.6755065917969,5.450565501303117,-0.7862882930799877,0.232249159937467
2023-12-20 00:00:00+05:30,393.98446468305417,394.1990476892109,385.65843729584157,387.1176452636719,10766954,0.0,0.0,0.2766866095971529,391.4952087402344,8.54061039336932,-0.5417546564961007,0.1682829675901513
2023-12-21 00:00:00+05:30,385.40086138181516,389.4780466215667,381.4953588400811,387.50384521484375,11584223,0.0,0.0,0.29846023681392414,387.1176452636719,7.982687781485595,-0.43509940115226864,0.13880576265363304
2023-12-22 00:00:00+05:30,388.834316199954,391.32356599323725,386.73135932353364,390.72271728515625,11450973,0.0,0.0,0.5277025502176651,387.50384521484375,4.592206669703614,-0.5982199430633214,0.16923056976344672
2023-12-26 00:00:00+05:30,391.45228557791097,393.8985804641823,390.29348854404384,391.7956237792969,6097422,0.0,0.0,0.5959027917655034,390.72271728515625,3.6050919201384772,-0.7768461508985401,0.2157305616547819
2023-12-27 00:00:00+05:30,392.26771839290313,393.55524345292497,389.4780580930857,392.3535461425781,7833901,0.0,0.0,0.6245878739267736,391.7956237792969,4.077185359839291,-0.9078403917725653,0.2584263520744458
2023-12-28 00:00:00+05:30,392.4394013307172,398.8770542846564,391.4952144071042,398.362060546875,21493169,0.0,0.0,1.0348532581888923,392.3535461425781,7.381839877552238,-0.9253065060607951,0.30022224929299646
2023-12-29 00:00:00+05:30,398.36204296714664,401.6237695761511,396.0015485585568,396.64532470703125,13384631,0.0,0.0,0.8697785408434504,398.362060546875,5.622221017594313,-0.9103612871719547,0.2915738083056565
2024-01-01 00:00:00+05:30,397.8469999013358,403.3833928588462,397.117396041588,401.75250244140625,9706230,0.0,0.0,1.2090192649925733,396.64532470703125,6.738068151814957,-0.9528628129450372,0.22215374548060718
2024-01-02 00:00:00+05:30,403.4263381690342,404.5851080974229,397.93287207365034,403.7267761230469,10924918,0.0,0.0,1.3281252870042572,401.75250244140625,6.652236023772559,-0.9434290568328721,0.20324166697329007
2024-01-03 00:00:00+05:30,403.6409269336043,412.6107301461247,402.86842270487585,409.6494140625,24961710,0.0,0.0,1.69184870871864,403.7267761230469,9.74230744124884,-0.8209379250373494,0.3007070878587585
2024-01-04 00:00:00+05:30,412.00987104917436,413.25449592440776,407.03142595569284,408.9197998046875,12240910,0.0,0.0,1.5865196151340275,409.6494140625,6.223069968714924,-0.8036502872471251,0.1773427925362056
2024-01-05 00:00:00+05:30,411.49486773368767,411.49486773368767,405.14304267730904,406.81683349609375,9564086,0.0,0.0,1.3626981479942828,408.9197998046875,6.35182505637863,-0.7530098677387408,0.22183309896369807
2024-01-08 00:00:00+05:30,407.71812631002143,408.1473195214147,398.74832279775234,399.56378173828125,8311403,0.0,0.0,0.6809101691223833,406.81683349609375,9.398996723662378,-0.42666277071536635,0.2304446674928254
2024-01-09 00:00:00+05:30,401.2804102773474,403.3833941160344,397.9757563641979,398.7482604980469,5916180,0.0,0.0,0.6013263933553048,399.56378173828125,5.407637751836546,-0.468049529982636,0.17638376230768193
2024-01-10 00:00:00+05:30,398.74829615510856,400.63669719235435,394.8857207330158,397.67535400390625,6123200,0.0,0.0,0.5020469644405083,398.7482604980469,5.750976459338574,-0.4807860490465493,0.1473982202675764
2024-01-11 00:00:00+05:30,398.36208711528,400.4650440938136,395.78700943972615,397.1174621582031,6786448,0.0,0.0,0.4450040857179506,397.67535400390625,4.678034654087469,-0.5658865230885536,0.10401190120227077
2024-01-12 00:00:00+05:30,397.6324644529848,401.45213970243634,395.1432418595045,400.5937805175781,9714589,0.0,0.0,0.7028595360723335,397.1174621582031,6.308897842931856,-0.6244694351297542,0.09865454408245455
2024-01-15 00:00:00+05:30,403.4262978358211,403.8554909838262,400.07871641851017,401.3662414550781,7167978,0.0,0.0,0.7478886093332522,400.5937805175781,3.776774565316032,-0.7852447609511873,0.14263964375157132
2024-01-16 00:00:00+05:30,401.5379709667349,407.71811362572754,398.4908271181607,405.40057373046875,12531058,0.0,0.0,1.039754900080198,401.3662414550781,9.227286507566816,-0.6683835668501965,0.32240543323498966
2024-01-17 00:00:00+05:30,404.6280512168097,409.43484103698813,399.306267632846,400.5079650878906,11536527,0.0,0.0,0.5790571916354645,405.40057373046875,10.128573404142116,-0.34879275400192356,0.1607971417713221
2024-01-18 00:00:00+05:30,399.3491715307208,401.5809109410194,390.16478501461893,399.56378173828125,9495938,0.0,0.0,0.48650418964247866,400.5079650878906,11.416125926400468,-0.04902486581081743,0.23654168384897664
2024-01-19 00:00:00+05:30,402.1817139863782,406.00138895410885,400.33624051486,404.7138366699219,12673308,0.0,0.0,0.8667029056141043,399.56378173828125,6.437607215827597,-0.1598105687756061,0.29992516988351076
2024-01-23 00:00:00+05:30,406.64512419993554,406.64512419993554,391.7526905157267,394.2419128417969,8728196,0.0,0.0,-0.01338009577036497,404.7138366699219,14.892433684208811,0.4798432181504727,0.05444805226997909
2024-01-24 00:00:00+05:30,394.9286178877544,401.1946152353453,393.2119267816324,397.932861328125,22459072,0.0,0.0,0.24705737777200146,394.2419128417969,7.9826884537128535,0.45313164346858764,0.09125726330310407
2024-01-25 00:00:00+05:30,397.88999716827067,399.09166744976585,388.0618342792077,391.1089782714844,20435547,0.0,0.0,-0.23877306631894724,397.932861328125,11.029833170558163,0.7780953909191074,0.01692874915215119
2024-01-29 00:00:00+05:30,391.3235683388679,392.48233828149625,384.1133837986769,386.08758544921875,18557346,0.0,0.0,-0.572745668463351,391.1089782714844,8.368954482819333,0.9203003330772195,0.16923101520937506
2024-01-30 00:00:00+05:30,383.68420026968823,389.43514944296885,375.4440014019763,376.0019226074219,45190319,0.0,0.0,-1.1531423782745918,386.08758544921875,13.991148040992528,1.4316216600015632,0.255172439808746
2024-01-31 00:00:00+05:30,377.6757119549288,379.8215962182456,376.5598423446629,379.00616455078125,20648695,0.0,0.0,-0.9084749189000193,376.0019226074219,3.8196736108237133,1.1721062601068157,0.28867055819948445
2024-02-01 00:00:00+05:30,379.3924432943424,384.3279609474678,377.07487624062026,380.1649475097656,19903526,0.0,0.0,-0.8051828397655608,379.00616455078125,7.253084706847517,1.126568503301574,0.30214683711541607
2024-02-02 00:00:00+05:30,381.9674763724285,383.85585015123644,377.2465419254087,377.76153564453125,17816750,0.0,0.0,-0.9467248583588336,380.1649475097656,6.6093082258277605,1.1196712026993738,0.4282427368138047
2024-02-05 00:00:00+05:30,379.39243172632115,380.8087120811852,374.71439748515684,376.0019226074219,12505666,0.0,0.0,-1.0459471519828776,377.76153564453125,6.094314596028369,1.0772725623643766,0.43604367013821654
2024-02-06 00:00:00+05:30,377.67575533226284,378.44825960984446,368.6630240689546,370.2939147949219,19487043,0.0,0.0,-1.3911753293713445,376.0019226074219,9.785235540889857,1.2981328266219934,0.461747310904884
2024-02-07 00:00:00+05:30,373.3839399508634,373.3839399508634,369.7788478931724,370.63720703125,13376903,0.0,0.0,-1.3288010266674217,370.2939147949219,3.6050920576910244,1.0903473173050444,0.4007147936238447
2024-02-08 00:00:00+05:30,373.8535172676072,373.9406548583127,356.07587448707574,361.2610168457031,50039587,6.25,0.0,-1.825219031544526,370.63720703125,17.864780371236975,1.7864081980588664,0.46424918951727806
2024-02-09 00:00:00+05:30,357.3829932206537,369.67049635392345,356.07581908789314,362.0888366699219,33527317,0.0,0.0,-1.711405973326217,361.2610168457031,13.594677266030317,2.032601384578368,0.4420519476876315
2024-02-12 00:00:00+05:30,363.87536246137586,364.2675230445882,353.8536558100145,354.5508117675781,11326971,0.0,0.0,-2.1102773746782835,362.0888366699219,10.413867234573672,2.28287055268358,0.4865696799886139
2024-02-13 00:00:00+05:30,354.594343222423,357.99301254890315,351.45711424703876,354.463623046875,16207766,0.0,0.0,-2.0594001841573277,354.5508117675781,6.535898301864393,2.202826341486114,0.5485545216583145
2024-02-14 00:00:00+05:30,353.81010311289634,359.25668585200435,352.41576356986315,358.64666748046875,12618012,0.0,0.0,-1.6336888359529784,354.463623046875,6.840922282141207,2.0664841003900127,0.4881979918049796
2024-02-15 00:00:00+05:30,359.9102525686611,361.26100948205914,351.3264405397178,351.98004150390625,21169031,0.0,0.0,-1.9981756516854123,358.64666748046875,9.934568942341343,2.286880354082806,0.5926599553224093
2024-02-16 00:00:00+05:30,352.93863534518886,356.9037408495518,348.0584884974271,352.5900573730469,38963810,0.0,0.0,-1.8949674199464603,351.98004150390625,8.845252352124703,2.302711200601203,0.5581304913776618
2024-02-19 00:00:00+05:30,352.9386081144379,359.692364493742,352.59003016919024,356.64227294921875,17602580,0.0,0.0,-1.4953414894134591,352.5900573730469,7.102334324551748,2.1704308289444536,0.4824682911635138
2024-02-20 00:00:00+05:30,357.68804696525905,357.68804696525905,352.3286021787309,353.897216796875,14626643,0.0,0.0,-1.6503352690850492,356.64227294921875,5.359444786528172,2.0986080018796613,0.5870861834262886
2024-02-21 00:00:00+05:30,354.6815166984585,357.3830304413687,349.714232381529,351.500732421875,20162369,0.0,0.0,-1.7835427937004371,353.897216796875,7.66879805983973,2.1300396736522402,0.5445991845844861
2024-02-22 00:00:00+05:30,354.59440707535987,361.7839075496002,351.58789773413196,361.17388916015625,19321180,0.0,0.0,-0.8762135207258192,351.500732421875,10.283175127725201,2.0299403631933837,0.43520226034425447
2024-02-23 00:00:00+05:30,362.437422138074,362.437422138074,357.7315785908986,358.5158996582031,11576964,0.0,0.0,-1.0258962345896936,361.17388916015625,4.705843547175391,1.9229531217412388,0.40590039875160194
2024-02-26 00:00:00+05:30,358.2544765395862,359.9538113149577,354.94294457199726,356.5987243652344,8289561,0.0,0.0,-1.129065093668598,358.5158996582031,5.010866742960445,1.8200727937548593,0.38200975452393027
2024-02-27 00:00:00+05:30,357.2959138379061,359.69240474144175,356.0322944784666,358.2980651855469,8083518,0.0,0.0,-0.9755305191603679,356.5987243652344,3.660110262975138,1.5863348772265526,0.25729479440632635
2024-02-28 00:00:00+05:30,358.2980510039956,359.34381253424715,354.50724831349424,355.8144226074219,8949664,0.0,0.0,-1.1229418425638886,358.2980651855469,4.836564220752905,1.500130084832221,0.33962123334901956
2024-02-29 00:00:00+05:30,356.42440777306143,358.21088006238347,352.50285763753504,354.07147216796875,15468800,0.0,0.0,-1.220592655363058,355.8144226074219,5.708022424848423,1.4455936451115965,0.37887328499587686
2024-03-01 00:00:00+05:30,356.3372848204357,360.04094973021984,355.1172481779193,356.8601379394531,12873024,0.0,0.0,-0.9655542291009986,354.07147216796875,5.969477562251086,1.3174804729030416,0.3017969090467644
2024-03-04 00:00:00+05:30,359.25666246476044,359.86668079658443,355.94513043216057,356.5115661621094,7103794,0.0,0.0,-0.9676423550988322,356.8601379394531,3.921550364423865,1.1552425726983058,0.28727576962521817
2024-03-05 00:00:00+05:30,356.9908877579181,358.5159474971022,352.0236031921604,353.9407958984375,10108373,0.0,0.0,-1.1352204581063599,356.5115661621094,6.49234430494181,1.1763211198006271,0.2527208835862229
2024-03-06 00:00:00+05:30,354.245817593779,357.25232683748783,349.19139545598193,355.4222717285156,11534613,0.0,0.0,-0.9834401148456694,353.9407958984375,8.060931381505895,1.1977998339904634,0.231067061230827
2024-03-07 00:00:00+05:30,355.422242231896,361.60956300525106,351.7621323177054,360.3895263671875,23907135,0.0,0.0,-0.5396961696721276,355.4222717285156,9.847430687545682,1.2344409363888762,0.014184999575299414
2024-03-11 00:00:00+05:30,363.22180266689134,364.5289770408403,355.55300399076174,356.7730407714844,18298683,0.0,0.0,-0.7936618575542923,360.3895263671875,8.97597305007855,1.3909786121198258,0.0827668655045563
2024-03-12 00:00:00+05:30,354.24582311819125,354.24582311819125,348.0149191296,352.4593505859375,36226074,0.0,0.0,-1.0903528304192978,356.7730407714844,8.758121641884372,1.5438137599713497,0.03428523688195599
2024-03-13 00:00:00+05:30,379.08222489894086,381.69657345167786,367.01260581088286,368.1454772949219,105525827,0.0,0.0,0.11846545326420009,352.4593505859375,29.237222865740364,2.20039855119039,0.17861256316101692
2024-03-14 00:00:00+05:30,367.7097716994342,370.8034184912404,364.2675193135294,365.7054138183594,31949569,0.0,0.0,-0.026432474467723222,368.1454772949219,6.535899177710974,2.1444154641644873,0.09429545537006831
2024-03-15 00:00:00+05:30,363.57038287805614,373.4613697646107,361.87104789588255,365.22613525390625,76074975,0.0,0.0,-0.0543491513302146,365.7054138183594,11.590321868728154,2.264975228861008,0.19289376195453545
2024-03-18 00:00:00+05:30,365.13896487478166,366.62044193009535,363.3089098568447,363.7882080078125,16547358,0.0,0.0,-0.14088033939862138,365.22613525390625,3.311532073250646,2.0549160136641746,0.16112836091179064
2024-03-19 00:00:00+05:30,364.26749180614473,365.61824861989226,356.16297854254486,356.9037170410156,21803126,0.0,0.0,-0.5494325180112135,363.7882080078125,9.455270077347393,2.2177502684390866,0.0036145711900069572
2024-03-20 00:00:00+05:30,357.2958991887677,363.09105972476596,356.9037386154801,362.26318359375,20364534,0.0,0.0,-0.195251689511835,356.9037170410156,6.18734268375033,2.0088831534671368,0.11162807364449356
2024-03-21 00:00:00+05:30,365.13898663973265,367.75333532468477,362.69891313703715,367.0997619628906,19968509,0.0,0.0,0.10270722961234079,362.26318359375,5.49015173093477,1.7899763716268824,0.2015766507411008
2024-03-22 00:00:00+05:30,367.0997346711346,374.419927016119,367.0997346711346,373.5049133300781,40358503,0.0,0.0,0.4696781021091723,367.0997619628906,7.3201923449843775,1.628115722903541,0.1663721981052173
2024-03-26 00:00:00+05:30,370.8469775031,374.0277893005211,370.8469775031,372.6770324707031,10669833,0.0,0.0,0.40848654640224086,373.5049133300781,3.180811797421086,1.431379124388171,0.19590154937307383
2024-03-27 00:00:00+05:30,372.1105664607041,373.7663462493522,371.6312683263577,372.9820251464844,12698464,0.0,0.0,0.41691693923706874,372.6770324707031,2.135077922994469,1.1714572711520712,0.23181246631938207
2024-03-28 00:00:00+05:30,372.98202537113855,377.55714895063414,372.1105666848334,373.28704833984375,29009002,0.0,0.0,0.4255944029839542,372.9820251464844,5.446582265800771,1.0706323334112489,0.2163521619182242
2024-04-01 00:00:00+05:30,373.94064999194785,375.9014252800758,371.02127836187066,371.84918212890625,9743648,0.0,0.0,0.3222097288275669,373.28704833984375,4.880146918205128,0.9781593121615892,0.23499417464438496
2024-04-02 00:00:00+05:30,373.592026579895,373.592026579895,370.01908203422835,371.1083984375,9194659,0.0,0.0,0.265471981771085,371.84918212890625,3.572944545666644,0.8139694361212143,0.2534029693029201
2024-04-03 00:00:00+05:30,371.2391146333111,373.6791877694876,366.88184906696273,370.54193115234375,13152268,0.0,0.0,0.22071413408189672,371.1083984375,6.797338702524883,0.8100299553424938,0.21045563004310744
2024-04-04 00:00:00+05:30,370.84699479060345,372.4156094618312,365.9232929984776,368.40692138671875,19065447,0.0,0.0,0.06733400038720858,370.54193115234375,6.492316463353575,0.8214706991572923,0.17808275504763577
2024-04-05 00:00:00+05:30,368.1890562257562,376.20643221522545,365.96684064487147,372.58990478515625,16768902,0.0,0.0,0.3519953497664877,368.40692138671875,10.23959157035398,0.8965595864161826,0.2726119343726384
2024-04-08 00:00:00+05:30,373.24345690797344,375.94497048593604,372.76415878467856,373.94061279296875,8844633,0.0,0.0,0.43719027184368675,372.58990478515625,3.3550657007797895,0.6819841556711366,0.27121882627637
2024-04-09 00:00:00+05:30,375.1171007216393,376.03211438370613,370.8469725212621,371.54412841796875,6967273,0.0,0.0,0.25207688135529777,373.94061279296875,5.185141862444027,0.6341675863886976,0.16976158119773238
2024-04-10 00:00:00+05:30,373.24347735208397,381.5222937012438,371.02126177569613,380.78155517578125,14547618,0.0,0.0,0.8286161762446922,371.54412841796875,10.501031925547693,0.6386060079395915,0.3365912388241249
2024-04-12 00:00:00+05:30,379.0822317625633,379.73583272202484,373.2434885876637,374.8121032714844,18785009,0.0,0.0,0.3901766845112369,380.78155517578125,7.538066588117545,0.768034602713406,0.3062685418840122
2024-04-15 00:00:00+05:30,372.9820325297619,373.9842114191919,368.5376290488552,371.1519775390625,9083087,0.0,0.0,0.13539612515991853,374.8121032714844,6.2744742226291805,0.791974764199022,0.04932071808586532
2024-04-16 00:00:00+05:30,368.84262440452886,372.1105738267309,368.7990694216531,371.1519775390625,10357752,0.0,0.0,0.13205098096468476,371.1519775390625,3.3115044050778124,0.6016664032598963,0.09307486071860491
2024-04-18 00:00:00+05:30,371.2391432432269,372.0234367437925,363.96250587237773,365.00823974609375,22133191,0.0,0.0,-0.28505635659991674,371.1519775390625,8.060930871414769,0.7737148617880907,0.0033949334659607996
2024-04-19 00:00:00+05:30,364.26751553828564,371.45701560681107,362.52462568029154,370.14984130859375,17221280,0.0,0.0,0.07040890352982004,365.00823974609375,8.932389926519534,0.7709960113011171,0.0937102157072883
2024-04-22 00:00:00+05:30,372.11059990884166,372.6334806910874,368.9298154672141,370.629150390625,7386048,0.0,0.0,0.10086273066816301,370.14984130859375,3.7036652238733154,0.5915415403136808,0.22324657216703372
2024-04-23 00:00:00+05:30,370.62913183698697,375.1606729933093,370.45482904533475,374.0278015136719,12484384,0.0,0.0,0.3270861636407061,370.629150390625,4.705843947974529,0.4148132346922882,0.19765745690921518
2024-04-24 00:00:00+05:30,374.07135278062805,375.42210964113116,373.243476671,373.766357421875,6070285,0.0,0.0,0.30085748938381995,374.0278015136719,2.1786329701311615,0.17841704490763388,0.12133194034128306
2024-04-25 00:00:00+05:30,375.59645049768056,381.9580472629004,373.85353289737685,381.3044738769531,30337038,0.0,0.0,0.7727211748132048,373.766357421875,8.19168984102538,0.12457205735250036,0.13908398392221014
2024-04-26 00:00:00+05:30,382.78591317287913,386.31530326639927,380.30228465900234,383.43951416015625,15342965,0.0,0.0,0.8937113016584938,381.3044738769531,6.01301860739693,0.05169631879336503,0.18754796189532116
2024-04-29 00:00:00+05:30,385.182412263794,385.5745452174713,378.7336507842141,381.8708801269531,12075706,0.0,0.0,0.7603182722677043,383.43951416015625,6.840894433257233,0.09148848077558455,0.1515605633451035
2024-04-30 00:00:00+05:30,383.3958986847647,383.8751968280465,379.16935297976505,379.6486511230469,12528665,0.0,0.0,0.5808910386905085,381.8708801269531,4.705843848281461,0.029719274984959427,0.10503575227410261
2024-05-02 00:00:00+05:30,379.9536448779176,385.7052221549898,378.9514660667125,382.5679931640625,24123523,0.0,0.0,0.7674962833286753,379.6486511230469,6.753756088277328,-0.01265029292297364,0.17275156971316769
2024-05-03 00:00:00+05:30,383.4830821961626,383.4830821961626,375.9014215073461,380.3458251953125,23786388,0.0,0.0,0.5826825012970572,382.5679931640625,7.581660688816555,0.08132802655028239,0.14540504084130593
2024-05-06 00:00:00+05:30,381.6965555614722,383.8316334777261,377.6443127327708,378.8643493652344,10753860,0.0,0.0,0.45718341551107927,380.3458251953125,6.1873207449552865,0.0848460262097919,0.12914198472414867
2024-05-07 00:00:00+05:30,380.7379975534372,388.6682364613034,379.2565204053134,383.7445068359375,26969062,0.0,0.0,0.7877887167956213,378.8643493652344,9.803887096069047,0.16335821288489472,0.22827494990125596
2024-05-08 00:00:00+05:30,384.52883191122805,387.53534122419063,381.870900586258,384.31097412109375,10916481,0.0,0.0,0.8102081866250836,383.7445068359375,5.664440637932614,0.09591531660187973,0.18437305882544958
2024-05-09 00:00:00+05:30,383.4830455341657,384.74663711557434,368.92977152540453,370.4548034667969,24314298,0.0,0.0,-0.21923831743681949,384.31097412109375,15.816865590169812,0.8082308957362941,0.04581886739472708
2024-05-10 00:00:00+05:30,371.6748545706709,380.2586660910364,371.6748545706709,377.6443176269531,14524604,0.0,0.0,0.22576959922086423,370.4548034667969,9.803862624239514,0.7973374710972552,0.07543104993503733
2024-05-13 00:00:00+05:30,377.55719789702965,379.474418303003,374.2892481138932,376.3371887207031,7584217,0.0,0.0,0.14055872467913053,377.6443176269531,5.185170189109783,0.7154748832061868,0.06093117383498674
2024-05-14 00:00:00+05:30,375.1606874498413,377.60076091368103,373.46135254601626,374.4635314941406,11423749,0.0,0.0,0.020138981644892202,376.3371887207031,4.139408367664771,0.5965443616324754,0.005063140760809819
2024-05-15 00:00:00+05:30,375.37853574944563,377.55716877013117,371.8927284401261,372.8077697753906,7856433,0.0,0.0,-0.08610148079596272,374.4635314941406,5.66444033000505,0.5562504981624147,0.02477225025830585
2024-05-16 00:00:00+05:30,374.72493380168805,376.99070423690523,368.5376131811202,375.988525390625,23911954,0.0,0.0,0.12240159084886695,372.8077697753906,8.453091055785023,0.5677300542922319,0.06907246149420779
2024-05-17 00:00:00+05:30,376.8164790131012,381.26088289164886,373.7663870890437,380.21514892578125,11894830,0.0,0.0,0.3894639664918657,375.988525390625,7.494495802605172,0.5096882856993483,0.22328870247889446
2024-05-21 00:00:00+05:30,379.9536900005545,380.91228632724113,377.5136165803025,378.9079284667969,11175153,0.0,0.0,0.2930406563435783,380.21514892578125,3.3986697469386513,0.3483709499692549,0.1362705039660588
2024-05-22 00:00:00+05:30,381.13007965730776,385.13876708143255,379.4307450711993,383.352294921875,11036895,0.0,0.0,0.5721613489016586,378.9079284667969,6.2308386146356725,0.23278885707648656,0.186460887276032
2024-05-23 00:00:00+05:30,384.65951888111425,387.70961053618345,380.4329731658347,384.6159362792969,27244733,0.0,0.0,0.6419980793660529,383.352294921875,7.2766373703487375,0.23034084001288876,0.16018378900460858
2024-05-24 00:00:00+05:30,384.310951047624,385.5745427258716,379.34366668390487,380.1279602050781,13252938,0.0,0.0,0.30866044354820504,384.6159362792969,6.230876041966724,0.2776244813867778,0.09045818602820534
2024-05-27 00:00:00+05:30,382.3937899019621,382.48092749618064,375.33500953581785,376.03216552734375,12282545,0.0,0.0,0.016706111019279428,380.1279602050781,7.1459179603627945,0.36824230773695193,0.07882750008098888
2024-05-28 00:00:00+05:30,376.5550294949917,376.90360747517,373.1999146503608,373.853515625,9668761,0.0,0.0,-0.13568727085185844,376.03216552734375,3.7036928248091954,0.2474985407867011,0.14322909067032422
2024-05-29 00:00:00+05:30,370.80342960528895,376.81647580985464,370.80342960528895,375.5528564453125,10832067,0.0,0.0,-0.010744723836624967,373.853515625,6.013046204565683,0.18093093307283567,0.0942166798415015
2024-05-30 00:00:00+05:30,373.4177796163997,375.55282998521824,368.0583347743574,369.3655090332031,21314885,0.0,0.0,-0.442848889536661,375.5528564453125,7.494521670955123,0.33948981541776707,0.14478494392643837
2024-05-31 00:00:00+05:30,371.8927270015866,374.3328003943377,369.7140939893284,371.63128662109375,29300711,0.0,0.0,-0.2662451607990688,369.3655090332031,4.967291361134585,0.20593546502080387,0.1554171849060924
2024-06-03 00:00:00+05:30,378.2107495176925,378.99507062030193,373.54848835957597,375.0299377441406,16116836,0.0,0.0,-0.012205504082992688,371.63128662109375,7.363783999208181,0.18151923640887221,0.07429977798488761
2024-06-04 00:00:00+05:30,378.0819920118962,378.34825137293643,357.5359728112726,368.4967956542969,47791986,7.5,0.0,-0.4669640008181578,375.0299377441406,20.812278561663845,1.001905411767622,0.13534993274814658
2024-06-05 00:00:00+05:30,374.5319394116942,386.9571898919485,371.02626584102927,381.8983459472656,28197030,0.0,0.0,0.407222480536865,368.4967956542969,18.4603942376516,1.2497197870735528,0.02168903809949602
2024-06-06 00:00:00+05:30,386.95717084482885,388.46592707633255,382.6083333908019,386.4246520996094,32318523,0.0,0.0,0.6521134739109908,381.8983459472656,6.567581129066923,1.101468643933243,0.02372802850885232
2024-06-07 00:00:00+05:30,382.8745928945324,391.97162873664547,382.60833352183147,389.7528381347656,29543660,0.0,0.0,0.8252014195449879,386.4246520996094,9.363295214814002,1.1017250730245087,0.24567400111578525
2024-06-10 00:00:00+05:30,390.50722975348344,391.3947516185539,386.82404073501334,387.75592041015625,11872688,0.0,0.0,0.6817467060405495,389.7528381347656,4.570710883540585,0.9843867284576804,0.13783763433300567
2024-06-11 00:00:00+05:30,387.84467346968756,388.5546796761091,383.62896591110893,384.2945861816406,13158571,0.0,0.0,0.4470875398255711,387.75592041015625,4.925713765000182,0.914012169386032,0.10537784764853035
2024-06-12 00:00:00+05:30,382.120167291892,385.5370966440888,381.80952200825493,383.6733093261719,10751658,0.0,0.0,0.39718813471570497,384.2945861816406,3.7275746358338893,0.7435937465927684,0.1240196731120437
2024-06-13 00:00:00+05:30,387.7559399211235,387.7559399211235,381.4102131161108,381.8983459472656,9641349,0.0,0.0,0.27317639778378605,383.6733093261719,6.345726805012703,0.7209616193733677,0.1222183107548667
2024-06-14 00:00:00+05:30,382.5195497709312,383.31829967753237,380.78889215733267,382.6526794433594,9572809,0.0,0.0,0.31542018701161467,381.8983459472656,2.5294075201996975,0.47475060040433065,0.09261763981119439
2024-06-18 00:00:00+05:30,384.29460735192566,385.3596448481991,380.0345417507453,380.5226745605469,14641141,0.0,0.0,0.16427397364172827,382.6526794433594,5.325103097453791,0.42183150780395945,0.004402230253636089
2024-06-19 00:00:00+05:30,381.6320579972225,382.2976782837194,375.4638191590513,375.996337890625,11329972,0.0,0.0,-0.1470029356922161,380.5226745605469,6.833859124668095,0.4902976804048799,0.03984337773553372
2024-06-20 00:00:00+05:30,376.351347889539,378.5257525366393,374.08817136690516,375.6856994628906,15147549,0.0,0.0,-0.16484309631348024,375.996337890625,4.4375811697341305,0.3652869992701011,0.11120328166519632
2024-06-21 00:00:00+05:30,377.1944701000712,377.4607294610519,371.46997822289575,372.4018859863281,26176371,0.0,0.0,-0.3897534228452435,375.6856994628906,5.990751238156179,0.3770636872076511,0.17212017061068408
2024-06-24 00:00:00+05:30,372.7569026415791,376.26257601400545,372.7569026415791,375.6856994628906,9723008,0.0,0.0,-0.14099258283807342,372.4018859863281,3.8606900276773217,0.16243082723926194,0.06368085899425856
2024-06-25 00:00:00+05:30,375.41944009223124,376.3069619517722,372.53502920868647,375.6856994628906,10655609,0.0,0.0,-0.13750903757827476,375.6856994628906,3.771932743085756,0.007370942149926339,0.00527647708127578
2024-06-26 00:00:00+05:30,375.41943732662446,378.43700600124004,374.5763014110614,376.2625732421875,11511714,0.0,0.0,-0.09124043465961407,375.6856994628906,3.8607045901786137,-0.14907086984426243,0.03760591252218768
2024-06-27 00:00:00+05:30,376.2625936563807,379.19141874299106,373.7331857724581,377.7270202636719,38438054,0.0,0.0,0.02201486718115445,376.2625732421875,5.458232970532947,-0.23132266262438209,0.034064073526339014
2024-06-28 00:00:00+05:30,377.63823402627366,379.8570246308186,375.86321841942026,377.1057434082031,18554411,0.0,0.0,-0.02661399262630247,377.7270202636719,3.9938062113983506,-0.35406872085600893,0.13285756490656095
2024-07-01 00:00:00+05:30,378.3482763390493,381.8539498161556,376.8838497566948,380.7889404296875,13391362,0.0,0.0,0.25958490677482676,377.1057434082031,4.970100059460776,-0.4951113830769293,0.15345349368805286
2024-07-02 00:00:00+05:30,381.6320482400805,382.2089247658896,375.0200345853231,377.6382141113281,11177863,0.0,0.0,0.0033186469549989,380.7889404296875,7.188890180566489,-0.38542917594059783,0.04388884723735657
2024-07-03 00:00:00+05:30,378.1707597480842,381.32143008834834,377.63824099221983,380.123291015625,7435499,0.0,0.0,0.2000605956857804,377.6382141113281,3.683215977020211,-0.578295497456662,0.20993626038517088
2024-07-04 00:00:00+05:30,381.6320763766379,382.9633451417158,379.0138966576025,380.7889404296875,9478861,0.0,0.0,0.24884106448619112,380.123291015625,3.9494484841133044,-0.7175384944280212,0.026014797512804163
2024-07-05 00:00:00+05:30,380.7445568579234,385.1821381877556,379.5020318353326,384.87152099609375,13427543,0.0,0.0,0.5644036893734905,380.7889404296875,5.680106352422968,-0.8140531366940839,0.03680279305813978
2024-07-08 00:00:00+05:30,386.20276307915896,394.5454064017364,384.871494397807,393.7022705078125,21311436,0.0,0.0,1.1383569094087023,384.87152099609375,9.673912003929388,-0.7648900265605946,0.08279036442090247
2024-07-09 00:00:00+05:30,397.25236004414035,403.8199883358948,394.0573037136591,401.68994140625,27489709,0.0,0.0,1.5875165028896303,393.7022705078125,10.117717828082277,-0.690420136929089,0.25950428253962843
2024-07-10 00:00:00+05:30,402.6662006020045,404.1306271806451,396.2760880434586,400.6693115234375,12065662,0.0,0.0,1.468964486180659,401.68994140625,7.854539137186464,-0.5942990197998588,0.3194815340105615
2024-07-11 00:00:00+05:30,399.3824242772935,407.81384048178734,398.22864294708677,407.0594482421875,19556596,0.0,0.0,1.8196909626578675,400.6693115234375,9.58519753470057,-0.5393878289401267,0.4101182375207851
2024-07-12 00:00:00+05:30,407.0594255817072,411.1420037598132,404.5743755491234,407.4144287109375,19693114,0.0,0.0,1.7973643652079083,407.0594482421875,6.567628210689804,-0.5486296736171141,0.45889812112753203
2024-07-15 00:00:00+05:30,407.41441139257415,413.98203932408734,405.77249737770325,411.2751159667969,16876907,0.0,0.0,2.008819365580019,407.4144287109375,8.209541946384093,-0.5309922057490635,0.48752823858786787
2024-07-16 00:00:00+05:30,411.31947062570373,414.24829551887325,409.5000691316833,413.1832580566406,13497253,0.0,0.0,2.094557725001512,411.2751159667969,4.748226387189959,-0.6668681118332105,0.5584205923665652
2024-07-18 00:00:00+05:30,410.9201136086524,417.9314884137471,410.60946830322706,417.3545837402344,21907158,0.0,0.0,2.3227560999609733,413.1832580566406,7.322020110520043,-0.6981125609714266,0.711448944633345
2024-07-19 00:00:00+05:30,418.0202585325393,425.47540879743394,416.6002178558093,421.1709289550781,25939326,0.0,0.0,2.527203139305983,417.3545837402344,8.875190941624624,-0.6434258603635098,0.7379398918088207
2024-07-22 00:00:00+05:30,421.2152745186909,425.51972582046176,413.4495078011498,414.0707702636719,18762384,0.0,0.0,1.7554589847626196,421.1709289550781,12.070218019311937,-0.25022842986721405,0.636608709761042
2024-07-23 00:00:00+05:30,414.0708177614114,441.45069893305146,413.9376880664591,436.8356018066406,56125835,0.0,0.0,2.267782260117822,414.0707702636719,27.513010866592367,0.33507209819541633,0.7199570561008578
2024-07-24 00:00:00+05:30,440.20813578403585,453.210261927794,435.4599375014016,438.47747802734375,43693692,0.0,0.0,2.288502471736539,436.8356018066406,17.75032442639241,0.719366351007678,0.725267865294168
2024-07-25 00:00:00+05:30,434.8830724128117,440.20817585100497,430.13487369800487,434.8387145996094,18567567,0.0,0.0,2.013483265058667,438.47747802734375,10.0733021530001,0.8364639385647309,0.6534653094560683
2024-07-26 00:00:00+05:30,438.4774780631656,449.43830114712074,432.57549856626446,445.71075439453125,21534703,0.0,0.0,2.3837394344392857,434.8387145996094,16.862802580856282,0.9875475487025308,0.6863796063985121
2024-07-29 00:00:00+05:30,448.63956258965953,449.2608250855603,438.47748921984754,440.2525329589844,12978187,0.0,0.0,1.9980843827243149,445.71075439453125,10.783335865712786,1.1361459142200914,0.6078598992263365
2024-07-30 00:00:00+05:30,440.47441788326415,441.8056866583547,433.6849161895334,434.7943115234375,13891052,0.0,0.0,1.6390175747821047,440.2525329589844,8.12077046882132,1.1771202711875153,0.5111298273828297
2024-07-31 00:00:00+05:30,437.0574624554141,441.93879038664625,435.32680471107363,439.6312561035156,11982586,0.0,0.0,1.8164026374163378,434.7943115234375,7.144478863208747,1.0155718770454651,0.5775119815822796
2024-08-01 00:00:00+05:30,440.16375915500845,440.8737935243366,435.72617795456915,438.1668701171875,12114803,0.0,0.0,1.6906896644251723,439.6312561035156,5.147615569767424,0.884860648483928,0.5459105474225869
2024-08-02 00:00:00+05:30,430.26800111466224,443.2701002450131,430.26800111466224,434.0843200683594,22141163,0.0,0.0,1.4205050876641272,438.1668701171875,13.00209913035087,1.119748971768316,0.48564586049892644
2024-08-05 00:00:00+05:30,426.0522903769102,436.5693674354034,425.6085153542388,431.3330078125,25022076,0.0,0.0,1.2356564106620984,434.0843200683594,10.960852081164603,1.2396834605272087,0.4285720720035987
2024-08-06 00:00:00+05:30,431.55485722587554,436.3918274973879,429.60232599318414,431.5992431640625,14251363,0.0,0.0,1.2178707563869882,431.3330078125,6.78950150420377,1.1459659074328277,0.37955629671831714
2024-08-07 00:00:00+05:30,434.88306494116813,439.8531651484879,433.1967929971014,437.2349853515625,11320399,0.0,0.0,1.45843287361921,431.5992431640625,8.253921984425403,1.0260014230745496,0.3645887459980192
2024-08-08 00:00:00+05:30,438.43316504313077,441.9832246657696,437.1018680726647,439.0987854003906,21349889,0.0,0.0,1.5183152767414465,437.2349853515625,4.881356593104954,0.8343335277905858,0.39079482741659133
2024-08-09 00:00:00+05:30,441.9831721749572,441.9831721749572,437.6343348865154,440.119384765625,9556181,0.0,0.0,1.5344046087621486,439.0987854003906,4.348837288441814,0.6389525312491401,0.355608748573702
2024-08-12 00:00:00+05:30,436.65810276874254,443.7582217148487,436.65810276874254,438.96563720703125,9425644,0.0,0.0,1.4272982669442944,440.119384765625,7.100118946106136,0.5997257676922529,0.33648904710853167
2024-08-13 00:00:00+05:30,440.16377394612385,441.85007398597685,433.32991441946837,434.883056640625,8056478,0.0,0.0,1.140634664151509,438.96563720703125,8.520159566508482,0.6704932303785325,0.2511808423488202
2024-08-14 00:00:00+05:30,436.61372835771095,442.870739636552,434.7943266973262,436.8356018066406,9609981,0.0,0.0,1.2205504764323725,434.883056640625,8.076412939225804,0.6244523653310524,0.25153444318665685
2024-08-16 00:00:00+05:30,438.87688936925474,447.48579265284656,437.23497527546624,446.1101379394531,13643352,0.0,0.0,1.6289089701565063,436.8356018066406,10.65019084620593,0.5692802090031341,0.290063322117797
2024-08-19 00:00:00+05:30,447.97393247220106,452.01212479668385,443.40322137860943,445.0451354980469,10591508,0.0,0.0,1.5232675083137452,446.1101379394531,8.60890341807442,0.5893353660518291,0.2476986138806971
2024-08-20 00:00:00+05:30,444.645738066525,446.7757849749655,441.7169411474016,442.6932067871094,6888634,0.0,0.0,1.3400606776826793,445.0451354980469,5.058843827563919,0.48190515232468145,0.31234971978776604
2024-08-21 00:00:00+05:30,443.75819937308097,451.7458679452625,442.91506345507685,448.5508117675781,8801221,0.0,0.0,1.6096240195109215,442.6932067871094,9.052661158153114,0.41998871677467503,0.15677001912845467
2024-08-22 00:00:00+05:30,450.7252447462828,451.30212133109177,445.04513826702214,447.79644775390625,8686423,0.0,0.0,1.5214824645669291,448.5508117675781,6.25698306406963,0.3435329198398628,0.12620297517054288
2024-08-23 00:00:00+05:30,448.24020479089086,449.9264767710972,443.7138795067736,448.9058532714844,8195369,0.0,0.0,1.547873380407054,447.79644775390625,6.21259726432362,0.2387623598759012,0.19726251570561432
2024-08-26 00:00:00+05:30,449.08333702673025,450.85838087482534,445.5332774585128,448.81707763671875,8126402,0.0,0.0,1.5018383664250299,448.9058532714844,5.3251034163125155,0.11756250949238474,0.05132000738127194
2024-08-27 00:00:00+05:30,450.4589802075658,450.50336614741735,443.7582222004659,444.2907409667969,8260450,0.0,0.0,1.154624135889907,448.81707763671875,6.74514394695143,0.13567715831214,0.06775901215754108
2024-08-28 00:00:00+05:30,444.11321976952377,445.79951979911414,440.65193221566744,441.3619384765625,8081932,0.0,0.0,0.934408061513855,444.2907409667969,5.147587583446693,0.05828138423579517,0.11508584592973821
2024-08-29 00:00:00+05:30,441.9832074702022,450.5921108617591,441.4063027627872,448.2845764160156,19389694,0.0,0.0,1.2911770881548117,441.3619384765625,9.230172385196624,0.012990837249198365,0.14628735576441892
2024-08-30 00:00:00+05:30,445.48884633391174,451.8789866621518,443.93570422033514,445.4444885253906,15523349,0.0,0.0,1.0723593199308368,448.2845764160156,7.943282441816677,0.061999307747689476,0.12023438528063664
2024-09-02 00:00:00+05:30,447.3082737169309,455.20717018302713,446.6870112489918,452.677734375,16497266,0.0,0.0,1.4339850372960825,445.4444885253906,9.762681657636506,0.03224091287784711,0.29198526053570256
2024-09-03 00:00:00+05:30,452.67773713088366,457.91409626795934,450.76959190714877,452.1008605957031,12481552,0.0,0.0,1.360223015886862,452.677734375,7.144504360810572,0.004332189874529154,0.33766202191038863
2024-09-04 00:00:00+05:30,443.7582030567318,452.677751368125,443.71384524676586,449.3939514160156,8739052,0.0,0.0,1.1448308859736096,452.1008605957031,8.963906121359116,0.09399362015671027,0.27827917496075866
2024-09-05 00:00:00+05:30,451.16895891780086,454.319657255503,450.0152058318567,453.6983947753906,11318636,0.0,0.0,1.3684798302552905,449.3939514160156,4.925705839487364,-0.11122846105161249,0.2629340029428637
2024-09-06 00:00:00+05:30,454.40842025952134,454.40842025952134,441.2288060631329,445.2669982910156,14245025,0.0,0.0,0.7381530162418776,453.6983947753906,13.179614196388457,0.2618326251331338,0.08915944330488101
2024-09-09 00:00:00+05:30,445.5332646679885,454.98530397420916,444.06886619293823,454.1865539550781,14265060,0.0,0.0,1.1812106608064183,445.2669982910156,10.916437781270929,0.24130265545839893,0.18249905078939876
2024-09-10 00:00:00+05:30,454.31964588641193,457.0709269769429,451.5239507318818,455.82843017578125,11332248,0.0,0.0,1.2452448251685748,454.1865539550781,5.546976245061103,0.09714592780511622,0.21739113329330886
2024-09-11 00:00:00+05:30,455.29594052025584,461.06479055779437,454.36403269993195,456.49407958984375,15497555,0.0,0.0,1.2531080887210744,455.82843017578125,6.700757857862413,0.023898816070542214,0.29144230088582984
2024-09-12 00:00:00+05:30,457.1597565673343,461.95234127279457,451.3465202280897,461.0648193359375,19085324,0.0,0.0,1.4776310478104198,456.49407958984375,10.605821044704896,0.06519880149049885,0.31560717998254895
2024-09-13 00:00:00+05:30,461.06481208270264,461.5085589801638,454.40843985294913,456.05035400390625,9165077,0.0,0.0,1.1006141340863442,461.0648193359375,7.100119127214668,0.09543816626954363,0.137087328299406
2024-09-16 00:00:00+05:30,457.8697459360179,458.84601159207153,452.36715513571806,453.60968017578125,7821668,0.0,0.0,0.9171570768358974,456.05035400390625,6.478856456353469,0.05994589684515593,0.1159160196093576
2024-09-17 00:00:00+05:30,453.56527143027444,455.78406201482926,449.30517775626555,450.636474609375,10889862,0.0,0.0,0.7025708533492163,453.60968017578125,6.47888425856371,0.035641240239312186,0.10661095653520228
2024-09-18 00:00:00+05:30,450.72523863670733,454.76343093157726,448.2845745094767,450.2814636230469,5638729,0.0,0.0,0.6625014042794295,450.636474609375,6.4788564221005345,-0.027081544485855855,0.025080291428475395
2024-09-19 00:00:00+05:30,452.63337290269794,456.89346666395045,450.4145822727039,451.0802307128906,14461616,0.0,0.0,0.6971752284709551,450.2814636230469,6.6120030409035735,-0.09972879604398789,0.04755738217169416
2024-09-20 00:00:00+05:30,454.4084053209533,459.15663177722325,450.8583460271267,456.5384521484375,24725118,0.0,0.0,1.0098015988578362,451.0802307128906,8.298285750096568,-0.16580317012563608,0.10398965529428152
2024-09-23 00:00:00+05:30,457.4703364918065,461.0203958219378,455.8284505768036,458.8016052246094,8105508,0.0,0.0,1.1284225008538438,456.5384521484375,5.191945245134207,-0.3250144466594138,0.1321193129390291
2024-09-24 00:00:00+05:30,458.8460194599906,459.5560257442093,456.3166115244718,457.2928771972656,7015487,0.0,0.0,0.9949420369223256,458.8016052246094,3.2394142197375118,-0.5124522088210197,0.1792052371770929
2024-09-25 00:00:00+05:30,457.5147049756264,460.88727668097147,454.6746519942752,459.3341064453125,8802667,0.0,0.0,1.1054817467019378,457.2928771972656,6.212624686696245,-0.605818601318722,0.2507737248656521
2024-09-26 00:00:00+05:30,459.4228959190351,464.836771186585,458.84601932926836,463.9492492675781,16086557,0.0,0.0,1.3704428352630225,459.3341064453125,5.9907518573166385,-0.7464839174254164,0.22584795280468575
2024-09-27 00:00:00+05:30,461.73047185346985,469.0524646085535,461.73047185346985,463.9048767089844,17916386,0.0,0.0,1.3318532540465848,463.9492492675781,7.32199275508367,-0.7473328114091526,0.27733433341371877
2024-09-30 00:00:00+05:30,462.041073483364,465.3692595674388,456.22783728937105,459.8666687011719,10936940,0.0,0.0,0.9843874391584221,463.9048767089844,9.14142227806775,-0.5978662098791673,0.113446278599715
2024-10-01 00:00:00+05:30,459.86667475733265,461.28668733714517,456.18348548447455,458.1360168457031,5285319,0.0,0.0,0.8318309872085324,459.8666687011719,5.103201852670622,-0.6835468331384021,0.09353583033387411
2024-10-03 00:00:00+05:30,451.3464911442906,457.6922177343659,450.9471020792447,455.0740661621094,16481353,0.0,0.0,0.5802100810212325,458.1360168457031,7.188914766458424,-0.6418185110972067,0.08755146046105562
2024-10-04 00:00:00+05:30,452.6333999628257,459.15667068272745,445.13389168557245,446.908935546875,18930962,0.0,0.0,-0.03289206896989789,455.0740661621094,14.022778997155001,-0.1936715317862772,0.09877282609612544
2024-10-07 00:00:00+05:30,449.97082947423615,457.0265903354445,449.7489560397519,452.8108825683594,17114457,0.0,0.0,0.36143413239592953,446.908935546875,10.117654788569496,-0.17516114369046443,0.11394101753101829
2024-10-08 00:00:00+05:30,452.63336638342724,454.8965429194943,449.08330705216247,450.81396484375,9868331,0.0,0.0,0.21575389541410364,452.8108825683594,5.813235867331855,-0.23496908093328803,0.056886731508196134
2024-10-09 00:00:00+05:30,452.4558677197935,452.4558677197935,435.37116365980967,436.3918151855469,24874940,0.0,0.0,-0.6518578367186626,450.81396484375,17.084704059983835,0.42113642124494455,0.2697045779555014
2024-10-10 00:00:00+05:30,439.63128105582945,439.8975404359125,434.39492158878744,436.7024841308594,13292273,0.0,0.0,-0.6169082268918878,436.3918151855469,5.502618847125063,0.29560467232345294,0.2759897814188814
2024-10-11 00:00:00+05:30,437.5456162489988,438.38875219322694,432.57551620558445,433.2855224609375,14949380,0.0,0.0,-0.804015810055598,436.7024841308594,5.813235987642486,0.25027091277156044,0.3937111542670294
2024-10-14 00:00:00+05:30,435.7705826929564,442.8707297967612,433.6849216890066,441.0513000488281,6970606,0.0,0.0,-0.2853859702936604,433.2855224609375,9.585207335823725,0.196005445597231,0.20460081134467162
2024-10-15 00:00:00+05:30,441.9832111625406,443.2257362116992,438.87689853964406,442.4713439941406,8347216,0.0,0.0,-0.19428069808363005,441.0513000488281,4.34883767205514,0.005317893693071406,0.15408227408568517
2024-10-16 00:00:00+05:30,440.2081640936547,442.73760011362725,436.9687218016791,437.7231140136719,6939430,0.0,0.0,-0.46756972260072277,442.4713439941406,5.768878311948129,-0.01386519094294744,0.17435581532857694
2024-10-17 00:00:00+05:30,439.3206464164686,439.3206464164686,433.1080492847109,433.90679931640625,7669729,0.0,0.0,-0.6828305136179463,437.7231140136719,6.212597131757718,-0.023998517073290943,0.21121903693425054
2024-10-18 00:00:00+05:30,433.77365572961855,436.25870575391593,424.58787595548876,431.9542541503906,22616838,0.0,0.0,-0.7868452080930121,433.90679931640625,11.670829798427178,0.1920719119881352,0.24309073391121944
2024-10-21 00:00:00+05:30,431.9542685241088,432.7530466847723,423.65598222997573,429.2473449707031,7680088,0.0,0.0,-0.9377347934839254,431.9542541503906,9.097064454796566,0.29051336469861005,0.3594386121736656
2024-10-22 00:00:00+05:30,429.24732175988674,433.46302952571807,426.71788584919966,427.60540771484375,12772970,0.0,0.0,-1.0222474269004393,429.2473449707031,6.74514367651841,0.26044518706177666,0.4142601315193865
2024-10-23 00:00:00+05:30,426.8954190593147,428.9366941192119,425.56415026999287,426.31854248046875,10553961,0.0,0.0,-1.0841654553029214,427.60540771484375,3.372543849219028,0.068084065821606,0.41252935048698336
2024-10-24 00:00:00+05:30,427.7829319671288,428.1379350949523,417.13272562053703,418.6415100097656,13596626,0.0,0.0,-1.5112819956825794,426.31854248046875,11.005209474415267,0.354023304088996,0.5041218892070963
2024-10-25 00:00:00+05:30,422.2803161165742,437.98936636836663,420.86030359535795,428.0491943359375,32154050,0.0,0.0,-0.742703380520482,418.6415100097656,19.347856358601007,0.7074585523667167,0.4198232947320674
2024-10-28 00:00:00+05:30,427.73853932024565,431.24424086047924,422.45782216873073,429.6910705566406,8946214,0.0,0.0,-0.6203754091728161,428.0491943359375,8.786418691748509,0.6916265559881359,0.3927664312184567
2024-10-29 00:00:00+05:30,430.44547989302475,434.173055017219,427.1616797853139,433.06365966796875,7131161,0.0,0.0,-0.38887449523731044,429.6910705566406,7.011375231905106,0.569266901270984,0.31006145231082505
2024-10-30 00:00:00+05:30,433.0636412897533,437.76748187143,431.7767303629288,436.2586975097656,6640080,0.0,0.0,-0.17707975864323944,433.06365966796875,5.990751508501205,0.40820723838458983,0.24886446794890488
2024-10-31 00:00:00+05:30,436.6580767162302,437.5455985635339,430.1791925460866,433.8180236816406,8111694,0.0,0.0,-0.32569304515949765,436.2586975097656,7.366406017447275,0.4085741467394563,0.24351817860801403
2024-11-01 00:00:00+05:30,435.7705544719371,436.74682006469067,434.26177014569237,435.1492919921875,1517892,0.0,0.0,-0.23086594854511666,433.8180236816406,2.9287963830500416,0.14503742773502407,0.1461670873323122
2024-11-04 00:00:00+05:30,437.9449648846851,437.9449648846851,425.60848700060944,430.0904541015625,8754385,0.0,0.0,-0.547258504329945,435.1492919921875,12.336477884075634,0.42987095374992773,0.2853955136542707
2024-11-05 00:00:00+05:30,428.6260583162402,430.48984579156854,423.3009552621551,426.1853942871094,7610046,0.0,0.0,-0.7851618226495312,430.0904541015625,7.188890529413413,0.4509388637682724,0.30212260645695543
2024-11-06 00:00:00+05:30,426.18541135723177,429.91298645719,424.2328800557218,426.9841613769531,11749720,0.0,0.0,-0.7097780849243354,426.1853942871094,5.680106401468208,0.324443183246885,0.13856164143427727
2024-11-07 00:00:00+05:30,427.5610618759079,428.40419782708676,422.54657585220644,424.14410400390625,9267980,0.0,0.0,-0.8848897270619678,426.9841613769531,5.857621974880317,0.2727697294545031,0.17832410107342084
2024-11-08 00:00:00+05:30,424.14409199348466,426.62914196530926,421.21529515296464,424.2772216796875,6325023,0.0,0.0,-0.85291413887935,424.14410400390625,5.413846812344616,0.15217195881933948,0.13417064230858738
2024-11-11 00:00:00+05:30,424.2772299880931,427.3391565747761,420.771556524025,423.30096435546875,5700343,0.0,0.0,-0.9031701091218148,424.2772216796875,6.567600050751082,0.10947177925453519,0.29411782552962323
2024-11-12 00:00:00+05:30,423.8778475255531,424.1884646983555,418.153355581329,419.6621398925781,5236095,0.0,0.0,-1.1406559737821036,423.30096435546875,6.035109117026536,0.08927894546806815,0.3645396504884675
2024-11-13 00:00:00+05:30,417.17715112185545,421.30408748615065,415.57962283116467,419.0852966308594,11548660,0.0,0.0,-1.156736893766819,419.6621398925781,5.7244646549859795,0.0027929552324123153,0.3191489139329913
2024-11-14 00:00:00+05:30,418.19778263445596,419.75092490711046,410.25449937906205,413.5382995605469,12087836,0.0,0.0,-1.513839276100705,419.0852966308594,9.496425528048405,0.19395244438887993,0.3387456713730255
2024-11-18 00:00:00+05:30,413.58263748083095,415.1801655090349,410.0325783212632,414.0707702636719,8448573,0.0,0.0,-1.4294518001616603,413.5382995605469,5.147587187771705,0.05706054101583912,0.3046117539427585
2024-11-19 00:00:00+05:30,415.35769691286504,420.4608983587322,413.80452663353714,414.7807922363281,7121472,0.0,0.0,-1.3314347494429621,414.0707702636719,6.656371725195072,-0.0035932812179906527,0.25508705052772734
2024-11-21 00:00:00+05:30,409.14504830796125,411.8519715273334,404.1749487072902,405.7281188964844,20313155,0.0,0.0,-1.8454365989624417,414.7807922363281,10.60584352903794,0.31506435954135154,0.3411771760738366
2024-11-22 00:00:00+05:30,404.8849760938828,422.90155996145944,404.26371361127775,421.2596740722656,20214206,0.0,0.0,-0.4592257141936838,405.7281188964844,18.63784635018169,0.5568499529381862,0.06455302301328958
2024-11-25 00:00:00+05:30,425.12034734197664,427.9604003657754,419.26275380237485,423.1678161621094,14427013,0.0,0.0,-0.33812899854160244,421.2596740722656,8.697646563400554,0.5421916892677595,0.06234688404298428
2024-11-26 00:00:00+05:30,426.0078743501634,428.35979460750633,420.7715432250395,423.3453369140625,6791715,0.0,0.0,-0.3194586001662695,423.1678161621094,7.588251382466808,0.5053576371702704,0.07423010871376408
2024-11-27 00:00:00+05:30,423.78909717178095,426.0966596925035,419.79529089140067,423.30096435546875,7339184,0.0,0.0,-0.31418444389190353,423.3453369140625,6.3013688011028535,0.41147024973085705,0.10344817364626022
2024-11-28 00:00:00+05:30,423.34532426600987,429.3804333184387,417.62083238305877,421.4815368652344,14967609,0.0,0.0,-0.41624996192111086,423.30096435546875,11.759600935379922,0.6180196695257992,0.1923367934965217
2024-11-29 00:00:00+05:30,419.9727756769193,425.03161943508326,419.4402569251216,423.12347412109375,8668142,0.0,0.0,-0.3025467130287472,421.4815368652344,5.591362509961641,0.453050954168152,0.22390288030820946
2024-12-02 00:00:00+05:30,422.45781779270055,425.3866146169551,420.1502834579519,423.5228271484375,5689595,0.0,0.0,-0.2696157443608237,423.12347412109375,5.236331159003214,0.29522608620107693,0.1818184267981863
2024-12-03 00:00:00+05:30,413.5826685185779,420.150296739833,410.69822941298054,419.3959045410156,23073942,0.0,0.0,-0.5240980876895863,423.5228271484375,12.824597735456962,0.6137253031468075,0.26512302990117853
2024-12-04 00:00:00+05:30,421.0378138404822,424.41035759923045,413.93766694127874,414.5589294433594,13957078,0.0,0.0,-0.8157766066092913,419.3959045410156,10.472690657951716,0.8189568797072957,0.26236881868379713
2024-12-05 00:00:00+05:30,414.95835689008095,419.5734260798688,410.4763892727913,414.9139709472656,27432375,0.0,0.0,-0.770954872579295,414.5589294433594,9.097036807077473,0.8492519512161686,0.20255120787518166
2024-12-06 00:00:00+05:30,417.1327297650406,421.5259532874458,415.09145472778096,418.15338134765625,7842234,0.0,0.0,-0.5210255064599624,414.9139709472656,6.611982340180191,0.6923341868572118,0.15202437710968386
2024-12-09 00:00:00+05:30,418.4639928040686,418.9077678081534,410.87574120351246,412.6507568359375,12154116,0.0,0.0,-0.8628055337376042,418.15338134765625,8.032026604640919,0.7909645518659025,0.18918937926489146
2024-12-10 00:00:00+05:30,413.0057997049072,413.9820653621883,410.5651074337324,413.09454345703125,9163636,0.0,0.0,-0.8096119832248173,412.6507568359375,3.416957928455872,0.5163393512008287,0.18313898279333005
2024-12-11 00:00:00+05:30,414.6476805538857,415.5352024480384,412.4288898824899,412.9170227050781,7005617,0.0,0.0,-0.8020657370280663,413.09454345703125,3.1063125655484782,0.23594234404348544,0.1723120567950538
2024-12-12 00:00:00+05:30,413.1388761476678,415.26889469194026,407.5031282466963,408.7900390625,13380617,0.0,0.0,-1.0660774940762727,412.9170227050781,7.765766445243969,0.31890716241737654,0.1789629145892725
2024-12-13 00:00:00+05:30,408.2575584671943,421.0378115655174,400.84679442097826,417.1327209472656,32976794,0.0,0.0,-0.3868221237575627,408.7900390625,20.19101714453916,0.8313347525482161,0.028497923965746547
2024-12-16 00:00:00+05:30,417.3546262796443,421.0378437429753,415.35773707139464,417.22149658203125,9354160,0.0,0.0,-0.37122727660020416,417.1327209472656,5.680106671580688,0.673347991737774,0.05840948830537422
2024-12-17 00:00:00+05:30,417.13269592312224,422.2802831020424,410.96445724439167,416.7333068847656,20608409,0.0,0.0,-0.3957802859760986,417.22149658203125,11.315825857650736,0.8484968538177009,0.042253152786656596
2024-12-18 00:00:00+05:30,419.5290082075605,420.50527378595007,414.38139282481444,417.57647705078125,12841386,0.0,0.0,-0.32576570505061636,416.7333068847656,6.123880961135626,0.6963879478229358,0.04427260157654904
2024-12-19 00:00:00+05:30,416.24517481851433,420.99340109521216,412.9613750183089,414.0707702636719,15161531,0.0,0.0,-0.5647592269735002,417.57647705078125,8.032026076903264,0.7552049660021491,0.14483745178654686
2024-12-20 00:00:00+05:30,414.026376772955,414.86954077153985,407.63626477674103,412.3844909667969,20231570,0.0,0.0,-0.6740445596863888,414.0707702636719,7.2332759947988166,0.7278506887726253,0.20283897282526062
2024-12-23 00:00:00+05:30,418.19777009680405,423.96662024396306,415.00268563723716,420.9046936035156,19562956,0.0,0.0,-0.0159113794320836,412.3844909667969,11.582129277166189,0.7191771519240222,0.044932750532894014
2024-12-24 00:00:00+05:30,421.4815926239306,426.22979143446037,419.4846752783541,424.63226318359375,12009880,0.0,0.0,0.23598755452667172,420.9046936035156,6.745116156106292,0.5341235013602543,0.02386868543936607
2024-12-26 00:00:00+05:30,426.49602063096154,427.64980189132285,422.4578284116542,423.30096435546875,9188830,0.0,0.0,0.13804215401606246,424.63226318359375,5.191973479668661,0.37568089858088394,0.0
2024-12-27 00:00:00+05:30,425.78600188340243,427.69417528170976,422.4578160167487,424.7653503417969,16906420,0.0,0.0,0.23726681722446835,423.30096435546875,5.236359264961038,0.16141961103906818,0.059870271064260225
2024-12-30 00:00:00+05:30,426.67352277317383,427.2947852586601,422.457815059372,423.3453369140625,13578360,0.0,0.0,0.12864114755410516,424.7653503417969,4.836970199288089,-0.00616545299078083,0.004061420748664535
2024-12-31 00:00:00+05:30,424.6322478965829,430.13486688433846,421.1709321229858,429.2473449707031,13787501,0.0,0.0,0.5342143802755214,423.3453369140625,8.963934761352675,-0.07902262457368492,0.09520307563473031
2025-01-01 00:00:00+05:30,431.3329818602233,432.08737403819936,427.9160522183077,429.5135803222656,18931186,0.0,0.0,0.5400279186719944,429.2473449707031,4.171321819891659,-0.32811225322765364,0.17980950397490425
2025-01-02 00:00:00+05:30,430.75611694752047,434.8830529409553,428.0491934724373,434.0399169921875,27131131,0.0,0.0,0.8373453979762574,429.5135803222656,6.833859468517971,-0.4988710689411115,0.348134501938495
2025-01-03 00:00:00+05:30,435.1049437212856,435.7705921957735,425.8747776002328,427.4279479980469,38500784,0.0,0.0,0.31188750281246247,434.0399169921875,9.895814595540685,-0.21251437630354167,0.20114035354491613
2025-01-06 00:00:00+05:30,419.9253105618029,425.5937435344478,406.69894820698454,407.98931884765625,22009958,0.0,0.0,-0.7788422958421112,427.4279479980469,20.728999791062336,1.0519483362342628,0.12961990004210966
2025-01-07 00:00:00+05:30,410.61619292699265,412.551763098371,405.68510619666324,406.56072998046875,14294780,0.0,0.0,-0.8360438066644748,407.98931884765625,6.866656901707756,0.9879952924324386,0.08192089931625167
2025-01-08 00:00:00+05:30,408.31192319196157,416.65327289988676,402.8739144906199,414.3490295410156,13482926,0.0,0.0,-0.3702494614099538,406.56072998046875,13.779358409266877,1.1153052713370428,0.015357635610795438
2025-01-09 00:00:00+05:30,414.21078814534843,424.57988345002826,411.1230963623607,414.8559875488281,19732649,0.0,0.0,-0.33424406662186507,414.3490295410156,13.456787087667578,1.3796761789508631,0.023641794954611148
2025-01-10 00:00:00+05:30,414.71772931211405,416.60719760759747,407.8510728791192,410.0631408691406,9145729,0.0,0.0,-0.5774579867729027,414.8559875488281,8.756124728478255,1.4856392804076448,0.015397914488183687
2025-01-13 00:00:00+05:30,400.93837089441075,409.23364753360545,400.93837089441075,404.6712341308594,17799607,0.0,0.0,-0.8470608538976018,410.0631408691406,9.124769974729873,1.6290322056919144,0.15629731927005266
2025-01-14 00:00:00+05:30,406.468548826272,406.9293975210864,401.72181289527845,402.4130859375,18048459,0.0,0.0,-0.9518120697311165,404.6712341308594,5.207584625807954,1.4590975250006808,0.1808136506216515
2025-01-15 00:00:00+05:30,402.4130665906223,407.2058759094838,401.2609449089771,403.1043395996094,9786805,0.0,0.0,-0.8866195569542407,402.4130859375,5.944931000506699,1.266576153559956,0.16600082072265224
2025-01-16 00:00:00+05:30,403.74953568775027,405.0399345529054,397.34375562074734,398.95672607421875,15774070,0.0,0.0,-1.1001305324083694,403.1043395996094,7.696178932158034,1.31345493224777,0.21801391556897182
2025-01-17 00:00:00+05:30,399.09496873161544,407.20589448929087,398.63412003792996,405.731201171875,11270061,0.0,0.0,-0.6325025759991552,398.95672607421875,8.571774451360909,1.1337190135291095,0.09404643213707664
2025-01-20 00:00:00+05:30,404.6251362205085,406.65288163954455,401.86004417344355,403.42694091796875,8742771,0.0,0.0,-0.7492344303855584,405.731201171875,4.792837466100991,0.955022719443993,0.1003163755535376
2025-01-21 00:00:00+05:30,403.7034408317465,411.99871701322076,401.16877310962934,403.2886657714844,15686500,0.0,0.0,-0.7388423463761163,403.42694091796875,10.829943903591413,1.1119802254157853,0.21772085630639226
2025-01-22 00:00:00+05:30,405.45465494630946,407.34415137338146,402.36696322633964,402.78173828125,9619648,0.0,0.0,-0.7516866433897081,403.2886657714844,4.977188147041829,0.8979848976646435,0.28125117843001696
2025-01-23 00:00:00+05:30,400.9383635063573,407.2519962354426,400.10884148331786,405.731201171875,8888248,0.0,0.0,-0.5415101814652836,402.78173828125,7.143154752124758,0.7388827729717573,0.22153668792789244
2025-01-24 00:00:00+05:30,404.99380003866463,410.1553106977586,404.6712003484769,407.02154541015625,9665384,0.0,0.0,-0.4453012131562709,405.731201171875,5.484110349281707,0.5168865749129188,0.22422323097504473
2025-01-27 00:00:00+05:30,406.2841788337263,410.1553189378108,402.36696511353375,405.6390075683594,10480203,0.0,0.0,-0.5230259700445132,407.02154541015625,7.788353824277067,0.5277816549792662,0.22385567391360545
2025-01-28 00:00:00+05:30,405.5467997156879,407.2058435542465,400.4774647192418,401.35308837890625,20813072,0.0,0.0,-0.7826016440411637,405.6390075683594,6.728378835004662,0.5480736872006198,0.3600142108955188
2025-01-29 00:00:00+05:30,401.81396017503766,403.24257977791996,396.4220251969846,399.41754150390625,15158510,0.0,0.0,-0.8924519253693433,401.35308837890625,6.820554580935379,0.5155149829676209,0.38023910422475043
2025-01-30 00:00:00+05:30,399.0949602480921,403.70344708698457,397.66634057922397,402.0444030761719,22496695,0.0,0.0,-0.6799166533297012,399.41754150390625,6.037106507760598,0.31064605116948196,0.41417699216427567
2025-01-31 00:00:00+05:30,402.3209231243453,413.1047941706201,401.0305523642032,412.4595947265625,13546181,0.0,0.0,0.04866828124318433,402.0444030761719,12.074241806416921,0.32034406108873653,0.18467126434358103
2025-02-01 00:00:00+05:30,412.92042997358686,434.5803185994335,405.1320757909766,426.33111572265625,30393007,0.0,0.0,0.7641559185521108,412.4595947265625,29.448242808456882,1.3127246806044173,0.24297974252452745
2025-02-03 00:00:00+05:30,425.82417240674977,428.77361515512763,416.8836969297055,418.773193359375,16991730,0.0,0.0,0.3287521641303867,426.33111572265625,11.88991822542215,1.6571976866754539,0.14963270293695563
2025-02-04 00:00:00+05:30,422.13740225440523,424.30339673436174,413.61170144468196,419.51055908203125,18923681,0.0,0.0,0.35921152163154,418.773193359375,10.691695289679785,1.7063357763347962,0.06922156688523208
2025-02-05 00:00:00+05:30,419.51056712020244,420.1557665531382,411.5378902142114,413.0586853027344,12836283,0.0,0.0,0.0014540229794186193,419.51055908203125,8.617876338926806,1.814374891903878,0.022323892409861417
2025-02-06 00:00:00+05:30,414.76383123938655,414.76383123938655,403.88781313807607,406.56072998046875,17469129,0.0,0.0,-0.34220565890224236,413.0586853027344,10.876018101310478,2.0500827692017403,0.042600443275936116
2025-02-07 00:00:00+05:30,405.5468369559543,410.6161724179037,394.8551419924304,397.1133117675781,18875982,0.0,0.0,-0.8062077757118004,406.56072998046875,15.761030425473336,2.6119605827596004,0.08760688295829672
2025-02-10 00:00:00+05:30,393.5647947742935,399.37147721649563,393.1039460684688,393.7491455078125,12227140,0.0,0.0,-0.9639420010299732,397.1133117675781,6.267531148026819,2.47527337533827,0.09915596930111632
2025-02-11 00:00:00+05:30,395.22381215861816,396.83678252001545,384.8086433619268,385.5459899902344,14288751,0.0,0.0,-1.344833997808487,393.7491455078125,12.028139158088663,2.7877323562381062,0.1850413402819141
2025-02-12 00:00:00+05:30,386.80994975406657,387.4185038147077,381.61379694988227,383.76715087890625,13884574,6.5,0.0,-1.4108695277282948,385.5459899902344,5.804706864825448,2.604292246840232,0.16417609153424353
2025-02-13 00:00:00+05:30,383.81395645691885,387.55893945511997,382.92451156606495,383.57989501953125,12989029,0.0,0.0,-1.385566787082493,383.76715087890625,4.634427889055019,2.339429582523877,0.257774750465757
2025-02-14 00:00:00+05:30,385.4992173663877,389.6655227047761,382.3627881470121,384.0948486328125,14124236,0.0,0.0,-1.3177369487212016,383.57989501953125,7.3027345577639835,2.21336160555952,0.22975148102396115
2025-02-17 00:00:00+05:30,383.6735266720701,385.1715257026187,380.8179883419268,382.550048828125,11975265,0.0,0.0,-1.3781717994282874,384.0948486328125,4.35353736069186,1.9817248349014545,0.24241510817774603
2025-02-18 00:00:00+05:30,381.98828064755554,384.6565868517638,378.243297503952,379.4136047363281,12998403,0.0,0.0,-1.5332785016102697,382.550048828125,6.413289347811769,1.9251217773386349,0.2650063143133318
2025-02-19 00:00:00+05:30,378.99226598682156,382.73724896523663,378.7114036922215,380.4902648925781,7079032,0.0,0.0,-1.419308168841172,379.4136047363281,4.025845273015136,1.6273302103933445,0.29245616932080526
2025-02-20 00:00:00+05:30,374.45150926845105,378.1496629377972,370.940587610997,376.4176025390625,15355585,0.0,0.0,-1.6346581096634367,380.4902648925781,9.549677281581125,1.7973182549998123,0.3435208117097768
2025-02-21 00:00:00+05:30,376.41761935814907,377.54112576751635,373.7493416368229,375.3409423828125,8240986,0.0,0.0,-1.6661217828951826,376.4176025390625,3.7917841306934292,1.5435902504242196,0.3412590955666535
2025-02-24 00:00:00+05:30,374.49832980990334,377.6815598988965,373.3280225292474,376.2771911621094,7037625,0.0,0.0,-1.5524718030282167,375.3409423828125,4.353537369649132,1.2801786852074082,0.2935136283995092
2025-02-25 00:00:00+05:30,376.3708172507043,381.05204632098673,374.96644852961964,379.03912353515625,15760891,0.0,0.0,-1.2988843181936118,376.2771911621094,6.085597791367093,1.0832381093267993,0.2362444296325857
2025-02-27 00:00:00+05:30,379.03910612899966,380.5839059368619,374.0301855394252,375.9963073730469,19051003,0.0,0.0,-1.4717528587421058,379.03912353515625,6.553720397436734,1.0755667788469248,0.3005231332789239
2025-02-28 00:00:00+05:30,373.5620607013944,376.8389208829856,367.1956009202271,369.81707763671875,31954776,0.0,0.0,-1.8197296736574815,375.9963073730469,9.643319962758483,1.3526140171403078,0.5172559312057866
2025-03-03 00:00:00+05:30,370.70656259549924,373.56210106205316,366.25939472571287,372.1109313964844,10702826,0.0,0.0,-1.5838134883416297,369.81707763671875,7.302706336340293,1.2407779793120792,0.7651494629875026
2025-03-04 00:00:00+05:30,370.19155946983375,371.8768189431307,367.80414426427035,369.6766357421875,13404774,0.0,0.0,-1.7175113919573992,372.1109313964844,4.306787132214026,1.0684115999301556,0.7468453504490461
2025-03-05 00:00:00+05:30,369.3489671413712,386.435452947024,369.3489671413712,379.2263488769531,15665018,0.0,0.0,-0.8487609379990813,369.6766357421875,17.086485805652785,1.3897223105695262,0.5403582239851651
2025-03-06 00:00:00+05:30,383.0649304920634,383.57988278105773,375.013211588438,379.83489990234375,17869996,0.0,0.0,-0.7868963299894144,379.2263488769531,8.566671192619708,1.384005210613322,0.48355320285811876
2025-03-07 00:00:00+05:30,377.8219664714748,379.97534887092377,376.0899346663798,378.149658203125,11180761,0.0,0.0,-0.8786523916185562,379.83489990234375,3.885414204543963,1.1504509586298788,0.44465321811828584
2025-03-10 00:00:00+05:30,375.48135271072846,380.9115952921479,374.8727986777293,379.1795349121094,9785018,0.0,0.0,-0.784026932959824,378.149658203125,6.038796614418629,0.9908800935851962,0.3232630060697009
2025-03-11 00:00:00+05:30,375.9027032097249,382.36279376469145,375.6218408876654,380.3030700683594,11099475,0.0,0.0,-0.684075541892523,379.1795349121094,6.740952877026018,0.8800605047815651,0.25257142464061966
2025-03-12 00:00:00+05:30,380.4903129094051,386.9504036480261,378.24332855318335,386.1077880859375,13844306,0.0,0.0,-0.2460809792791014,380.3030700683594,8.707075094842764,0.7762361143993037,0.011050688859688247
2025-03-13 00:00:00+05:30,386.66953531662665,387.98027378974945,382.17556667393245,385.78009033203125,8196569,0.0,0.0,-0.2624415653883452,386.1077880859375,5.804707115816996,0.6483390676483093,0.04075836763849874
2025-03-17 00:00:00+05:30,386.66952781576737,389.7123267634701,381.052052835393,381.9414978027344,5257805,0.0,0.0,-0.5184346741680581,385.78009033203125,8.660273928077117,0.8029627043499306,0.03089072564752455
2025-03-18 00:00:00+05:30,383.8607734546159,385.6864641717792,381.7542204295601,383.0181579589844,13861897,0.0,0.0,-0.4275477572379402,381.9414978027344,3.9322437422191,0.5274573077797737,0.020087441662382265
2025-03-19 00:00:00+05:30,383.8607709374216,384.56295527450226,376.9325578592833,377.3538513183594,12830387,0.0,0.0,-0.8027621956267403,383.0181579589844,7.630397415218965,0.6846855578816058,0.09002468595332774
2025-03-20 00:00:00+05:30,379.17954934766647,380.72434920469203,376.27718165061447,378.1965026855469,16994037,0.0,0.0,-0.7195005776317397,377.3538513183594,4.447167554077566,0.4544535828386434,0.021959083711229406
2025-03-21 00:00:00+05:30,380.06900971850354,381.5201793399715,376.08996490330134,379.6944885253906,25302035,0.0,0.0,-0.5869399584133541,378.1965026855469,5.4302144366701555,0.27709381744466577,0.014249164755011196
2025-03-24 00:00:00+05:30,381.05201646627233,386.5290597637776,379.74127814367813,384.703369140625,14362572,0.0,0.0,-0.18752059357063625,379.6944885253906,6.834571238386957,0.10877580980674177,0.1459186963905669
2025-03-25 00:00:00+05:30,385.73324448631945,388.77604313821394,382.6436449762537,383.6734924316406,20338110,0.0,0.0,-0.25865369181176195,384.703369140625,6.132398161960225,0.05491428965999038,0.1468635885166692
2025-03-26 00:00:00+05:30,384.1416074375026,384.9842514429551,380.34982370077415,381.37969970703125,13891436,0.0,0.0,-0.42375427501394597,383.6734924316406,4.6344277421809466,-0.07170058151655981,0.0878316228302649
2025-03-27 00:00:00+05:30,381.98825745938433,384.51613235664644,379.78807428168614,383.3458251953125,18642328,0.0,0.0,-0.25914274056384545,381.37969970703125,4.728058074960302,-0.30493177516507125,0.07516268506791282
2025-03-28 00:00:00+05:30,384.70338591875066,389.10375252075136,382.12871001952664,383.626708984375,12981873,0.0,0.0,-0.23060806364835842,383.3458251953125,6.975042501224721,-0.31500090629598226,0.13991374616616986
2025-04-01 00:00:00+05:30,383.67353391685737,387.9802704965241,379.74131853086607,380.724365234375,15206240,0.0,0.0,-0.45380088846169225,383.626708984375,8.238951965658032,-0.14172788320120372,0.21278533810727557
2025-04-02 00:00:00+05:30,381.0988219723193,383.8607583698592,380.1625762201977,382.9713134765625,8001323,0.0,0.0,-0.2558515751737503,380.724365234375,3.698182149661477,-0.4619764911243551,0.21206433086214058
2025-04-03 00:00:00+05:30,381.09882796400086,384.0480249871138,380.77116480316903,383.29901123046875,7059566,0.0,0.0,-0.22230777898160728,382.9713134765625,3.276860183944791,-0.7533391500673455,0.277407110026176
2025-04-04 00:00:00+05:30,381.52014294173955,386.4822339855749,378.7114056930887,383.57989501953125,18627592,0.0,0.0,-0.19293824876745422,383.29901123046875,7.770828292486215,-0.6782133137307904,0.10928330066103002
2025-04-07 00:00:00+05:30,365.2762657499408,382.08188802784315,365.2762657499408,380.1625671386719,26762866,0.0,0.0,-0.4766286712741533,383.57989501953125,18.30362926959043,0.2830978754867229,0.007683417714725299
2025-04-08 00:00:00+05:30,385.6396149281719,389.29096760296807,381.28607794776286,386.2481689453125,18600796,0.0,0.0,0.06228614747375305,380.1625671386719,9.128400464296192,0.2376292870205518,0.1721388465091177
2025-04-09 00:00:00+05:30,386.66949469252165,392.3337700503985,385.0310646302652,389.75909423828125,21785572,0.0,0.0,0.3429569694596636,386.2481689453125,7.30270542013335,0.1286247350531435,0.2136100781618261
2025-04-11 00:00:00+05:30,393.2232079835811,395.51702145893296,390.4144707836984,394.67437744140625,8939356,0.0,0.0,0.7110287618130549,389.75909423828125,5.757927220651709,-0.12882410022488583,0.26953352377540046
2025-04-15 00:00:00+05:30,401.8366972313636,401.8366972313636,392.2869789172459,393.59771728515625,11685880,0.0,0.0,0.6044286945976309,394.67437744140625,9.549718314117683,0.055501708519474155,0.15414191632636912
2025-04-16 00:00:00+05:30,391.35075980822495,398.8875273661801,391.35075980822495,397.3895568847656,13034594,0.0,0.0,0.8833854723962353,393.59771728515625,7.536767557955159,-0.04442512081881905,0.22302193701645084
2025-04-17 00:00:00+05:30,397.90449415891055,400.57280059883806,394.67443448342624,400.01104736328125,22410217,0.0,0.0,1.0684294839322441,397.3895568847656,5.898366115411818,-0.22835041147987742,0.3554327631590795
2025-04-21 00:00:00+05:30,400.76000152305585,401.7430767519647,394.6276029884348,395.89154052734375,27388236,0.0,0.0,0.6721046759472759,400.01104736328125,7.115473763529906,-0.13816018891925222,0.23892243481294742
2025-04-22 00:00:00+05:30,398.7939022404639,407.0796545529523,396.5468895062768,405.9561767578125,32031936,0.0,0.0,1.2911450917613512,395.89154052734375,11.18811402560857,-0.1366022780559939,0.49076298996262885
2025-04-23 00:00:00+05:30,408.39042088422286,409.5607281098517,401.5090086831345,403.3815002441406,19566317,0.0,0.0,1.0559250573699437,405.9561767578125,8.051719426717227,-0.03541706677833611,0.4196564689466356
2025-04-24 00:00:00+05:30,404.317736314244,408.2499513547456,401.9302924881275,402.6324768066406,26064089,0.0,0.0,0.9719425593040593,403.3815002441406,6.319658866618056,-0.1060832857478848,0.3870449480323135
2025-04-25 00:00:00+05:30,402.63249298157206,405.11356719755287,396.3128338610747,400.52593994140625,22944377,0.0,0.0,0.7806421268133787,402.6324768066406,8.800733336478174,0.037713976965701584,0.280730879021394
2025-04-28 00:00:00+05:30,399.4492659595311,403.05381801388353,397.6704046490059,401.4621887207031,6287095,0.0,0.0,0.8329056314201457,400.52593994140625,5.38341336487764,-0.1464653520228365,0.3161398933943087
2025-04-29 00:00:00+05:30,401.5558052623093,402.21118873045583,397.90445247166593,398.8406982421875,11189930,0.0,0.0,0.5968176605136051,401.4621887207031,4.306736258789897,-0.30918157740491775,0.30851930018301016
2025-04-30 00:00:00+05:30,400.1514719800394,401.93033338689156,395.0957500866863,398.6534729003906,10026546,0.0,0.0,0.5668550863964337,398.8406982421875,6.834583300205281,-0.3438332329265296,0.27924883549125373
2025-05-02 00:00:00+05:30,397.06183232395665,403.990045229964,397.06183232395665,402.1175537109375,9263372,0.0,0.0,0.8218493313014922,398.6534729003906,6.928212906007332,-0.46812245987345924,0.31880531927991673
2025-05-05 00:00:00+05:30,402.8197624517931,410.5437904360518,401.9771469315377,409.0926208496094,11525305,0.0,0.0,1.2820410170436087,402.1175537109375,8.566643504514104,-0.5620496494800223,0.45701330325814044
2025-05-06 00:00:00+05:30,409.60755115118997,411.6204739738847,405.3944449107777,407.7818603515625,15026568,0.0,0.0,1.1410635536293154,409.0926208496094,6.226029063107035,-0.6133529243012797,0.4058190937516223
2025-05-07 00:00:00+05:30,405.76890647461266,407.2669054042834,402.30481430744925,403.662353515625,9710361,0.0,0.0,0.758318536743916,407.7818603515625,5.477046044113251,-0.6424601271590259,0.31362586518241803
2025-05-08 00:00:00+05:30,401.6494314878609,403.9900458904708,396.54688066139005,403.1474304199219,19937960,0.0,0.0,0.6978284992366832,403.662353515625,7.443165229080762,-0.6134268857658776,0.3002868509850112
2025-05-09 00:00:00+05:30,398.7939183424925,401.7898878224534,396.031981745509,396.5469055175781,8226512,0.0,0.0,0.13151551628938482,403.1474304199219,7.115448674412903,-0.44562890221190615,0.23972633934671153
2025-05-12 00:00:00+05:30,402.1175715800131,408.3904298762828,400.85363403411344,407.73504638671875,8031891,0.0,0.0,0.847698793376344,396.5469055175781,11.843524358704656,-0.4075067190999547,0.29254325936673425
2025-05-13 00:00:00+05:30,407.1733194186355,410.0288864391506,398.2321828708248,400.6195983886719,14976369,0.0,0.0,0.3265225693723473,407.73504638671875,11.796703568325825,0.09138597031611148,0.14094836378038517
2025-05-14 00:00:00+05:30,399.8705809376595,404.3177484214116,398.74707456561424,401.7430725097656,9557309,0.0,0.0,0.39141078642755817,400.6195983886719,5.570673855797338,-0.08753005071016189,0.09648612340536318
2025-05-15 00:00:00+05:30,401.7430807633696,407.64141790790075,398.8407130525867,405.0667419433594,24263510,0.0,0.0,0.596576616081692,401.7430725097656,8.800704855314052,-0.08739014282592271,0.15189097324245077
2025-05-16 00:00:00+05:30,407.17328847071144,408.3904251412249,404.5518116867584,407.92230224609375,16402035,0.0,0.0,0.7680034013946658,405.0667419433594,3.838613454466497,-0.43474722905633495,0.14124264653223248
2025-05-19 00:00:00+05:30,407.266912756039,410.54377297361634,405.0667294669892,407.5946044921875,7543854,0.0,0.0,0.7260933633353107,407.92230224609375,5.477043506627126,-0.5678390579940298,0.10492177881213235
2025-05-20 00:00:00+05:30,409.13940063587995,412.69712312567145,405.30078727250276,407.17327880859375,9868414,0.0,0.0,0.6780659630654109,407.5946044921875,7.396335853168694,-0.55042825509181,0.16450474584265962
2025-05-21 00:00:00+05:30,408.7649303606408,410.2629293856914,404.4581938781033,405.3944396972656,5776672,0.0,0.0,0.5305560318150323,407.17327880859375,5.804735507588077,-0.6146916799773064,0.009316598851760952
2025-05-22 00:00:00+05:30,405.3944162358384,405.3944162358384,395.9383282951614,398.934326171875,19451749,0.0,0.0,0.039155964703413634,405.3944396972656,9.456111402104227,-0.27793074756678066,0.06929258087938454
2025-05-23 00:00:00+05:30,406.3306853522196,411.01191444613914,401.6494562583,408.4840393066406,18536884,0.0,0.0,0.6455113191851969,398.934326171875,12.077588274264144,-0.19511643215517088,0.08017997675021535
2025-05-26 00:00:00+05:30,410.3097014858526,415.27179255079653,408.90533285555307,414.6632385253906,13107662,0.0,0.0,0.9945540441965713,408.4840393066406,6.787753244155908,-0.4177771681029706,0.18347497082031453
2025-05-27 00:00:00+05:30,414.6632418792466,415.88037851185567,403.38149188670627,406.2370300292969,26986022,0.0,0.0,0.3971014033367567,414.6632385253906,12.498886625149396,0.1498286366466897,0.05647827819618352
2025-05-28 00:00:00+05:30,398.2753781298962,402.9475037342144,393.79393430833676,400.65911865234375,431851622,7.85,0.0,0.041909998626102896,406.2370300292969,12.443095720960116,0.6121933121429397,0.020782092509015828
2025-05-29 00:00:00+05:30,402.37538231693094,403.1381676108757,397.22650883681956,399.2765197753906,21478547,0.0,0.0,-0.04444894229094535,400.65911865234375,5.91165877405615,0.5008983197254011,0.007024618507750271
2025-05-30 00:00:00+05:30,399.61025828083166,400.5160622005545,397.03580693342064,398.60906982421875,30656239,0.0,0.0,-0.0856197716082576,399.2765197753906,3.4802552671338276,0.20650917298975066,0.040844705138362386
2025-06-02 00:00:00+05:30,398.8474376645607,400.8974777159352,395.2718270145734,399.8009338378906,14973380,0.0,0.0,-0.006124196003001681,398.60906982421875,5.625650701361849,0.02277826746955692,0.11597946980160795
2025-06-03 00:00:00+05:30,399.5149278857097,402.0893793944988,396.32070963544066,397.5602722167969,13216486,0.0,0.0,-0.15420775341871198,399.8009338378906,5.7686697590581275,-0.050433826059895756,0.1261226421737282
2025-06-04 00:00:00+05:30,397.7509287646849,399.5149025311001,396.60675079881145,397.60791015625,12598933,0.0,0.0,-0.1471541643957685,397.5602722167969,2.9081517322886725,-0.39235321519404925,0.07865675488155417
2025-06-05 00:00:00+05:30,399.0381564747108,401.37423378518696,396.4160419459044,399.6102600097656,13212523,0.0,0.0,-0.004184038997459937,397.60791015625,4.958191839282563,-0.6234234455124475,0.04508224458282607
2025-06-06 00:00:00+05:30,400.7544518057209,401.7079480309055,399.5149183523392,401.4695739746094,8774988,0.0,0.0,0.12666662948546126,399.6102600097656,2.1930296785663472,-1.050905371220884,0.06677595492687208
2025-06-09 00:00:00+05:30,402.375397024289,403.9009967663349,400.94515272206996,403.3765563964844,10473123,0.0,0.0,0.2592702041950261,401.4695739746094,2.95584404426495,-1.4061850866385912,0.06763848534576049
2025-06-10 00:00:00+05:30,404.75914276623337,408.62079079284285,403.3765616168375,407.14288330078125,13041075,0.0,0.0,0.5181052469429718,403.3765563964844,5.244234396358479,-1.6110279471316178,0.10678347714837086
2025-06-11 00:00:00+05:30,408.0963712404173,408.1917266795449,405.09286404746234,406.3323974609375,20789182,0.0,0.0,0.4452715126111246,407.14288330078125,3.0988626320825574,-1.8605360795041461,0.07551223823188995
2025-06-12 00:00:00+05:30,407.14288279336307,407.3335936752473,400.03932436990533,401.4219055175781,18508835,0.0,0.0,0.0620334669283143,406.3323974609375,7.29426930534197,-1.6449887234997673,0.058445746566433504
2025-06-13 00:00:00+05:30,395.70092072544685,399.8486349912841,394.27067643366814,394.6520690917969,17873926,0.0,0.0,-0.4236098310863959,401.4219055175781,7.151229083909982,-1.39841293048569,0.2002237811181228
2025-06-16 00:00:00+05:30,395.65324319318955,399.4195355657901,394.0322880819885,398.7521057128906,7006629,0.0,0.0,-0.11097942317466386,394.6520690917969,5.387247483801616,-1.5880004142954964,0.12623242282204622
2025-06-17 00:00:00+05:30,398.65677784510535,399.5625818006199,396.3683927227586,397.98931884765625,9028406,0.0,0.0,-0.16359381870045922,398.7521057128906,3.194189077861324,-1.8200395489309227,0.13047101188520077
2025-06-18 00:00:00+05:30,397.6079031209599,398.99048420762057,395.60555534311806,396.5590515136719,8036215,0.0,0.0,-0.2657533862767745,397.98931884765625,3.3849288645025126,-2.005895179623616,0.12614371908690697
2025-06-19 00:00:00+05:30,396.3206894558478,398.799785393935,395.51021186668925,396.6544189453125,12601006,0.0,0.0,-0.2518646839666511,396.5590515136719,3.28957352724575,-2.225041348324943,0.035803974342753515
2025-06-20 00:00:00+05:30,396.6544118043789,399.9916484421562,396.6544118043789,399.0858154296875,13203184,0.0,0.0,-0.054903875537708334,396.6544189453125,3.3372366377772664,-2.4809728249819236,0.1661662163963156
2025-06-23 00:00:00+05:30,397.60791311448514,398.08466121174473,392.6020580932596,394.6520690917969,14839890,0.0,0.0,-0.3945087916230314,399.0858154296875,6.483757336427914,-2.2839087070208897,0.36507591852732757
2025-06-24 00:00:00+05:30,397.5125498490303,401.0881605080796,394.5090427151077,395.0811462402344,16690068,0.0,0.0,-0.3503522584356232,394.6520690917969,6.579117792971942,-2.2095585475862016,0.23828911808073341
2025-06-25 00:00:00+05:30,397.035822351589,398.7044407456806,395.7962888981935,396.9881591796875,9946718,0.0,0.0,-0.1852312036788891,395.0811462402344,3.6232945054462107,-2.420567279961005,0.08508287605442927
2025-06-26 00:00:00+05:30,397.7986102268212,401.32652856542074,396.89277723401676,400.7544250488281,13703918,0.0,0.0,0.1257196142138292,396.9881591796875,4.4337513314039825,-2.5935289040707805,0.03246049013811862
2025-06-27 00:00:00+05:30,401.4218740876709,402.3753702256464,398.3706748067923,399.18115234375,21409935,0.0,0.0,-0.006329209757965375,400.7544250488281,4.004695418854112,-2.6646851784995085,0.012320023554339282
2025-06-30 00:00:00+05:30,400.27768502039476,401.1835180314217,396.46370029757674,397.08349609375,12317124,0.0,0.0,-0.18109898389126683,399.18115234375,4.719817733844991,-2.656552296209688,0.05740139202162874
2025-07-01 00:00:00+05:30,397.60790154563335,399.3718752738479,395.6055537757248,395.7962646484375,13670465,0.0,0.0,-0.2864511760072401,397.08349609375,3.766321498123091,-2.743779046018277,0.03802761398317267
2025-07-02 00:00:00+05:30,397.5125694765953,397.5125694765953,392.55440657693595,393.74627685546875,15990899,0.0,0.0,-0.45705186037334544,395.7962646484375,4.958162899659328,-2.7081157383828964,0.07980247723316768
2025-07-03 00:00:00+05:30,394.7474217316605,396.65441410717574,392.125307215327,394.1276550292969,14185298,0.0,0.0,-0.4110994397958892,393.74627685546875,4.529106891848755,-2.7584796656138146,0.1172275279212593
2025-07-04 00:00:00+05:30,395.60555949045533,395.70091492818915,392.60205234140216,393.3648376464844,8256733,0.0,0.0,-0.47103470160428096,394.1276550292969,3.098862586786993,-2.8969496588245334,0.17745360465162896
2025-07-07 00:00:00+05:30,393.79391720822565,397.79861275139564,392.8404210406513,396.79742431640625,6845218,0.0,0.0,-0.132062614534197,393.3648376464844,4.958191710744359,-2.963637184063184,0.13939421370309424
2025-07-08 00:00:00+05:30,396.7974260625579,398.6567552368677,395.3671818049024,397.7986145019531,6807192,0.0,0.0,-0.035301849759864806,396.79742431640625,3.289573431965323,-3.107949819837021,0.21030071216784332
2025-07-09 00:00:00+05:30,396.84513753591426,400.7544487506528,396.13001537247743,399.9440002441406,9930533,0.0,0.0,0.16772021395429565,397.7986145019531,4.624433378175354,-3.150201707166256,0.13958281518071053
2025-07-10 00:00:00+05:30,400.75444928229246,400.75444928229246,397.0358198471668,397.46490478515625,6220360,0.0,0.0,-0.07447364721283162,399.9440002441406,3.7186294351256493,-3.1607615313023065,0.0913089496333572
2025-07-11 00:00:00+05:30,397.6079166905238,398.6090760644153,396.1776723858816,397.4172058105469,8578844,0.0,0.0,-0.07729711782040871,397.46490478515625,2.4314036785337407,-3.313752962394602,0.0755207638759235
2025-07-14 00:00:00+05:30,397.6555490287378,400.42071108202924,397.1788009641555,399.8962707519531,6896989,0.0,0.0,0.16965851199567192,397.4172058105469,3.241910117873715,-3.4296615077995103,0.032696701725010026
2025-07-15 00:00:00+05:30,401.3265266149538,402.75677085028747,399.5148897365432,402.4707336425781,8532755,0.0,0.0,0.4170686217295005,399.8962707519531,3.2418811137442844,-3.5296527915096645,0.12176115752161025
2025-07-16 00:00:00+05:30,402.4707213505022,405.6649391982031,400.7544108614845,404.8544616699219,9780773,0.0,0.0,0.6389265649119129,402.4707336425781,4.910528336718642,-3.479472034831033,0.21969694520508087
2025-07-17 00:00:00+05:30,405.99865531946784,406.0940107556235,403.3288776974709,404.2347106933594,7240795,0.0,0.0,0.5588633459633578,404.8544616699219,2.765133058152628,-3.543865883808217,0.19800773406055716
2025-07-18 00:00:00+05:30,405.4265924462953,405.4265924462953,400.56375604779373,403.09051513671875,6730256,0.0,0.0,0.42347523641684093,404.2347106933594,4.862836398501543,-3.427176426710005,0.10824798395079652
2025-07-21 00:00:00+05:30,402.3753881438521,403.09051027917883,398.9427960746048,400.5637512207031,4822343,0.0,0.0,0.14018411378278536,403.09051513671875,4.147719062113936,-3.346891501823815,0.1684786011981381
2025-07-22 00:00:00+05:30,400.5637591824813,400.8497964029397,395.8916336251602,396.6544189453125,9869507,0.0,0.0,-0.27366447406100075,400.5637512207031,4.958162777779535,-3.1800730931244825,0.04079124878840029
2025-07-23 00:00:00+05:30,397.7032702848046,398.46605560438246,394.74742624924966,395.65325927734375,12196187,0.0,0.0,-0.3729631317552934,396.6544189453125,3.718629355132805,-3.1596181633189317,0.035443247211422994
2025-07-24 00:00:00+05:30,396.5113943772586,396.5113943772586,390.4090246125477,390.8857727050781,9005157,0.0,0.0,-0.8363385630351208,395.65325927734375,6.102369764710943,-2.9027307015228287,0.2552397490035124
2025-07-25 00:00:00+05:30,390.93343164953177,391.1718056932205,388.7880652563331,390.361328125,5824089,0.0,0.0,-0.8717168768087595,390.8857727050781,2.3837404368874218,-2.9989093536176124,0.23447364962331108
2025-07-28 00:00:00+05:30,391.69621446262005,391.74390673009134,389.5985403505162,390.83807373046875,8123337,0.0,0.0,-0.7960955291444664,390.361328125,2.1453663795751368,-3.116283374842662,0.17351043012612466
2025-07-29 00:00:00+05:30,390.9334127310859,392.2683014914648,389.02642047386115,389.45550537109375,6811772,0.0,0.0,-0.9285859430712174,390.83807373046875,3.241881017603646,-3.111702501425126,0.17569373038207597
2025-07-30 00:00:00+05:30,389.979938885481,390.26597610105154,386.8810762904252,388.6450500488281,10915863,0.0,0.0,-0.9983641196178769,389.45550537109375,3.3848998106263366,-3.102223651359762,0.1463753584798266
2025-07-31 00:00:00+05:30,387.07180823457605,394.7474412869076,386.6903864618624,392.79278564453125,19364174,0.0,0.0,-0.455018369254236,388.6450500488281,8.057054825045213,-2.8462524698672156,0.03456718121118295
2025-08-01 00:00:00+05:30,393.22181910286025,399.8486291981142,392.6497155747587,397.08349609375,14324065,0.0,0.0,0.03202196813754389,392.79278564453125,7.198913623355509,-2.6832076912936835,0.08823578396125108
2025-08-04 00:00:00+05:30,400.6591229390907,402.85215260384814,395.79628640159,397.46490478515625,18352458,0.0,0.0,0.07201014802532275,397.08349609375,7.05586620225813,-2.491958662753155,0.017074000868063686
2025-08-05 00:00:00+05:30,397.798622737676,398.5137448813091,393.7939270939727,394.89044189453125,8495104,0.0,0.0,-0.20861280374427646,397.46490478515625,4.71981778733641,-2.419249858761939,0.07151245905453017
2025-08-06 00:00:00+05:30,394.8904345378628,395.700912105227,391.4101793233631,392.8404235839844,9080543,0.0,0.0,-0.4263024313908777,394.89044189453125,4.290732781863937,-2.3829338571603267,0.17508875917679625
2025-08-07 00:00:00+05:30,392.84042811675334,395.4625426248142,392.5066986324122,394.36602783203125,11514878,0.0,0.0,-0.24157671662426783,392.8404235839844,2.955843992401981,-2.481368278175525,0.07821931357052402
2025-08-08 00:00:00+05:30,394.6520785787631,396.03465973340934,393.74627463123227,395.22418212890625,9814361,0.0,0.0,-0.13723360162802228,394.36602783203125,2.288385102177074,-2.602169029157594,0.054244829036054265
2025-08-11 00:00:00+05:30,395.22418285040254,397.6079233983543,394.74743474081214,397.46490478515625,8514272,0.0,0.0,0.12440651256823426,395.22418212890625,2.8604886575421347,-2.6949816114245864,0.060496923557056
2025-08-12 00:00:00+05:30,397.6079259063852,400.2777036975735,395.9869706841952,396.9881591796875,13635738,0.0,0.0,0.06556572326342953,397.46490478515625,4.290733013378258,-2.6506289488173804,0.1439290821619846
2025-08-13 00:00:00+05:30,397.79861741128474,398.08465462555023,394.3660253481281,394.8427734375,10874910,0.0,0.0,-0.19047047089134936,396.9881591796875,3.71862927742211,-2.6197862762610753,0.2644826849511647
2025-08-14 00:00:00+05:30,394.98578714952254,395.7485724437067,391.8869246070097,392.3160095214844,9580361,0.0,0.0,-0.48291097712022163,394.8427734375,3.8616478366969886,-2.5739088065467755,0.2997596102185613
2025-08-18 00:00:00+05:30,393.79392311853456,394.4613820852118,386.02293505585004,387.4054870605469,30950814,0.0,0.0,-0.9958399717324746,392.3160095214844,8.438447029361782,-2.221324300745663,0.36035010891825625
2025-08-19 00:00:00+05:30,387.45320272429717,390.36135461529216,385.68922886161675,390.0753173828125,16681331,0.0,0.0,-0.637364645174249,387.4054870605469,4.672125753675402,-2.223149399397225,0.2401733908134735
2025-08-20 00:00:00+05:30,390.07529508093324,391.17180987394187,386.5950398255606,387.1671142578125,18188129,0.0,0.0,-0.938694264365211,390.0753173828125,4.576770048381263,-2.1542035899925884,0.22234587485749352
2025-08-21 00:00:00+05:30,387.16711674788274,387.9299311597819,384.59269449100873,386.69036865234375,15028966,0.0,0.0,-0.9714096013917544,387.1671142578125,3.337236668773187,-2.1917812935092518,0.21266938836986005
2025-08-22 00:00:00+05:30,387.1194592741643,387.5962073767187,379.0147415307397,379.77752685546875,13087624,0.0,0.0,-1.559524240083152,386.69036865234375,8.58146584597904,-1.8403593881883282,0.2508066922208204
2025-08-25 00:00:00+05:30,380.44498754804886,381.92289503325094,377.82287297221643,380.7787170410156,10440286,0.0,0.0,-1.3991199825829292,379.77752685546875,4.100022061034508,-1.869565820766287,0.21405612716175876
2025-08-26 00:00:00+05:30,380.7310049784415,386.5473373730478,379.87286425427845,384.5926818847656,13715752,0.0,0.0,-0.8904436233580748,380.7787170410156,6.674473118769356,-1.7940813994515012,0.12983093664612666
2025-08-28 00:00:00+05:30,385.6892144680879,385.6892144680879,381.39848155064317,382.2566223144531,12471719,0.0,0.0,-1.106592890484311,384.5926818847656,4.290732917444757,-1.77182232256566,0.14674370473220502
2025-08-29 00:00:00+05:30,383.3054728016321,391.3625273394323,383.21011736185324,390.695068359375,25255050,0.0,0.0,-0.14142549872561438,382.2566223144531,9.105905024979165,-1.639398272248444,0.03616476381057901
2025-09-01 00:00:00+05:30,390.69506980769,391.12415473908817,386.1659628361549,386.9764404296875,12268090,0.0,0.0,-0.4625489810941662,390.695068359375,4.958191902933265,-1.5775125738049298,0.10338991325858056
2025-09-02 00:00:00+05:30,387.6438838396435,388.88344640782555,385.6415650189729,387.8345947265625,19808255,0.0,0.0,-0.3722277896406568,386.9764404296875,3.241881388852619,-1.6646126207888048,0.17508948936180047
2025-09-03 00:00:00+05:30,389.50321848347613,394.0323256751445,388.35901134306454,392.6020812988281,12936588,0.0,0.0,0.07292419604298654,387.8345947265625,6.197730948581977,-1.644782587449505,0.0849996399337478
2025-09-04 00:00:00+05:30,404.2347131456668,407.1428648264985,395.7009107798522,396.5590515136719,27274123,0.0,0.0,0.41086102172124456,392.6020812988281,14.540783527670385,-1.2173851716343096,0.028478241960627242
2025-09-05 00:00:00+05:30,397.5125541844266,397.60790962272006,385.59385185760647,388.40667724609375,16000675,0.0,0.0,-0.2875918480264821,396.5590515136719,12.014057765113591,-0.8082811560576003,0.06853327886584346
2025-09-08 00:00:00+05:30,388.5020552463618,391.4578703163545,387.88225941065747,388.5973815917969,7419022,0.0,0.0,-0.2648756174041545,388.40667724609375,3.575610905697033,-0.9041813613264184,0.09104570564070405
2025-09-09 00:00:00+05:30,389.5032021316832,391.8392794876205,388.4543504800707,390.9811096191406,8825896,0.0,0.0,-0.059026579675330086,388.5973815917969,3.384929007549829,-1.031959565391577,0.06539326402864874
2025-09-10 00:00:00+05:30,391.8869277335158,394.46137904411546,389.9322722150785,393.8415832519531,9252397,0.0,0.0,0.17989517570349062,390.9811096191406,4.529106829036948,-1.1083492539213087,0.05531347907615975
2025-09-11 00:00:00+05:30,393.8416037431192,397.32188823995943,393.26952928734954,395.74859619140625,8274406,0.0,0.0,0.3343076393286312,393.8415832519531,4.052358952609893,-1.191625763736032,0.018518771810324155
2025-09-12 00:00:00+05:30,396.0346635028067,397.65558962884535,393.65092293651844,394.5090637207031,7803379,0.0,0.0,0.2187781499392032,395.74859619140625,4.004666692326907,-1.2336865016504273,0.0050539387213974106
2025-09-15 00:00:00+05:30,393.8415671951324,395.0334373647078,392.60203385813116,393.4601745605469,5707331,0.0,0.0,0.12078054539218629,394.5090637207031,2.4314035065766575,-1.3491826795997874,0.01772476967065551
2025-09-16 00:00:00+05:30,393.98463766531836,395.0811524650244,392.84043059703714,393.8892822265625,8239087,0.0,0.0,0.15638960340042668,393.4601745605469,2.240721867987247,-1.4868841280769376,0.10793670953599016
2025-09-17 00:00:00+05:30,394.6997719127026,395.31953863603036,389.0741209359244,390.2659912109375,14113882,0.0,0.0,-0.17804024568661922,393.8892822265625,6.245417700105975,-1.3716849136503184,0.0031245811720980103
2025-09-18 00:00:00+05:30,392.22066465605855,393.84159072448466,391.02879441527705,392.4113464355469,15647808,0.0,0.0,0.02453558271642726,390.2659912109375,3.5755995135471608,-1.4623169568268508,0.0870253733482357
2025-09-19 00:00:00+05:30,392.4113634471354,393.4125519518315,389.9322965175544,391.55322265625,19505321,0.0,0.0,-0.05636794432601925,392.4113464355469,3.480255434277126,-1.5156901662266107,0.08018909702847526
2025-09-22 00:00:00+05:30,391.5532176336283,391.8869471309128,387.16712919399254,388.0252990722656,8930779,0.0,0.0,-0.3844042963222168,391.55322265625,4.719817936920265,-1.4709687797316304,0.14404723136150466
2025-09-23 00:00:00+05:30,388.16830584530703,389.1218020379517,383.4008248820839,384.4496765136719,14936357,0.0,0.0,-0.7033200330668722,388.0252990722656,5.720977155867786,-1.376968054289515,0.06135460605844219
2025-09-24 00:00:00+05:30,384.4496930997698,385.83224517971445,382.06595251531786,382.35198974609375,12380865,0.0,0.0,-0.8844795907773915,384.4496765136719,3.7662926643965875,-1.4001138786086877,0.038555797285240855
2025-09-25 00:00:00+05:30,382.7810611389299,384.2589686096089,379.4914876094897,381.49383544921875,22006368,0.0,0.0,-0.947883566409386,382.35198974609375,4.767481000119233,-1.3875182127261632,0.013467837489351545
2025-09-26 00:00:00+05:30,381.4938409525902,387.02410735314936,381.2077746294194,386.2613220214844,14414044,0.0,0.0,-0.4110809612863124,381.49383544921875,5.816332723729943,-1.3944778577911137,0.08370817688044513
2025-09-29 00:00:00+05:30,387.97758033993085,389.02643193197514,384.44966201919163,388.3113098144531,19717660,0.0,0.0,-0.20011675115874025,386.2613220214844,4.576769912783504,-1.4296156936847582,0.026021827137872672
2025-09-30 00:00:00+05:30,387.83459589952565,387.83459589952565,381.77988895148263,382.87640380859375,9465490,0.0,0.0,-0.6848290337382189,388.3113098144531,6.531420862970492,-1.277774069808379,0.08873748843468753
2025-10-01 00:00:00+05:30,383.6392049522153,387.1194602903188,381.16010899274613,386.7380676269531,17643039,0.0,0.0,-0.2901322404147266,382.87640380859375,5.959351297572653,-1.2737952651580418,0.10667856968372617
2025-10-03 00:00:00+05:30,386.0706081822361,386.6427117258004,383.5915122257209,385.4985046386719,16987141,0.0,0.0,-0.3975716072076352,386.7380676269531,3.146555401232206,-1.3417120557976754,0.21167867864360054
2025-10-06 00:00:00+05:30,384.25895278749806,385.1170935125061,381.20775343369894,382.11358642578125,13989077,0.0,0.0,-0.6965842512897857,385.4985046386719,4.290751204972935,-1.324129138798557,0.132530399239055
2025-10-07 00:00:00+05:30,383.78224573811093,383.8776011840606,380.92175695000077,381.2077941894531,12298968,0.0,0.0,-0.7664627306444974,382.11358642578125,2.955844234059839,-1.398366246194661,0.15331342693897398
2025-10-08 00:00:00+05:30,381.3984692581301,383.0670875611344,379.4914769118394,381.16009521484375,8402463,0.0,0.0,-0.7520557525257071,381.2077941894531,3.5756106492949584,-1.4482358532376907,0.21413718646966254
2025-10-09 00:00:00+05:30,380.4449903284688,382.73337542805876,380.3973271570088,381.3031311035156,15656267,0.0,0.0,-0.7184480647731435,381.16009521484375,2.336048271049947,-1.5584129288367572,0.2906068750884142
2025-10-10 00:00:00+05:30,381.82754463251206,385.0694257205041,380.9217116513056,384.0682373046875,15085738,0.0,0.0,-0.403274996699672,381.3031311035156,4.147714069198514,-1.6023294461085638,0.2654395048816923
2025-10-13 00:00:00+05:30,381.3984717438948,382.3043047536442,380.0158906444655,380.683349609375,9508594,0.0,0.0,-0.7252021752593845,384.0682373046875,4.0523466602219855,-1.57507682257345,0.2995872946805915
2025-10-14 00:00:00+05:30,381.3984895951822,382.20896720525104,377.7752155833861,378.3472900390625,10291102,0.0,0.0,-0.9412048664589098,380.683349609375,4.433751621864928,-1.5404757888157252,0.3185927643874305
2025-10-15 00:00:00+05:30,379.49149411210675,382.20896414841775,378.7763719498352,381.3031311035156,16043867,0.0,0.0,-0.5863077687347988,378.3472900390625,3.861674109355249,-1.5980605057515342,0.25190890983397785
2025-10-16 00:00:00+05:30,382.35195675188714,387.11943750939196,380.9693756928534,386.3089599609375,22962049,0.0,0.0,-0.04721525191664182,381.3031311035156,6.150061816538539,-1.5637742935878791,0.07706654525959676
2025-10-17 00:00:00+05:30,386.49969684539326,394.6044146786696,386.4043414041463,392.98345947265625,21071344,0.0,0.0,0.5514616627483252,386.3089599609375,8.295454717732127,-1.4523534748264753,0.010239198647663313
2025-10-20 00:00:00+05:30,393.3648351646861,395.5578938251509,392.17296494651845,393.8415832519531,13083621,0.0,0.0,0.6149119782264169,392.98345947265625,3.384928878632479,-1.5170577399834848,0.040955156056704196
2025-10-21 00:00:00+05:30,394.27067613010945,394.6997610566706,393.1741613269356,393.6509094238281,1142130,0.0,0.0,0.5817670499743395,393.8415832519531,1.5255997297350063,-1.655030464824188,0.10707792396386977
2025-10-23 00:00:00+05:30,396.65441365825745,400.89748332833454,394.3183363615374,396.60675048828125,24305990,0.0,0.0,0.83340795048547,393.6509094238281,7.24657390450642,-1.5449327064542948,0.23416023949575634
2025-10-24 00:00:00+05:30,396.6067573166322,398.5137497228218,394.22301680889524,397.4172058105469,14935678,0.0,0.0,0.8894000398206318,396.60675048828125,4.290732913926547,-1.5596500659718262,0.29755204902050014
2025-10-27 00:00:00+05:30,397.60791001997336,403.0428499257912,397.22651736481293,401.0881652832031,11603679,0.0,0.0,1.1938234315073784,397.4172058105469,5.816332560978253,-1.533570106900833,0.36663752526080223
2025-10-28 00:00:00+05:30,400.9451604443985,402.04167527754,396.559072013437,398.466064453125,17163147,0.0,0.0,0.8893333886943685,401.0881652832031,5.482603264102977,-1.4569802994049281,0.23791874859824705
2025-10-29 00:00:00+05:30,398.7521371748908,402.56612211545064,396.7020969906232,401.9940185546875,11470661,0.0,0.0,1.1826598730405078,398.466064453125,5.864025124827435,-1.4336190148183416,0.2592605014222016
2025-10-30 00:00:00+05:30,401.9939896699586,402.08934510630013,396.7974239224796,399.2765197753906,12938674,0.0,0.0,0.8678573572040471,401.9940185546875,5.291921183820534,-1.3710417063038771,0.3276189907194768
2025-10-31 00:00:00+05:30,400.9451426303807,406.5707642578344,398.7521130615341,400.8021240234375,18599864,0.0,0.0,0.9917149643544255,399.2765197753906,7.818651196300323,-1.2455514139393058,0.2947052921499275
2025-11-03 00:00:00+05:30,400.42074533071906,402.041671429904,394.07997225072296,394.69976806640625,7635440,0.0,0.0,0.3249199394507778,400.8021240234375,7.961699179181039,-1.0422992130819992,0.1749780774679316
2025-11-04 00:00:00+05:30,394.7474188614159,395.22416695182824,389.36017125943533,389.88458251953125,10085404,0.0,0.0,-0.12894738933458325,394.69976806640625,5.863995692392905,-0.9513131205113747,0.1438660323845467
2025-11-06 00:00:00+05:30,390.9334537061446,394.0799796210065,387.64388007828336,388.5497131347656,10095563,0.0,0.0,-0.24803186770042404,389.88458251953125,6.436099542723127,-0.8779829007590763,0.13485123651936054
2025-11-07 00:00:00+05:30,387.1671242550703,390.0753051532848,384.3543278958865,385.2601318359375,8411611,0.0,0.0,-0.5417657318858449,388.5497131347656,5.7209772573982605,-0.8153186991792957,0.0710745025842869
2025-11-10 00:00:00+05:30,385.26012436572665,388.1683052075514,384.8787317089743,386.69036865234375,6650003,0.0,0.0,-0.38945520046301574,385.2601318359375,3.289573498577056,-0.9082381154913118,0.09134988814711281
2025-11-11 00:00:00+05:30,387.11945405752516,389.07410961230016,385.7845652080402,387.929931640625,12005318,0.0,0.0,-0.2586444993701327,386.69036865234375,3.2895444042599706,-0.9955257251549068,0.06722055183111461
2025-11-12 00:00:00+05:30,389.0264331714527,389.1217886071048,386.6903559407471,388.07293701171875,7987236,0.0,0.0,-0.2381198899892021,387.929931640625,2.4314326663576935,-1.1043145734643038,0.13632356170090584
2025-11-13 00:00:00+05:30,388.0729379121885,388.5496859931617,385.6891975073225,386.8334045410156,6617185,0.0,0.0,-0.356502556456505,388.07293701171875,2.8604884858391983,-1.1743659549262557,0.15978461172476682
2025-11-14 00:00:00+05:30,385.87991971501265,389.74156764498133,381.49383142153096,389.1694641113281,64020258,0.0,0.0,-0.10473882614608163,386.8334045410156,8.247736223450374,-1.0428236576931769,0.14986366199803489
2025-11-17 00:00:00+05:30,390.69506352506284,392.8404299507648,387.1194528155595,388.1683044433594,7855399,0.0,0.0,-0.20573187512781896,389.1694641113281,5.720977135205317,-0.9940742426752223,0.03834865445802243
2025-11-18 00:00:00+05:30,389.26482550088946,390.74273297855876,385.73687790475674,386.9764404296875,7661681,0.0,0.0,-0.3266331808989062,388.1683044433594,5.005855073802024,-0.9758250604208897,0.1396895913023114
2025-11-19 00:00:00+05:30,386.0229487699935,386.6903786619881,384.06826406864894,384.78338623046875,7882450,0.0,0.0,-0.551720732275534,386.9764404296875,2.9081763610385565,-1.0363073743124585,0.2043007792254275
2025-11-20 00:00:00+05:30,384.78336574606783,388.07293915467255,384.49732853592553,386.59503173828125,6693410,0.0,0.0,-0.3328858748167242,384.78338623046875,3.575610618747021,-1.1085101280973695,0.15352706463413257
2025-11-21 00:00:00+05:30,386.1659529187517,389.5031895489138,385.8799157040955,388.8834228515625,5808131,0.0,0.0,-0.06792261961156874,386.59503173828125,3.6232738448183,-1.1805966964629953,0.1705264746667673
2025-11-24 00:00:00+05:30,389.40784869658233,389.78924136320717,384.1159563384741,384.78338623046875,11037491,0.0,0.0,-0.5024694781849587,388.8834228515625,5.6732850247330475,-1.0880910612295873,0.26005863466782586
2025-11-25 00:00:00+05:30,384.7834000881633,385.6892331651161,381.49385548435896,382.1612854003906,8199785,0.0,0.0,-0.7673352551527886,384.78338623046875,4.195377680757133,-1.0794481923395673,0.3981940544017998
2025-11-26 00:00:00+05:30,382.3519887554517,385.16481427717554,382.3043255832445,383.5915222167969,11443953,0.0,0.0,-0.5826537652785756,382.1612854003906,3.0035288767849124,-1.1677687029892232,0.3209875486263449
2025-11-27 00:00:00+05:30,384.7357193128495,387.07179665807234,383.40083044346284,385.4985046386719,8679529,0.0,0.0,-0.34738782921759004,383.5915222167969,3.670966214609507,-1.2271777333507385,0.36887066648195554
2025-11-28 00:00:00+05:30,385.4984993519528,386.1659583266901,383.782217843192,385.4508361816406,6883500,0.0,0.0,-0.34423112853066656,385.4985046386719,2.3837404834981157,-1.321508525979914,0.32879830114103986
2025-12-01 00:00:00+05:30,384.0682550618539,386.6427064233897,379.6821958509331,385.4508361816406,13442658,0.0,0.0,-0.33570540565484325,385.4508361816406,6.960510572456599,-1.2009656870489107,0.3788240609997176
2025-12-02 00:00:00+05:30,385.45084717768543,386.64271745343586,381.8752363504342,382.3043212890625,8093808,0.0,0.0,-0.68401842048572,385.4508361816406,4.767481103001671,-1.152858624587529,0.3299496839201376
2025-12-03 00:00:00+05:30,383.01942065902773,383.49616874095415,380.3019507723685,381.8752136230469,10772192,0.0,0.0,-0.7186044679905266,382.3043212890625,3.194217968585633,-1.2064936838648628,0.24137975434449713
2025-12-04 00:00:00+05:30,381.493813935015,384.7833581805478,380.49262552241476,384.3066101074219,8057989,0.0,0.0,-0.3914776950256437,381.8752136230469,4.290732658133038,-1.2379709239654264,0.12378452777980567
2025-12-05 00:00:00+05:30,384.3066201289768,386.49967878158014,383.3054607886625,386.1182861328125,4419747,0.0,0.0,-0.1587733408877672,384.3066101074219,3.194217992917629,-1.3119079156017361,0.026163055755593145
2025-12-08 00:00:00+05:30,386.11831050848593,386.40434773852076,381.92290381200377,383.5915222167969,6056866,0.0,0.0,-0.4559848235796252,386.1182861328125,4.481443926516988,-1.2755134283541099,0.09142013938593482
2025-12-09 00:00:00+05:30,383.305460687225,385.68920111438433,381.39846834549746,382.3996276855469,9426717,0.0,0.0,-0.5904403050087293,383.5915222167969,4.290732768886869,-1.262665184599641,0.16338116802970157
2025-12-10 00:00:00+05:30,382.447322017598,385.5938477590759,382.35196658031816,384.4019775390625,6969146,0.0,0.0,-0.3158714006311835,382.3996276855469,3.241881178757751,-1.3331055536861096,0.10280370636889002
2025-12-11 00:00:00+05:30,384.40200931761535,385.2124869539056,382.4473536345593,384.16363525390625,6980147,0.0,0.0,-0.3383450701706333,384.4019775390625,2.765133319346319,-1.3985088124580418,0.07692253582429061
2025-12-12 00:00:00+05:30,384.1636131699276,385.21246480963276,381.2554613992128,381.49383544921875,12407516,0.0,0.0,-0.6611954044399043,384.16363525390625,3.9570034104199863,-1.3766651407612058,0.21904717115055178
2025-12-15 00:00:00+05:30,381.49384796695153,384.5927107187102,380.9217444084862,383.5915222167969,7756564,0.0,0.0,-0.3623470029761968,381.49383544921875,3.670966310224003,-1.4194265836535618,0.12664906760438255
2025-12-16 00:00:00+05:30,382.7333428800691,386.8810568881978,382.39961341304394,383.0194091796875,12347384,0.0,0.0,-0.4278027879611277,383.5915222167969,4.481443475153867,-1.3927360684631043,0.11140992880501373
2025-12-17 00:00:00+05:30,382.35200134405585,384.35434931541226,380.54036426459874,381.2077941894531,8087490,0.0,0.0,-0.6525022147974332,383.0194091796875,3.8139850508135282,-1.3852441195143916,0.10176341276782759
2025-12-18 00:00:00+05:30,381.3984840446188,383.2578132936943,381.2554654327811,381.7798767089844,7227668,0.0,0.0,-0.5567568963826378,381.2077941894531,2.050019104241187,-1.488164997737616,0.1420535522166073
2025-12-19 00:00:00+05:30,381.63684238821344,383.92522737860764,381.63684238821344,382.3996276855469,10654835,0.0,0.0,-0.4553641964026705,381.7798767089844,2.2883849903942064,-1.5749194182930222,0.20118441249522986
2025-12-22 00:00:00+05:30,382.92407926981116,384.87873483805475,382.5426866099581,383.9729309082031,6847871,0.0,0.0,-0.2179388743198312,382.3996276855469,2.479107152507879,-1.6576960442560524,0.027286785066606388
2025-12-23 00:00:00+05:30,383.78221492360865,389.8845846952617,383.114755953949,388.40667724609375,10081997,0.0,0.0,0.37995568245213124,383.9729309082031,6.769828741312722,-1.5506197091725866,0.19818442232808034
2025-12-24 00:00:00+05:30,388.9787845212552,390.45669198464753,386.7857258129762,387.6915588378906,5777430,0.0,0.0,0.2752899689207031,388.40667724609375,3.6709661716713526,-1.5520194603727813,0.13312709450983268
2025-12-26 00:00:00+05:30,387.5961905544338,388.2159572411766,385.0694315402398,385.35546875,3152453,0.0,0.0,-0.046669494730786076,387.6915588378906,3.14652570093682,-1.5611060957251628,0.004580516727632722
2025-12-29 00:00:00+05:30,385.30780773012765,385.97523758942174,382.7810487018413,383.8775634765625,6647710,0.0,0.0,-0.24398630666245696,385.35546875,3.194188887580424,-1.5744711553828197,0.04817528616136801
2025-12-30 00:00:00+05:30,384.258966100121,384.6880510266874,381.68451473751173,381.9705810546875,12340527,0.0,0.0,-0.4944874342142926,383.8775634765625,3.0035362891756563,-1.5906850465500892,0.10068947493424428
2025-12-31 00:00:00+05:30,382.4473351908261,384.97409432460887,382.2089611386127,384.25897216796875,9945109,0.0,0.0,-0.1576461725713468,381.9705810546875,3.0035132699213705,-1.6481389598051805,0.05799098581959688
2026-01-01 00:00:00+05:30,383.9729288975114,383.9729288975114,345.833081144032,346.9295959472656,282626710,0.0,0.0,-1.4094425835778206,384.25897216796875,38.42589102393674,0.2391883541522296,0.49493566387019533
2026-01-02 00:00:00+05:30,343.258630577141,343.258630577141,329.19456168543866,333.7713317871094,118790358,0.0,0.0,-1.8124369582440738,346.9295959472656,17.735034261826968,0.8055348807960084,0.6213360108782767
2026-01-05 00:00:00+05:30,333.91437015500077,337.4899807901625,329.9573377733733,333.4376220703125,48358124,0.0,0.0,-1.7784385193123082,333.7713317871094,7.532643016789223,0.8487645267106709,0.6597016545279585
2026-01-06 00:00:00+05:30,333.96207009159815,334.39115505441515,322.04336666220496,326.5248107910156,72582738,0.0,0.0,-2.0024160785072103,333.4376220703125,12.347788392210191,1.1181986143358582,0.6774193782105622
2026-01-07 00:00:00+05:30,327.0491724258814,328.52707978728273,323.52122510729475,325.38055419921875,29440734,0.0,0.0,-2.000576651513881,326.5248107910156,5.005854679987976,1.083781654541083,0.6772368577009553
2026-01-08 00:00:00+05:30,325.61894801457146,329.0992032790893,323.2828707159584,325.0468444824219,36706319,0.0,0.0,-1.9622496145080075,325.38055419921875,5.8163325631309135,1.066392717478576,0.7192377285396206
2026-01-09 00:00:00+05:30,325.04683249490375,325.1421879298111,320.47006260328425,321.4712219238281,35193201,0.0,0.0,-2.0733573455117034,325.0468444824219,4.672125326526839,1.055251547459628,0.7301503410120429
2026-01-12 00:00:00+05:30,322.52006733707344,323.71193750461623,320.1839901693325,322.6630859375,16156143,0.0,0.0,-1.9544294065677916,321.4712219238281,3.527947335283727,0.9514889152306081,0.6971756618547992
2026-01-13 00:00:00+05:30,323.23521493145626,323.71196303607496,318.18169666185645,319.13519287109375,24922339,0.0,0.0,-2.07131606813839,322.6630859375,5.530266374218513,0.9755937058640421,0.7511114082532087
2026-01-14 00:00:00+05:30,320.37473160941005,320.37473160941005,317.9433278749468,319.182861328125,14913422,0.0,0.0,-2.0121946940435014,319.13519287109375,2.431403734463231,0.854025271176183,0.748463210805256
2026-01-16 00:00:00+05:30,321.8049675143545,321.8049675143545,313.2711648846159,313.8909606933594,30526898,0.0,0.0,-2.214234168044952,319.182861328125,8.533802629738545,1.0085187242938967,0.7583248247577205
2026-01-19 00:00:00+05:30,314.65372624927437,319.0874774812901,312.07927503151404,317.7049255371094,15507440,0.0,0.0,-1.918419368408008,313.8909606933594,7.008202449776036,0.9898544042394296,0.6963735381717113
2026-01-20 00:00:00+05:30,318.5153888891398,318.9444738116522,310.3630081485584,311.12579345703125,18771011,0.0,0.0,-2.1795442107403447,317.7049255371094,8.581465663093809,1.154499451794229,0.7274940294430149
2026-01-21 00:00:00+05:30,310.8397584229455,313.9862842154765,309.2664955266801,309.64788818359375,14177965,0.0,0.0,-2.2035855195343754,311.12579345703125,4.7197886887963705,1.1231973547694598,0.7593772283769293
2026-01-22 00:00:00+05:30,310.9351259007337,313.4142219142513,306.1199524882791,309.7432556152344,18622852,0.0,0.0,-2.136867588489099,309.64788818359375,7.294269425972175,1.1566421570273842,0.8409788287372706
2026-01-23 00:00:00+05:30,310.41069841240886,311.2211760598996,307.6932573272881,308.3606872558594,11950089,0.0,0.0,-2.1607644246192423,309.7432556152344,3.5279187326115107,1.0857031862351727,0.842105501855894
2026-01-27 00:00:00+05:30,308.551391551435,309.6002432435028,303.06878812758583,303.8315734863281,47847784,0.0,0.0,-2.3551363876332716,308.3606872558594,6.53145511591697,1.1590103448936069,0.8456975360447362
2026-01-28 00:00:00+05:30,305.07112352260765,308.64673430417406,304.499019977878,306.2153015136719,28400238,0.0,0.0,-2.120987576057572,303.8315734863281,4.8151608178459355,1.0820540778259886,0.7981386027445808
2026-01-29 00:00:00+05:30,307.5978899534603,307.5978899534603,303.25946464318696,303.7839050292969,17719420,0.0,0.0,-2.2126561487716843,306.2153015136719,4.338425310273351,1.0549050012163315,0.7992206882288111
2026-01-30 00:00:00+05:30,303.9745746586993,310.02928130332384,301.7338818840886,307.1687927246094,41975824,0.0,0.0,-1.9043364820976214,303.7839050292969,8.295399419235252,1.0859400904604297,0.779277938313396
2026-02-02 00:00:00+05:30,295.0593918522917,300.7326764202941,287.9558339773994,300.06524658203125,35227572,0.0,0.0,-2.22952504198998,307.1687927246094,19.212958747209996,1.5902442053396062,0.6821662278517675
2026-02-03 00:00:00+05:30,306.26298563884325,309.64788544935533,297.1094164617701,301.924560546875,33168353,0.0,0.0,-2.033851298263021,300.06524658203125,12.538468987585247,1.7252383400050268,0.5548183178752668
2026-02-04 00:00:00+05:30,304.2122558533025,306.5972918224836,303.09276069340797,305.5264587402344,11196759,6.5,0.0,-1.715921095870802,301.924560546875,4.672731275608612,1.5994800392757313,0.46005984948593726
2026-02-05 00:00:00+05:30,305.62381368471375,306.98667865411124,301.09711153502366,301.9732666015625,15816704,0.0,0.0,-1.88495371447649,305.5264587402344,5.889567119087587,1.6078178109566394,0.4284069590537084
2026-02-06 00:00:00+05:30,301.7785557148148,319.0091496502099,300.12362917115206,317.1595153808594,68057745,0.0,0.0,-0.7237967865148417,301.9732666015625,18.885520479057845,1.7399714926818743,0.11521979857375471
2026-02-09 00:00:00+05:30,319.25251636686045,319.9826257687896,313.11957956571865,314.23907470703125,20059198,0.0,0.0,-0.8501366851743631,317.1595153808594,6.863046203070951,1.7556022188980547,0.1461740993540915
2026-02-10 00:00:00+05:30,314.43379342333833,314.9691951201795,312.2434651409776,312.876220703125,11489090,0.0,0.0,-0.8994756761445604,314.23907470703125,2.725729979201901,1.6409464856154419,0.11983290508666836
2026-02-11 00:00:00+05:30,313.41163831821643,313.6550081166595,307.91145710682224,309.80975341796875,24843366,0.0,0.0,-1.0374005072203853,312.876220703125,5.743551009837233,1.6374197420517438,0.17463888663138324
2026-02-12 00:00:00+05:30,308.8849296992704,311.90272107711473,308.49554397172875,309.0309753417969,13294561,0.0,0.0,-1.0545246102091923,309.80975341796875,3.4071771053859834,1.5420246245580786,0.14261347116782427
2026-02-13 00:00:00+05:30,307.6194359281623,309.9557801328065,304.9423680522052,305.4291076660156,8730618,0.0,0.0,-1.225710236822007,309.0309753417969,5.013412080601313,1.537064617541973,0.18485092217716417
2026-02-16 00:00:00+05:30,305.4291060946274,309.80976259638305,304.8450126194144,309.5177307128906,11693763,0.0,0.0,-0.9387254237393846,305.4291076660156,4.964749976968676,1.432447688870849,0.05974252290862398
2026-02-17 00:00:00+05:30,310.0044627469445,319.34983928901715,309.7124011623626,316.8188171386719,39360672,0.0,0.0,-0.47530741187163866,309.5177307128906,9.83210857612653,1.435795549402365,0.011554657797324713
2026-02-18 00:00:00+05:30,317.35422585595626,324.11991832114603,316.18603890816456,323.6331787109375,35473203,0.0,0.0,-0.09055990111103807,316.8188171386719,7.933879412981469,1.3858430960261672,0.16259480749684405
2026-02-19 00:00:00+05:30,325.19071316475083,325.38542088701683,316.3807383344217,317.3542175292969,19911747,0.0,0.0,-0.4132231971893091,323.6331787109375,9.004682552595114,1.5285623223720424,0.09429620736718877
2026-02-20 00:00:00+05:30,316.4294014344681,319.1551610138723,316.4294014344681,318.32769775390625,11282027,0.0,0.0,-0.35010038075588706,317.3542175292969,2.7257595794042118,1.3936599198939597,0.10392433080666738
2026-02-23 00:00:00+05:30,318.3277143412081,319.39854745647875,315.79666235281263,316.7701416015625,13486092,0.0,0.0,-0.4269635707059567,318.32769775390625,3.6018851036661204,1.3199095650517312,0.10159069450901266
2026-02-24 00:00:00+05:30,315.4072718436051,316.7701368296786,313.5089754538475,314.9205322265625,13135859,0.0,0.0,-0.5206708700597292,316.7701416015625,3.2611661477150165,1.2422779889045037,0.13844187877977385
2026-02-25 00:00:00+05:30,316.86749468006315,317.93832779267075,309.6637541988749,311.2699890136719,13492101,0.0,0.0,-0.7158101026379512,314.9205322265625,8.274573593795822,1.347369665682756,0.06212352391368599
2026-02-26 00:00:00+05:30,311.5133555396741,312.87622052851447,309.1770113147723,309.8584289550781,11270119,0.0,0.0,-0.7825706897373766,311.2699890136719,3.699209213742165,1.278421315452203,0.07560524074790125
2026-02-27 00:00:00+05:30,307.6194251776827,309.32301376648314,304.3582639374763,305.2830810546875,13892595,0.0,0.0,-1.0325547149167456,309.8584289550781,5.50016501760183,1.311310813688451,0.023127425598752582
2026-03-02 00:00:00+05:30,298.85810450075655,307.376047218612,298.85810450075655,306.548583984375,22194311,0.0,0.0,-0.9230684713566859,305.2830810546875,8.51794271785542,1.361825642231709,0.08564775432963698
2026-03-04 00:00:00+05:30,302.3626464990797,307.13268865380064,302.2652926371002,303.6768493652344,24165489,0.0,0.0,-1.0808327293125235,306.548583984375,4.867396016700468,1.3478001728633375,0.022842996025281295
2026-03-05 00:00:00+05:30,303.9202168516899,305.28308178434213,300.026300067982,303.23876953125,19938009,0.0,0.0,-1.08305312301102,303.6768493652344,5.256781716360138,1.3157782304487051,0.031105430991736394
2026-03-06 00:00:00+05:30,301.8272051738374,304.0175333092302,300.9997716448259,301.48651123046875,21288269,0.0,0.0,-1.1747247885910772,303.23876953125,3.017761664404304,1.231654963542112,0.006784485604129731
2026-03-09 00:00:00+05:30,296.9111643273846,299.05283051074235,295.54829935080625,297.8846435546875,14084931,0.0,0.0,-1.3867479520629675,301.48651123046875,5.938211879662504,1.2736029496349728,0.320388260866257
2026-03-10 00:00:00+05:30,300.8050671722483,301.77854635403554,295.69430146786544,300.8537292480469,18352950,0.0,0.0,-1.117377307538389,297.8846435546875,6.084244886170097,1.2297487899939226,0.22231238617926768
2026-03-11 00:00:00+05:30,300.85374630707344,302.41131902789596,299.53957310372596,300.8050842285156,14842485,0.0,0.0,-1.092526758701006,300.8537292480469,2.87174592417,1.1212635615814934,0.20495884469800013
2026-03-12 00:00:00+05:30,298.9067800288785,299.83159716315987,294.8181851652266,296.0350341796875,23319679,0.0,0.0,-1.3885939795990314,300.8050842285156,5.986899063289002,1.1891590893053656,0.22730935263392202
2026-03-13 00:00:00+05:30,295.937682389217,297.8846408259882,292.67652106597967,293.455322265625,25659996,0.0,0.0,-1.5426133549365622,296.0350341796875,5.208119760008515,1.199136820188203,0.24961009350419935
2026-03-16 00:00:00+05:30,294.52613802796225,301.2431686839447,293.99073631862075,300.0749816894531,37472204,0.0,0.0,-0.9233382806681335,293.455322265625,7.7878464183197025,1.1699861321683236,0.08184518811275196
2026-03-17 00:00:00+05:30,301.7298865244703,301.7298865244703,295.98633554258623,296.76513671875,25649286,0.0,0.0,-1.1285613756884911,300.0749816894531,5.743550981884084,1.2055271639575191,0.19728963230534693
2026-03-18 00:00:00+05:30,297.7872705212262,298.8094414690324,295.45092646773946,295.986328125,16702554,0.0,0.0,-1.1580761817649992,296.76513671875,3.358515001292915,1.1236667793269588,0.3584597926765167
2026-03-19 00:00:00+05:30,293.50397895966603,297.3978957617843,289.2206764189814,290.0968017578125,17851126,0.0,0.0,-1.5220817778545341,295.986328125,8.177219342802914,1.284935814485958,0.586384015043259
2026-03-20 00:00:00+05:30,293.0658899820715,300.56169141647746,290.2428063525175,291.9950866699219,58679529,0.0,0.0,-1.3242114456529865,290.0968017578125,10.464889658664958,1.405994068955857,0.4801851008600903
2026-03-23 00:00:00+05:30,290.9729210433315,291.07027490300464,281.87088476609046,282.7470397949219,31788160,0.0,0.0,-1.826407132277194,291.9950866699219,10.12420190383142,1.6594924057109581,0.5824709228404267
2026-03-24 00:00:00+05:30,288.1011820084419,288.14984408530046,281.0921198636166,283.52581787109375,33335721,0.0,0.0,-1.7144984042613345,282.7470397949219,7.057724221683884,1.6610231548474508,0.5512519874624141
2026-03-25 00:00:00+05:30,284.9373809296547,290.58354854916115,284.49930339528424,287.8578186035156,26184716,0.0,0.0,-1.296814320708902,283.52581787109375,7.057730678067401,1.609816068517611,0.43100811137502604
2026-03-27 00:00:00+05:30,286.88433837890625,288.9773127628988,283.81785506545845,286.88433837890625,22179022,0.0,0.0,-1.3357318839173957,287.8578186035156,5.159457697440359,1.5737363982541954,0.40566840918102165
2026-03-30 00:00:00+05:30,285.813498126197,286.64096138513423,279.38852948557997,280.0699768066406,24586921,0.0,0.0,-1.733572936162065,286.88433837890625,7.495808893326284,1.6960850855894083,0.4546808782195623
2026-04-01 00:00:00+05:30,285.22940879596706,286.64096553507443,283.1850965114152,283.9638977050781,18604340,0.0,0.0,-1.3538551211625984,280.0699768066406,6.570988728433804,1.6327056473056674,0.3288289920916709
2026-04-02 00:00:00+05:30,282.5523525472668,285.86217605837106,280.75140999162466,285.0834045410156,18082775,0.0,0.0,-1.231743211176967,283.9638977050781,5.110766066746407,1.564313010794589,0.3318280782286047
2026-04-06 00:00:00+05:30,285.2294224223722,287.51710461894146,282.552354464483,287.0303649902344,18047063,0.0,0.0,-1.0459976874120305,285.0834045410156,4.964750154458443,1.4820512849085192,0.2610685839162011
2026-04-07 00:00:00+05:30,286.3489031712945,291.0702832730548,284.98603822136056,290.5348815917969,26963485,0.0,0.0,-0.7411402516275029,287.0303649902344,6.084245051694268,1.4171228576624217,0.19009454016073152
2026-04-08 00:00:00+05:30,295.8403295367806,296.52177687527063,293.5526474241106,294.4288024902344,22310207,0.0,0.0,-0.4251528928264325,290.5348815917969,5.986895283473757,1.3464303567531133,0.10232867456829323
2026-04-09 00:00:00+05:30,293.5039840547165,296.32706784361375,293.26061425035937,294.9642028808594,17691477,0.0,0.0,-0.37521141525291635,294.4288024902344,3.06645359325438,1.2288984070614362,0.044313213947847686
2026-04-10 00:00:00+05:30,294.96421173271233,297.30055598300885,294.57482597570106,296.1810607910156,17744386,0.0,0.0,-0.27435847389644774,294.9642028808594,2.7257300073077886,1.0943247354565824,0.07283713469404066
2026-04-13 00:00:00+05:30,292.0437560666014,293.4553127708808,290.19415155315835,290.72955322265625,16522014,0.0,0.0,-0.6597557545768981,296.1810607910156,5.986909237857276,1.164038006524781,0.14485673155687806
2026-04-15 00:00:00+05:30,292.725224960759,295.9376946310278,292.57917930537735,294.0393981933594,18701403,0.0,0.0,-0.38428190496542053,290.72955322265625,5.208141408371546,1.0910168116865322,0.029306670670248978
2026-04-16 00:00:00+05:30,294.91552885499743,297.2518729405252,293.84469581756434,295.35357666015625,16512053,0.0,0.0,-0.27424490981979427,294.0393981933594,3.4071771229608316,0.9860005936482473,0.0284044777169014
2026-04-17 00:00:00+05:30,295.7916756720069,301.729905030981,295.7916756720069,298.6634216308594,35111203,0.0,0.0,-0.012984373858474653,295.35357666015625,6.376328370824751,0.9596265295049008,0.02222243575268688
2026-04-20 00:00:00+05:30,298.8581217781442,299.7829389242669,296.37576164015127,296.9111633300781,13540471,0.0,0.0,-0.14724375206782056,298.6634216308594,3.407177284115619,0.8977869909226908,0.0023567121476813844
2026-04-21 00:00:00+05:30,296.91116324455527,302.849392451092,296.4730857105753,301.4378356933594,24411865,0.0,0.0,0.2047505631291776,296.9111633300781,6.376306740516725,0.8596243483232445,0.08296329941607324
2026-04-22 00:00:00+05:30,301.77854447435044,302.3139461377078,297.0085024549496,297.39788818359375,24500511,0.0,0.0,-0.11180246805350266,301.4378356933594,5.305443682758153,0.8970894267838598,0.11432905120679125
2026-04-23 00:00:00+05:30,295.93767496628874,298.22535701375915,295.2075655708127,297.20318603515625,10701849,0.0,0.0,-0.12428850174460983,297.39788818359375,3.017791442946475,0.8032600536603957,0.08378982015965623
2026-04-24 00:00:00+05:30,298.5174072251711,298.5174072251711,293.114609250071,293.6013488769531,17011704,0.0,0.0,-0.4042090870056443,297.20318603515625,5.4027979751001,0.8443672000360136,0.19207597627307565
2026-04-27 00:00:00+05:30,295.5969487737246,297.5439071449768,294.8181773085145,295.7916564941406,14382348,0.0,0.0,-0.21377085752798372,293.6013488769531,3.9425582680236744,0.7552727624333966,0.21176466249277526
2026-04-28 00:00:00+05:30,296.32707115310103,297.6899361310764,294.526128639099,296.3757629394531,12907339,0.0,0.0,-0.16028492607053305,295.7916564941406,3.1638074919774226,0.6621598347917017,0.15723268314501418
2026-04-29 00:00:00+05:30,297.00850597252486,309.0796419528162,297.00850597252486,307.86279296875,31199038,0.0,0.0,0.6565963431172794,296.3757629394531,12.703879013363064,0.7724529942358196,0.3243036940377018
2026-04-30 00:00:00+05:30,307.86278680248944,309.07963576218305,304.99101137432183,306.548583984375,11541956,0.0,0.0,0.5476261883338498,307.86279296875,4.088624387861216,0.7317748486156292,0.4473680004248612
2026-05-04 00:00:00+05:30,309.4690426623296,309.4690426623296,302.26530226968964,302.8493957519531,20245091,0.0,0.0,0.26573010926080626,306.548583984375,7.203740392639986,0.8334694532078852,0.32013226588090693
2026-05-05 00:00:00+05:30,302.8494008323303,305.38045282577866,301.4378440355334,303.19012451171875,26795704,0.0,0.0,0.28360916094719696,302.8493957519531,3.9426087902452878,0.7651646076450047,0.31103710138150525
2026-05-06 00:00:00+05:30,304.504273955316,305.28307511999276,301.04843476850743,302.4599914550781,20287609,0.0,0.0,0.22259604076367506,303.19012451171875,4.234640351485325,0.7238980160657641,0.2707085352768456
2026-05-07 00:00:00+05:30,303.1901061095417,303.38478412292693,298.85811182359606,299.24749755859375,25718615,0.0,0.0,-0.026280668234648613,302.4599914550781,4.526672299330869,0.7279126611621349,0.1536476482887227
2026-05-08 00:00:00+05:30,300.70773068347654,300.70773068347654,297.59261494674206,299.29620361328125,17739844,0.0,0.0,-0.021881956880499622,299.24749755859375,3.115115736734481,0.6386782659199074,0.09208106852027724
2026-05-11 00:00:00+05:30,298.85811207299713,299.83159126541733,297.05716962537434,297.7386169433594,14968661,0.0,0.0,-0.14406003288856706,299.29620361328125,2.7744216400429877,0.5609912774201127,0.051490419741619047
2026-05-12 00:00:00+05:30,297.25189225671994,298.1280176321973,292.141126240168,292.7252197265625,15968338,0.0,0.0,-0.5292519989354437,297.7386169433594,5.986891392029349,0.6550714650012506,0.05991539749684526
2026-05-13 00:00:00+05:30,293.99072694682496,297.6899361310764,293.0659097966479,296.3757629394531,13024778,0.0,0.0,-0.21575669317640467,292.7252197265625,4.964716404513922,0.5921996059999691,0.10104582138404075
2026-05-14 00:00:00+05:30,296.91115977719784,300.9997843525029,296.7651438369858,299.0528259277344,11113377,0.0,0.0,0.0034684322591803716,296.3757629394531,4.624021413049775,0.5312997928469917,0.0907490943319932
2026-05-15 00:00:00+05:30,299.0528357626027,303.77418633135375,298.17668067606064,301.2431640625,11954564,0.0,0.0,0.17783038420449848,299.0528259277344,5.597505655293105,0.5154766627167614,0.10494427333472542
2026-05-18 00:00:00+05:30,301.24314294849347,304.01753483399096,298.371367495507,301.924560546875,14422870,0.0,0.0,0.22870168465401852,301.2431640625,5.646167338483963,0.5220095387692256,0.06096424844838141
2026-05-19 00:00:00+05:30,303.67685162223455,305.91584192326644,300.17232052251813,302.0705871582031,17519355,0.0,0.0,0.23520071063168657,301.924560546875,5.743521400748307,0.5381550519342061,0.09943689441446782
2026-05-20 00:00:00+05:30,300.8050809313701,301.43783648682927,298.07935098097914,299.3935241699219,12127920,0.0,0.0,0.00010486043772582685,302.0705871582031,3.991236177223982,0.5248459848514665,0.04085615690598839
2026-05-21 00:00:00+05:30,301.6325293694972,303.0440563532439,297.68992087203304,299.8802490234375,21868988,0.0,0.0,0.04237210445345182,299.3935241699219,5.354135481210847,0.5228174728157579,0.053402959871951594
2026-05-22 00:00:00+05:30,297.7872949531656,298.8581280637695,293.01725259672514,293.6986999511719,30751752,0.0,0.0,-0.4785243223924214,299.8802490234375,6.862996426712357,0.6667621092575821,0.06678973635982415
2026-05-25 00:00:00+05:30,295.8890075683594,297.3978884085819,294.33143494437775,295.8890075683594,15734247,0.0,0.0,-0.2745298089187941,293.6986999511719,3.6991884574100027,0.5750502047475294,0.04480430913192174
2026-05-26 00:00:00+05:30,296.27839961224,296.32706168880947,293.1145922213104,293.6499938964844,37560542,0.0,0.0,-0.4599315243134628,295.8890075683594,3.2124694674990906,0.5270583070705949,0.0419049689077527
2026-05-27 00:00:00+05:30,295.6499938964844,296.3500061035156,291.04998779296875,291.95001220703125,25446093,8.0,0.0,-0.5984125752715055,293.6499938964844,5.300018310546875,0.5568532254873602,0.08474637679042156
2026-05-29 00:00:00+05:30,292.0,292.3999938964844,285.8999938964844,286.8999938964844,31930439,0.0,0.0,-1.0041395228262964,291.95001220703125,6.5,0.6790178401878089,0.4578383036809877
2026-06-01 00:00:00+05:30,287.79998779296875,288.54998779296875,278.29998779296875,279.6499938964844,23477875,0.0,0.0,-1.511504111865458,286.8999938964844,10.25,0.9679600686040243,0.5200582947602569
2026-06-02 00:00:00+05:30,279.5,283.6000061035156,277.1000061035156,283.25,20206131,0.0,0.0,-1.1172486355684907,279.6499938964844,6.5,0.9532233368490799,0.37966345173313787
2026-06-03 00:00:00+05:30,282.3500061035156,282.3500061035156,275.20001220703125,277.0,28001438,0.0,0.0,-1.5437666829953611,283.25,8.04998779296875,1.1323468762292739,0.45522432395158124
2026-06-04 00:00:00+05:30,277.0,280.6499938964844,275.04998779296875,280.29998779296875,22017634,0.0,0.0,-1.1889236659693794,277.0,5.600006103515625,1.0822311424286921,0.36870534555955053
2026-06-05 00:00:00+05:30,280.0,281.3999938964844,277.8500061035156,280.70001220703125,16065822,0.0,0.0,-1.1236802766714407,280.29998779296875,3.54998779296875,1.000466316837232,0.32374884806128046
2026-06-08 00:00:00+05:30,279.0,283.45001220703125,276.95001220703125,279.45001220703125,15779677,0.0,0.0,-1.2022853963232298,280.70001220703125,6.5,1.0508441454829243,0.33930317421062134
2026-06-09 00:00:00+05:30,281.70001220703125,281.70001220703125,277.1499938964844,280.0,12302522,0.0,0.0,-1.1209404328744266,279.45001220703125,4.550018310546875,1.0038623548055177,0.3085866181925519
2026-06-10 00:00:00+05:30,280.0,285.8500061035156,278.6499938964844,283.6499938964844,19823743,0.0,0.0,-0.7410695479230155,280.0,7.20001220703125,1.0089033752700982,0.1617110064977615
2026-06-11 00:00:00+05:30,283.0,283.25,281.20001220703125,282.3999938964844,12603100,0.0,0.0,-0.831598740984167,283.6499938964844,2.449981689453125,0.9099637267319537,0.26016201967868746
2026-06-12 00:00:00+05:30,283.54998779296875,285.8500061035156,283.0,285.1000061035156,12893433,0.0,0.0,-0.5573977615725192,282.3999938964844,3.45001220703125,0.7953957934696093,0.25962390234816857
2026-06-15 00:00:00+05:30,287.0,288.8500061035156,286.70001220703125,287.8999938964844,11194950,0.0,0.0,-0.2877185626052213,285.1000061035156,3.75,0.6936653533074955,0.24549510979450412
2026-06-16 00:00:00+05:30,288.1499938964844,292.1499938964844,287.5,291.6499938964844,14467499,0.0,0.0,0.05141881629519879,287.8999938964844,4.649993896484375,0.6159468689575979,0.17893493753325032
2026-06-17 00:00:00+05:30,291.95001220703125,292.3500061035156,290.0,290.75,8626353,0.0,0.0,-0.0291162706808743,291.6499938964844,2.350006103515625,0.5147023712063469,0.19459655966346792
2026-06-18 00:00:00+05:30,291.04998779296875,291.8999938964844,288.0,291.1499938964844,10409670,0.0,0.0,0.007713534756162498,290.75,3.899993896484375,0.4605357570639369,0.14747561217960617
2026-06-19 00:00:00+05:30,289.79998779296875,294.54998779296875,288.3999938964844,292.5,13874008,0.0,0.0,0.13157010151817974,291.1499938964844,6.149993896484375,0.4842824366076346,0.13002354914674666
2026-06-22 00:00:00+05:30,292.79998779296875,293.95001220703125,290.04998779296875,291.25,9947873,0.0,0.0,0.010507135000562207,292.5,3.9000244140625,0.45291911476997454,0.04724546219462147
2026-06-23 00:00:00+05:30,291.25,293.1499938964844,289.6499938964844,290.0,9410364,0.0,0.0,-0.11015624358205883,291.25,3.5,0.4073053753147714,0.11572258626676206
2026-06-24 00:00:00+05:30,290.0,291.3999938964844,289.45001220703125,290.3500061035156,6218635,0.0,0.0,-0.07279653091836046,290.0,1.949981689453125,0.27874463166614966,0.06734668965242346
2026-06-25 00:00:00+05:30,290.3500061035156,292.25,289.20001220703125,290.0,11230239,0.0,0.0,-0.10644401979675686,290.3500061035156,3.04998779296875,0.20878606869411928,0.040923635003548106
2026-06-29 00:00:00+05:30,290.45001220703125,291.8999938964844,289.3500061035156,290.70001220703125,10110022,0.0,0.0,-0.031089650924983333,290.0,2.54998779296875,0.10534664595926378,0.08776020100715014
2026-06-30 00:00:00+05:30,291.5,291.6000061035156,285.5,286.95001220703125,18180676,0.0,0.0,-0.41482069628471085,290.70001220703125,6.100006103515625,0.2188587084384705,0.18341746110735818
2026-07-01 00:00:00+05:30,287.8500061035156,291.0,287.1000061035156,290.29998779296875,6551425,0.0,0.0,-0.049407898884117445,286.95001220703125,4.04998779296875,0.1443330340457803,0.1782551193156653
2026-07-02 00:00:00+05:30,290.70001220703125,291.0,287.70001220703125,289.8999938964844,12722639,0.0,0.0,-0.08977389011130807,290.29998779296875,3.29998779296875,0.09013987554107583,0.3827893443788311
2026-07-03 00:00:00+05:30,291.29998779296875,291.6000061035156,289.0,289.95001220703125,6517591,0.0,0.0,-0.08221741711031448,289.8999938964844,2.600006103515625,0.0010308393362797796,0.3169136468140463
2026-07-06 00:00:00+05:30,289.95001220703125,290.3999938964844,287.6000061035156,288.25,27126124,0.0,0.0,-0.2645258072354025,289.95001220703125,2.79998779296875,-0.0524131864957069,0.23779489111712598
2026-07-07 00:00:00+05:30,288.29998779296875,290.70001220703125,286.54998779296875,288.75,18491160,0.0,0.0,-0.20184799227543385,288.25,4.1500244140625,-0.07214435152183296,0.2999996062247984
2026-07-08 00:00:00+05:30,286.8999938964844,287.8500061035156,280.0,280.6499938964844,21593793,0.0,0.0,-0.9498647522245334,288.75,8.75,0.23098903330123252,0.016861052859903403
2026-07-09 00:00:00+05:30,281.25,284.3999938964844,281.0,282.04998779296875,12512120,0.0,0.0,-0.7787053831463365,280.6499938964844,3.75,0.1714604506678069,0.04407728089356769
2026-07-10 00:00:00+05:30,282.8500061035156,283.6499938964844,280.8500061035156,281.75,11774274,0.0,0.0,-0.7900710078921805,282.04998779296875,2.79998779296875,0.09565595285165343,0.018387377206696774
2026-07-13 00:00:00+05:30,281.3500061035156,281.5,279.5,279.6499938964844,12559492,0.0,0.0,-0.9831682002485357,281.75,2.25,0.02279563279681273,0.15683488365557555
2026-07-14 00:00:00+05:30,279.25,280.6499938964844,275.0,275.54998779296875,15018851,0.0,0.0,-1.3504990681065696,279.6499938964844,5.649993896484375,0.13679656988002356,0.342579745650295
2026-07-15 00:00:00+05:30,276.6499938964844,277.70001220703125,275.29998779296875,276.6499938964844,8523722,0.0,0.0,-1.188923896921832,275.54998779296875,2.4000244140625,0.025561909605087304,0.44910146813199664
2026-07-16 00:00:00+05:30,277.0,280.45001220703125,276.0,279.3500061035156,11220653,0.0,0.0,-0.8413817736237975,276.6499938964844,4.45001220703125,-0.010675291132044741,0.3238630698738984
2026-07-17 00:00:00+05:30,279.3500061035156,281.95001220703125,277.79998779296875,280.70001220703125,15215868,0.0,0.0,-0.6703293719677599,279.3500061035156,4.1500244140625,-0.04155715602627368,0.28907235989582675
2026-07-20 00:00:00+05:30,280.70001220703125,283.70001220703125,279.5,282.70001220703125,9913943,0.0,0.0,-0.43083997141161207,280.70001220703125,4.20001220703125,-0.07921832348131634,0.26630366276794065
2026-07-21 00:00:00+05:30,283.0,283.95001220703125,278.79998779296875,281.0,9858768,0.0,0.0,-0.6016802366713109,282.70001220703125,5.1500244140625,-0.020722229457229215,0.2751673343656041
2026-07-22 00:00:00+05:30,280.5,282.20001220703125,278.5,280.79998779296875,12995017,0.0,0.0,-0.6091171654870866,281.0,3.70001220703125,-0.05271904669231765,0.25414346942009974
2026-07-23 00:00:00+05:30,279.95001220703125,284.0,279.6499938964844,281.29998779296875,21143589,0.0,0.0,-0.5359087198975484,280.79998779296875,4.350006103515625,-0.06327699804102702,0.24896840701894604
2026-07-24 00:00:00+05:30,279.54998779296875,284.8500061035156,279.54998779296875,283.45001220703125,24954082,0.0,0.0,-0.26733132531692383,281.29998779296875,5.300018310546875,-0.05383830078186476,0.1716899900968081
2026-07-27 00:00:00+05:30,287.75,287.8999938964844,285.5,285.8500061035156,19312804,0.0,0.0,0.017736575060224052,283.45001220703125,4.449981689453125,-0.08931481922075316,0.12170634710948862
2026-07-28 00:00:00+05:30,284.8999938964844,287.95001220703125,282.29998779296875,284.6499938964844,14843878,0.0,0.0,-0.1218011486958906,285.8500061035156,5.6500244140625,-0.01879152064727987,0.06166255812031755
2026-07-29 00:00:00+05:30,285.6000061035156,289.04998779296875,284.1499938964844,286.25,19030590,0.0,0.0,0.07044562319093078,284.6499938964844,4.899993896484375,-0.02544893149107531,0.11392335518917406
2026-07-30 00:00:00+05:30,286.1000061035156,288.3999938964844,283.75,285.04998779296875,18283697,0.0,0.0,-0.07543902237040197,286.25,4.649993896484375,-0.004811102969877927,0.13342473182825254
2026-07-31 00:00:00+05:30,285.54998779296875,285.79998779296875,280.04998779296875,281.0,16833813,0.0,0.0,-0.5429790449865135,285.04998779296875,5.75,0.10686453227806281,0.2218089354647434
2026-08-03 00:00:00+05:30,284.45001220703125,292.54998779296875,283.0,287.0,45392755,0.0,0.0,0.16580140246673328,281.0,11.54998779296875,0.31968485474079356,0.027995467140183746
2026-08-04 00:00:00+05:30,286.04998779296875,289.0,284.70001220703125,289.0,12689243,0.0,0.0,0.37162598487409876,287.0,4.29998779296875,0.2607668586679844,0.005417108063106135
2026-08-05 00:00:00+05:30,288.25,288.5,285.0,286.95001220703125,11771241,0.0,0.0,0.1380585131037429,289.0,4.0,0.24782544983321808,0.15710742550032383
2026-08-06 00:00:00+05:30,285.45001220703125,286.3500061035156,283.70001220703125,285.8999938964844,12447629,0.0,0.0,0.01881622746057742,286.95001220703125,3.25,0.1893883837482733,0.09685527638113796
2026-08-07 00:00:00+05:30,285.0,286.1000061035156,284.3999938964844,286.1000061035156,6128841,0.0,0.0,0.04090490633625405,285.8999938964844,1.70001220703125,0.04584245078967017,0.1097097952288042
2026-08-10 00:00:00+05:30,286.1000061035156,286.1000061035156,281.3999938964844,282.6499938964844,9347929,0.0,0.0,-0.3474524144723125,286.1000061035156,4.70001220703125,0.09641413909598925,0.07317051385493922
2026-08-11 00:00:00+05:30,282.0,282.6000061035156,278.0,279.0,13053722,0.0,0.0,-0.733010650135335,282.6499938964844,4.649993896484375,0.14848749073915285,0.08508021849172076
2026-08-12 00:00:00+05:30,279.0,279.54998779296875,275.3999938964844,276.1499938964844,12630816,0.0,0.0,-1.0230613650281393,279.0,4.149993896484375,0.16631556729396932,0.011820300269102295
2026-08-13 00:00:00+05:30,276.20001220703125,278.5,276.04998779296875,278.5,11335590,0.0,0.0,-0.7060842320426763,276.1499938964844,2.45001220703125,0.027379020745842118,0.020262312302809282
2026-08-14 00:00:00+05:30,278.3500061035156,278.3500061035156,275.95001220703125,278.20001220703125,7338537,0.0,0.0,-0.7233913450906259,278.5,2.54998779296875,-0.06442229976091973,0.06112456667368047
2026-08-17 00:00:00+05:30,278.20001220703125,278.20001220703125,273.0,273.04998779296875,12795275,0.0,0.0,-1.223762682003727,278.20001220703125,5.20001220703125,0.04883286445366351,0.21906924736427158
2026-08-18 00:00:00+05:30,273.04998779296875,273.6499938964844,269.1499938964844,270.0,14561572,0.0,0.0,-1.5139455866284828,273.04998779296875,4.5,0.09469960224189279,0.2422902928740917
2026-08-19 00:00:00+05:30,270.0,270.95001220703125,265.8500061035156,267.04998779296875,13821291,0.0,0.0,-1.7900395667259943,270.0,5.100006103515625,0.1683087256713476,0.2855654329939117
2026-08-20 00:00:00+05:30,268.20001220703125,271.6499938964844,265.0,271.6499938964844,28272797,0.0,0.0,-1.0998663980312149,267.04998779296875,6.649993896484375,0.1935413446235742,0.18468855478932394
2026-08-21 00:00:00+05:30,271.6000061035156,271.6000061035156,269.0,269.3999938964844,8312928,0.0,0.0,-1.3076253643481266,271.6499938964844,2.649993896484375,0.1321582565866101,0.2683858699422353
2026-08-24 00:00:00+05:30,270.6000061035156,270.6000061035156,267.0,269.70001220703125,8518400,0.0,0.0,-1.2387332447642982,269.3999938964844,3.600006103515625,0.07994915474414425,0.32139232780374044
2026-08-25 00:00:00+05:30,269.70001220703125,271.3999938964844,267.6499938964844,271.3999938964844,8414719,0.0,0.0,-0.99810686207027,269.70001220703125,3.75,0.014200720983755659,0.2610834298469372
2026-08-26 00:00:00+05:30,271.8500061035156,273.95001220703125,270.25,270.25,11693367,0.0,0.0,-1.103760191866184,271.3999938964844,3.70001220703125,-0.0069361861675236725,0.3180911425090643
2026-08-27 00:00:00+05:30,269.5,271.25,268.0,269.0,8834890,0.0,0.0,-1.2215962824344564,270.25,3.25,-0.048002345392978624,0.3187681453690291
2026-08-28 00:00:00+05:30,269.0,269.0,264.79998779296875,266.0,15200847,0.0,0.0,-1.522125488651841,269.0,4.20001220703125,-0.008459526158900237,0.3042593335413231
2026-08-31 00:00:00+05:30,266.0,266.54998779296875,255.5,255.5,24575845,0.0,0.0,-2.105820363376034,266.0,11.04998779296875,0.4955440542702924,0.5855013273432714
2026-09-01 00:00:00+05:30,261.5,268.20001220703125,261.5,266.6000061035156,31258553,0.0,0.0,-0.755271168859645,255.5,12.70001220703125,0.6697989897256207,0.35612041866781424
2026-09-02 00:00:00+05:30,266.0,269.0,262.79998779296875,266.29998779296875,14643482,0.0,0.0,-0.7589314785214518,266.6000061035156,6.20001220703125,0.7191203382234849,0.33769412196833365
2026-09-03 00:00:00+05:30,266.5,267.6000061035156,262.3500061035156,263.0,17813663,0.0,0.0,-0.982646726106654,266.29998779296875,5.25,0.7744212533957191,0.3611983289474381
2026-09-04 00:00:00+05:30,264.0,266.25,262.6499938964844,264.1000061035156,9519153,0.0,0.0,-0.8682970865103461,263.0,3.600006103515625,0.6843085432759466,0.3421459299168859
2026-09-07 00:00:00+05:30,264.1000061035156,264.95001220703125,262.95001220703125,263.5,6688002,0.0,0.0,-0.8947498398872351,264.1000061035156,2.0,0.5533499879629681,0.31163515999990066
2026-09-08 00:00:00+05:30,263.5,265.8999938964844,262.70001220703125,263.5,7406617,0.0,0.0,-0.8722172538492797,263.5,3.199981689453125,0.47103085727348326,0.2681658634249775
2026-09-09 00:00:00+05:30,263.6499938964844,264.5,260.20001220703125,260.79998779296875,10065188,0.0,0.0,-1.0695499989857156,263.5,4.29998779296875,0.4892375993935556,0.2662617775770919
2026-09-10 00:00:00+05:30,261.0,263.8999938964844,259.1000061035156,259.29998779296875,17541602,0.0,0.0,-1.1712102274990928,260.79998779296875,4.79998779296875,0.5125806491994723,0.3380280933407263
2026-09-11 00:00:00+05:30,258.0,261.6499938964844,257.70001220703125,259.8500061035156,11116049,0.0,0.0,-1.0903389854263952,259.29998779296875,3.949981689453125,0.46092126104812875,0.32164733711098165
2026-09-15 00:00:00+05:30,261.0,264.20001220703125,258.0,258.0,12133201,0.0,0.0,-1.2277157252761632,259.8500061035156,6.20001220703125,0.5567489833637754,0.2799994549424794
2026-09-16 00:00:00+05:30,259.3999938964844,264.8999938964844,259.29998779296875,264.1499938964844,15199856,0.0,0.0,-0.5760801616367024,258.0,6.899993896484375,0.5432900445419543,0.10290236050638184
2026-09-17 00:00:00+05:30,264.79998779296875,268.5,264.1000061035156,266.20001220703125,13365227,0.0,0.0,-0.383568864077976,264.1499938964844,4.399993896484375,0.48108303051113227,0.015191679593666753
2026-09-18 00:00:00+05:30,266.6000061035156,266.6000061035156,262.29998779296875,262.29998779296875,14399150,0.0,0.0,-0.694497627695449,266.20001220703125,4.300018310546875,0.5152279734247163,0.16923059927586465
2026-09-21 00:00:00+05:30,263.54998779296875,267.95001220703125,263.54998779296875,267.0,8662786,0.0,0.0,-0.25846292167288004,262.29998779296875,5.6500244140625,0.4674521154951148,0.041594273495187274
2026-09-22 00:00:00+05:30,267.8999938964844,268.25,264.75,265.79998779296875,7177847,0.0,0.0,-0.35233583216759096,267.0,3.5,0.41832534664487375,0.06655320673593694
2026-09-23 00:00:00+05:30,265.8500061035156,271.04998779296875,265.1499938964844,270.1499938964844,13142058,0.0,0.0,0.027578073836420323,265.79998779296875,5.899993896484375,0.3904173250189914,0.020408122592230165
2026-09-24 00:00:00+05:30,268.70001220703125,270.29998779296875,266.70001220703125,268.0,7398276,0.0,0.0,-0.15294393179855886,270.1499938964844,3.5999755859375,0.3620304902621458,0.03614450743499891
2026-09-25 00:00:00+05:30,268.1000061035156,269.0,266.29998779296875,269.0,6240148,0.0,0.0,-0.06318624163269376,268.0,2.70001220703125,0.24044933863719506,0.0
2026-09-28 00:00:00+05:30,269.0,269.29998779296875,265.0,265.20001220703125,7863377,0.0,0.0,-0.38658276768007216,269.0,4.29998779296875,0.27993892857228975,0.01273863683853994
2026-09-29 00:00:00+05:30,265.45001220703125,266.75,263.29998779296875,265.1000061035156,14419948,0.0,0.0,-0.38590283555755484,265.20001220703125,3.45001220703125,0.21682908464062908,0.1832058178954915
2026-09-30 00:00:00+05:30,265.0,266.8999938964844,261.3999938964844,262.75,14079098,0.0,0.0,-0.5856747204645496,265.1000061035156,5.5,0.2947650408710504,0.08820150916538666
2026-10-01 00:00:00+05:30,262.70001220703125,262.70001220703125,254.64999389648438,255.89999389648438,16447266,0.0,0.0,-1.1166553443082083,262.75,8.100006103515625,0.5728431238088625,0.20717076495008685
