Date,Open,High,Low,Close,Volume,Dividends,Stock Splits,obs_mom,Prev_Close,TR,obs_vol,obs_er
2022-10-04 00:00:00+05:30,8361.872733359165,8419.114702331835,8295.546808700952,8353.7021484375,503140,0.0,0.0,-0.3217809866199693,8215.7626953125,203.35200701933536,0.10677905587371635,0.08579098372547589
2022-10-06 00:00:00+05:30,8395.515397438383,8482.988708769604,8353.7012321317,8365.716796875,474445,0.0,0.0,-0.2887050898742292,8353.7021484375,129.28747663790455,-0.010392502282423161,0.03690103955680486
2022-10-07 00:00:00+05:30,8410.895328237631,8502.789991994605,8373.4067662032,8438.8671875,428616,0.0,0.0,-0.12541948977067266,8365.716796875,137.07319511960486,-0.1560266756189042,0.005044526710702383
2022-10-10 00:00:00+05:30,8338.802691166531,8532.44573794554,8322.461521627645,8518.9404296875,411218,0.0,0.0,0.04874295468219765,8438.8671875,209.9842163178946,-0.22688892210044373,0.0376947425801989
2022-10-11 00:00:00+05:30,8469.532221956082,8507.020788141112,8329.190410083924,8347.5986328125,422610,0.0,0.0,-0.3166153972966699,8518.9404296875,189.75001960357622,-0.17358902514620445,0.10241014047580695
2022-10-12 00:00:00+05:30,8360.910719164014,8382.058113487032,8257.672609573423,8349.9521484375,380365,0.0,0.0,-0.3036056461989949,8347.5986328125,124.38550391360877,-0.2975283500362642,0.10084127634860442
2022-10-13 00:00:00+05:30,8329.190294405451,8444.972475335182,8259.019389443929,8314.3388671875,355605,0.0,0.0,-0.37588048200871044,8349.9521484375,185.95308589125307,-0.3192503101609619,0.13372818621727345
2022-10-14 00:00:00+05:30,8420.508758102087,8426.852601542982,8272.765168975271,8283.3388671875,274160,0.0,0.0,-0.43805344198839563,8314.3388671875,154.0874325677105,-0.3832557574446761,0.27364323806887103
2022-10-17 00:00:00+05:30,8276.322382052242,8410.608543868955,8235.036706932804,8385.7119140625,304671,0.0,0.0,-0.18231486139580463,8283.3388671875,175.57183693615116,-0.4981753302170605,0.2069115047801777
2022-10-18 00:00:00+05:30,8425.362948957016,8543.788557940445,8412.86676002745,8466.0234375,369973,0.0,0.0,0.011187392319921665,8385.7119140625,158.07664387794466,-0.622046270088892,0.21102579821986941
2022-10-19 00:00:00+05:30,8508.366782993804,8511.826890489387,8358.027646844179,8381.43359375,385416,0.0,0.0,-0.18945097749304726,8466.0234375,153.79924364520775,-0.644161404585358,0.2515354624141301
2022-10-20 00:00:00+05:30,8362.833675288328,8400.514676832841,8277.282848035378,8369.947265625,328270,0.0,0.0,-0.2127941615572853,8381.43359375,123.2318287974631,-0.7518923831144397,0.23802233465656697
2022-10-21 00:00:00+05:30,8391.670316540994,8453.190007292269,8306.119496590003,8366.0048828125,356203,0.0,0.0,-0.21741508447772087,8369.947265625,147.0705107022659,-0.8279457559445605,0.32935731652874667
2022-10-24 00:00:00+05:30,8448.191770630296,8448.191770630296,8406.906100840377,8425.7470703125,30052,0.0,0.0,-0.05871494330179074,8366.0048828125,82.18688781779565,-1.0361116465865357,0.27203847034752704
2022-10-25 00:00:00+05:30,8478.184253105914,8667.549592999549,8456.460483000532,8656.0146484375,727441,0.0,0.0,0.49148422087097104,8425.7470703125,241.80252268704862,-1.1119659859644433,0.09163461338431202
2022-10-27 00:00:00+05:30,8699.270063571956,8725.175812443718,8557.00575755995,8691.5322265625,849108,0.0,0.0,0.5635931204623591,8656.0146484375,168.1700548837689,-1.1706167312351206,0.14624992582100205
2022-10-28 00:00:00+05:30,8742.52512584139,9179.843818917365,8700.230336887347,9124.66796875,1873029,0.0,0.0,1.2894684928243993,8691.5322265625,488.31159235486484,-1.0250255907057053,0.3426234463385976
2022-10-31 00:00:00+05:30,9276.017151855905,9390.40534264045,9084.82508605815,9158.3603515625,1932020,0.0,0.0,1.322982732542788,9124.66796875,305.5802565822996,-0.9149890422283862,0.4163494972222001
2022-11-01 00:00:00+05:30,9261.598481022073,9263.42522258158,9011.67470260321,9088.189453125,805517,0.0,0.0,1.138447976146743,9158.3603515625,251.75051997837,-0.8197426957750552,0.30739197581638156
2022-11-02 00:00:00+05:30,9078.961885241479,9088.189464662211,8853.069239076127,8871.7177734375,788679,0.0,0.0,0.6273081827439467,9088.189453125,235.12022558608442,-0.6580402103678903,0.344299486599088
2022-11-03 00:00:00+05:30,8853.069153070795,8949.193682420098,8809.236743173957,8881.041015625,616860,0.0,0.0,0.6305154539674594,8871.7177734375,139.9569392461417,-0.7625963430117155,0.2968295561422574
2022-11-04 00:00:00+05:30,8899.113218508057,8962.651157209897,8834.853407116712,8871.8134765625,465775,0.0,0.0,0.5955644908331692,8881.041015625,127.79775009318473,-0.8677396721607447,0.2853203255971437
2022-11-07 00:00:00+05:30,8917.471925488571,8990.33412558109,8895.65147120353,8971.58984375,469017,0.0,0.0,0.7840038079767288,8871.8134765625,118.52064901859012,-1.0496454234801598,0.2958896084876493
2022-11-09 00:00:00+05:30,9112.94091931926,9113.421541938405,8862.681097017345,8894.8828125,617256,0.0,0.0,0.5949871393624948,8971.58984375,250.74044492106077,-0.9347242745697124,0.2092004393065217
2022-11-10 00:00:00+05:30,8844.417672686972,8892.239624563526,8719.455788386429,8744.6884765625,445700,0.0,0.0,0.24332935031248581,8894.8828125,175.42702411357095,-0.8795476520098799,0.22359965642352728
2022-11-11 00:00:00+05:30,8843.456476070294,8881.906286835816,8699.269685699583,8735.3642578125,461074,0.0,0.0,0.2167643706532894,8744.6884765625,182.63660113623337,-0.9005649445134273,0.21617544597667906
2022-11-14 00:00:00+05:30,8747.331531797994,8807.937855382244,8644.045544813942,8797.65234375,282822,0.0,0.0,0.34989516787925584,8735.3642578125,163.8923105683025,-0.9921010521432508,0.2670916058589152
2022-11-15 00:00:00+05:30,8833.843522975098,8846.868207890902,8776.168810093866,8807.12109375,359888,0.0,0.0,0.36288543176869525,8797.65234375,70.699397797036,-1.1802325924612795,0.2929413197605798
2022-11-16 00:00:00+05:30,8805.005761589808,8893.920939859137,8747.186489099087,8780.9267578125,350737,0.0,0.0,0.2920444269257951,8807.12109375,146.7344507600501,-1.2297594779544714,0.2308724434028784
2022-11-17 00:00:00+05:30,8748.293073502044,8814.23412256701,8622.369944985534,8638.1826171875,409572,0.0,0.0,-0.059226983697120386,8780.9267578125,191.86417758147581,-1.136517726460073,0.09703128551826323
2022-11-18 00:00:00+05:30,8660.818363156694,8674.227920063699,8493.561715521924,8505.14453125,515615,0.0,0.0,-0.37366877612129124,8638.1826171875,180.66620454177428,-1.0623274131427962,0.06787187282006882
2022-11-21 00:00:00+05:30,8482.989587974838,8583.1515337993,8445.501022090302,8521.6318359375,520644,0.0,0.0,-0.3235566860095427,8505.14453125,137.65051170899824,-1.1477303428533319,0.08299142061328964
2022-11-22 00:00:00+05:30,8531.051165877236,8588.678003467689,8515.719117165498,8529.849609375,455948,0.0,0.0,-0.2947657234500108,8521.6318359375,72.95888630219088,-1.3187336888394567,0.0894354188288964
2022-11-23 00:00:00+05:30,8593.53294287593,8640.633962361491,8557.005621642229,8588.24609375,621006,0.0,0.0,-0.13637509993823646,8529.849609375,110.78435298649129,-1.4543917026375952,0.08876606427363157
2022-11-24 00:00:00+05:30,8621.313023698047,8646.305400561821,8575.269000066432,8619.58203125,455343,0.0,0.0,-0.051259613315694064,8588.24609375,71.0364004953899,-1.6288932384239723,0.022327848974757508
2022-11-25 00:00:00+05:30,8651.207864730584,8728.107490194856,8600.742485519655,8669.9521484375,545439,0.0,0.0,0.08328889739145046,8619.58203125,127.36500467520091,-1.716262766902047,0.013106124138683646
2022-11-28 00:00:00+05:30,8678.1234832981,8751.273882853595,8603.146341993577,8637.1748046875,439956,0.0,0.0,-0.007434927793764065,8669.9521484375,148.1275408600177,-1.7134136591592726,0.3911818292238552
2022-11-29 00:00:00+05:30,8636.788652949432,8674.998151998374,8543.547862817422,8564.8876953125,606692,0.0,0.0,-0.20650284148092957,8637.1748046875,131.4502891809516,-1.710880736865104,0.4619180381199663
2022-11-30 00:00:00+05:30,8578.152550565697,8670.432093915575,8526.245307431393,8626.359375,1087650,0.0,0.0,-0.02727059235829143,8564.8876953125,144.18678648418245,-1.7683093051074437,0.361906992120778
2022-12-01 00:00:00+05:30,8669.51876454971,8675.238361517413,8583.920062975123,8610.9794921875,694489,0.0,0.0,-0.07068366834158464,8626.359375,91.31829854229,-1.8607951630263284,0.24254503501966734
2022-12-02 00:00:00+05:30,8478.18290255366,8582.862883265487,8415.461651488851,8474.193359375,971612,0.0,0.0,-0.45656119876422124,8610.9794921875,195.5178406986488,-1.7026392159114485,0.33834254287227167
2022-12-05 00:00:00+05:30,8501.2532864663,8510.096930816879,8425.314909077015,8451.31640625,519621,0.0,0.0,-0.5125809012137176,8474.193359375,84.78202173986392,-1.7990620835527726,0.34576880115698194
2022-12-06 00:00:00+05:30,8437.041832514558,8458.95803604656,8357.979412234465,8379.5107421875,551379,0.0,0.0,-0.7118432203192747,8451.31640625,100.97862381209598,-1.8321251226711088,0.4983195895014823
2022-12-07 00:00:00+05:30,8382.057798774553,8408.828101005578,8306.119431102168,8323.56640625,546450,0.0,0.0,-0.8643934873365752,8379.5107421875,102.70866990340983,-1.8677831893642955,0.48939690782880463
2022-12-08 00:00:00+05:30,8329.190847911137,8373.408133428034,8272.525247532667,8346.205078125,476001,0.0,0.0,-0.7683889117611382,8323.56640625,100.88288589536751,-1.9504521155615504,0.3832186470746786
2022-12-09 00:00:00+05:30,8369.562991790313,8424.113663638724,8214.27399826287,8279.5419921875,790406,0.0,0.0,-0.9593100535849854,8346.205078125,209.83966537585366,-1.7895670068354743,0.4154520144120537
2022-12-12 00:00:00+05:30,8275.361329083547,8356.394125431581,8185.2924508379165,8324.14453125,445039,0.0,0.0,-0.7798831045780571,8279.5419921875,171.10167459366494,-1.7704771828983084,0.4386417874531615
2022-12-13 00:00:00+05:30,8326.305683188755,8360.285324546128,8276.320934224796,8286.6064453125,330236,0.0,0.0,-0.8855958401449474,8324.14453125,83.96439032133276,-1.8461605875974374,0.46996703220157704
2022-12-14 00:00:00+05:30,8314.77112436911,8341.397804614631,8262.911757185473,8306.6962890625,343670,0.0,0.0,-0.7917200582822247,8286.6064453125,78.48604742915813,-1.9601532622766442,0.43055060529166955
2022-12-15 00:00:00+05:30,8306.119065729104,8337.455281093646,8242.67688793277,8251.47265625,472176,0.0,0.0,-0.9618625726820471,8306.6962890625,94.77839316087557,-1.9939305993081888,0.3813968495518967
2022-12-16 00:00:00+05:30,8227.779023901257,8255.174514546878,8118.677683961682,8156.93505859375,624222,0.0,0.0,-1.2551279962239563,8251.47265625,136.4968305851953,-1.9282993574601133,0.3569804187955935
2022-12-19 00:00:00+05:30,8169.429594029194,8287.326679961077,8123.482266409181,8270.408203125,464106,0.0,0.0,-0.7674757429843617,8156.93505859375,163.84441355189665,-1.9417779708360945,0.23425949365935925
2022-12-20 00:00:00+05:30,8251.713760236484,8251.713760236484,8105.267489191916,8193.990234375,694906,0.0,0.0,-1.005466522508725,8270.408203125,165.14071393308404,-1.8417851408865302,0.29445432370626146
2022-12-21 00:00:00+05:30,8193.990575186668,8234.940186085476,7967.0888215611685,8026.78271484375,800720,0.0,0.0,-1.4776399343071474,8193.990234375,267.8513645243074,-1.5253711086378063,0.449376608891496
2022-12-22 00:00:00+05:30,8032.790034446745,8059.079715044127,7966.800176322247,8011.353515625,580858,0.0,0.0,-1.495093253844444,8026.78271484375,92.27953872187936,-1.5989672565336497,0.4930834240475012
2022-12-23 00:00:00+05:30,7978.04718271388,8007.124850773914,7808.050870778905,7826.07421875,503012,0.0,0.0,-1.963376018081781,8011.353515625,203.30264484609506,-1.3855893899509766,0.6166761342551624
2022-12-26 00:00:00+05:30,7831.264548112156,8022.552340560213,7763.0640142675,7936.80908203125,315102,0.0,0.0,-1.4511604062285426,7826.07421875,259.4883262927133,-1.2758645653751757,0.4842173100339916
2022-12-27 00:00:00+05:30,7977.32661278285,7992.754411606836,7911.817372215117,7983.57470703125,423308,0.0,0.0,-1.2441168352589829,7936.80908203125,80.93703939171883,-1.4126248201440619,0.4091259145829131
2022-12-28 00:00:00+05:30,7992.754462258883,8125.886932856942,7966.415966235359,8094.6943359375,538632,0.0,0.0,-0.8070325711630554,7983.57470703125,159.4709666215831,-1.4584257372605816,0.3615505583056516
2022-12-29 00:00:00+05:30,8045.623292841764,8121.561672786148,8010.057216158951,8108.873046875,452134,0.0,0.0,-0.7398420880776712,8094.6943359375,111.50445662719721,-1.520831176026693,0.3417288325747586
2022-12-30 00:00:00+05:30,8141.74780335665,8160.972709621956,8038.17362085232,8069.26953125,433976,0.0,0.0,-0.8510540255915564,8108.873046875,122.799088769636,-1.5305210269952958,0.29510604877652996
2023-01-02 00:00:00+05:30,8040.816817507632,8126.367647962883,8014.478321184406,8077.63232421875,398159,0.0,0.0,-0.8005930005241922,8069.26953125,111.88932677847697,-1.5832316701157152,0.27525026102387534
2023-01-03 00:00:00+05:30,8055.234993597343,8076.382388568601,7982.324918694218,8057.87841796875,493207,0.0,0.0,-0.849477498109416,8077.63232421875,95.30740552453244,-1.642902247909941,0.24635508705790832
2023-01-04 00:00:00+05:30,8051.390373993023,8206.198736838582,7988.957306021673,8096.37646484375,566744,0.0,0.0,-0.6856252317516811,8057.87841796875,217.2414308169091,-1.5386471322508337,0.17637359200777844
2023-01-05 00:00:00+05:30,8117.667372112121,8146.552600965863,8064.8946381840815,8133.19091796875,417716,0.0,0.0,-0.5320092938420966,8096.37646484375,81.65796278178186,-1.6541844962815382,0.16356847913667932
2023-01-06 00:00:00+05:30,8132.134018107362,8155.156027332078,8026.397050968851,8058.166015625,368978,0.0,0.0,-0.7833138473564901,8133.19091796875,128.7589763632277,-1.6254070850103606,0.16890480742650943
2023-01-09 00:00:00+05:30,8098.347263886164,8119.591348701408,8002.463043154944,8052.35205078125,613406,0.0,0.0,-0.7856594489527038,8058.166015625,117.12830554646371,-1.6537628256273584,0.21369572820461435
2023-01-10 00:00:00+05:30,8055.23474638921,8084.072102283205,7942.673309369389,7971.7509765625,493677,0.0,0.0,-1.0577406528036029,8052.35205078125,141.39879291381567,-1.5990563831886753,0.23944661965052788
2023-01-11 00:00:00+05:30,8011.64239034103,8011.64239034103,7929.455928729555,7963.3876953125,327536,0.0,0.0,-1.0641640480087513,7971.7509765625,82.18646161147444,-1.6802452677027404,0.2634344463761165
2023-01-12 00:00:00+05:30,7992.753838041526,8052.351040441836,7939.885352041251,8044.853515625,283772,0.0,0.0,-0.6891054297624901,7963.3876953125,112.46568840058444,-1.758577046936471,0.1554175554889551
2023-01-13 00:00:00+05:30,8071.575922722942,8170.632052573714,8027.358643641693,8125.79052734375,705220,0.0,0.0,-0.34537149564168307,8044.853515625,143.27340893202108,-1.7835015308666105,0.023668849843219476
2023-01-16 00:00:00+05:30,8151.359337865866,8184.329860652001,8020.245116426049,8055.33056640625,500575,0.0,0.0,-0.6008465261245675,8125.79052734375,164.0847442259519,-1.6899372153694947,0.16897572809761086
2023-01-17 00:00:00+05:30,8083.92783143725,8164.143933717315,8018.85228026335,8150.734375,409248,0.0,0.0,-0.20439964282056924,8055.33056640625,145.2916534539654,-1.7210741524160686,0.03348450017046902
2023-01-18 00:00:00+05:30,8144.631209094326,8206.535780245305,8136.26818746475,8164.865234375,402883,0.0,0.0,-0.1450300488038013,8150.734375,70.26759278055579,-1.825659469821615,0.12125896333026176
2023-01-19 00:00:00+05:30,8150.397831475736,8188.847638441065,8128.769815057738,8172.17041015625,184776,0.0,0.0,-0.11276554174582465,8164.865234375,60.077823383327086,-1.9347203199147343,0.14223820914937274
2023-01-20 00:00:00+05:30,8134.1054810415035,8170.584927372226,8085.995342241785,8112.7177734375,346337,0.0,0.0,-0.34501711209022895,8172.17041015625,86.17506791446522,-1.9587440376578489,0.28527706639582856
2023-01-23 00:00:00+05:30,8151.3596740266685,8153.282164515826,8053.216910041616,8090.89697265625,410827,0.0,0.0,-0.4253938733300252,8112.7177734375,100.06525447420972,-1.976264520119553,0.16824100049367868
2023-01-24 00:00:00+05:30,8122.523014410999,8380.136762086993,8090.801918615075,8361.6806640625,1039571,0.0,0.0,0.548461815123202,8090.89697265625,289.33484347191825,-1.8390300589605293,0.3317027221639895
2023-01-25 00:00:00+05:30,8408.878474397423,8490.68007723917,8343.89772626777,8443.6748046875,1131883,0.0,0.0,0.7887175346221308,8361.6806640625,146.78235097139986,-1.8459527703245282,0.3141792835935845
2023-01-27 00:00:00+05:30,8486.305320952473,8544.508529707618,8286.029321547305,8398.8798828125,743546,0.0,0.0,0.617973456533544,8443.6748046875,258.47920816031365,-1.622890633816585,0.2540833246347895
2023-01-30 00:00:00+05:30,8438.77151095717,8521.4385971791,8380.135554450919,8475.298828125,1036998,0.0,0.0,0.8450818255142581,8398.8798828125,141.30304272818103,-1.6490443415095355,0.34461825629498116
2023-01-31 00:00:00+05:30,8513.653199753797,8597.232721006016,8487.987764530326,8550.564453125,643670,0.0,0.0,1.0626837998668213,8475.298828125,121.93389288101571,-1.7020824229285676,0.379833731442436
2023-02-01 00:00:00+05:30,8590.64840529921,8680.476957535555,8337.745167108296,8429.0146484375,707460,0.0,0.0,0.5948339438483194,8550.564453125,342.7317904272586,-1.3421389001229658,0.2755486869614048
2023-02-02 00:00:00+05:30,8425.31530323458,8593.53323570076,8411.953617683668,8526.390625,456995,0.0,0.0,0.8824779794152869,8429.0146484375,181.57961801709098,-1.3397545337976149,0.30589076671977483
2023-02-03 00:00:00+05:30,8593.53248774287,8615.641128371291,8502.358751768174,8595.7431640625,351157,0.0,0.0,1.0789203551733229,8526.390625,113.28237660311788,-1.4182391636820093,0.32159315931287596
2023-02-06 00:00:00+05:30,8580.988245687304,8589.68732722693,8478.182881170716,8562.7724609375,205161,0.0,0.0,0.9364156778785003,8595.7431640625,117.56028289178357,-1.4375938540737423,0.36139843373519254
2023-02-07 00:00:00+05:30,8562.773326658307,8574.308270519994,8413.347553640155,8422.8642578125,318669,0.0,0.0,0.40747373594361674,8562.7724609375,160.9607168798393,-1.3418891848197638,0.24210866874675152
2023-02-08 00:00:00+05:30,8433.00348799948,8511.344965746197,8336.926849939917,8492.3125,391645,0.0,0.0,0.6199660927338897,8422.8642578125,174.41811580628018,-1.3325345339695047,0.3426545466466709
2023-02-09 00:00:00+05:30,8461.16929902888,8490.679717421352,8362.834092784531,8460.1123046875,392186,0.0,0.0,0.49469305314424916,8492.3125,129.4784072154689,-1.3365881695541715,0.3219131786399607
2023-02-10 00:00:00+05:30,8456.842503290718,8531.050817582349,8432.955936487879,8469.8671875,276298,0.0,0.0,0.5157717614564437,8460.1123046875,98.09488109447011,-1.4032060488169493,0.2888639621940211
2023-02-13 00:00:00+05:30,8446.462823071415,8520.863588054375,8416.376031599655,8468.04296875,253037,0.0,0.0,0.49652340812726303,8469.8671875,104.4875564547201,-1.4516781245925308,0.24583297822679612
2023-02-14 00:00:00+05:30,8473.376744024537,8504.13659153546,8425.31448228872,8434.3984375,227030,0.0,0.0,0.3614254581639909,8468.04296875,78.82210924673927,-1.5183225105752909,0.27967234647004763
2023-02-15 00:00:00+05:30,8434.399052369961,8550.950045575917,8403.206454486259,8502.55078125,452568,0.0,0.0,0.5939296400274215,8434.3984375,147.74359108965837,-1.531259444006513,0.2648923842520426
2023-02-16 00:00:00+05:30,8535.857997773397,8535.857997773397,8449.34592347164,8463.8603515625,247514,0.0,0.0,0.4330749783121623,8502.55078125,86.51207430175782,-1.5807674693872562,0.22103448450121393
2023-02-17 00:00:00+05:30,8446.4623633572,8530.09070358846,8410.65597630416,8466.408203125,214587,0.0,0.0,0.43196705307280525,8463.8603515625,119.43472728429879,-1.5979321110321538,0.21828528042605183
2023-02-20 00:00:00+05:30,8466.408180561919,8506.059548669344,8339.04317997443,8356.73046875,298434,0.0,0.0,-0.004978647279350932,8466.408203125,167.0163686949145,-1.4892474516225394,0.1745221871132307
2023-02-21 00:00:00+05:30,8357.066010237077,8382.05838615911,8303.66902557763,8333.8515625,323478,0.0,0.0,-0.09233329291228191,8356.73046875,78.3893605814792,-1.5555390235388318,0.17363400940316462
2023-02-22 00:00:00+05:30,8339.282443202228,8381.096607951153,8252.289755621132,8323.3740234375,363931,0.0,0.0,-0.13117118099779898,8333.8515625,128.80685233002077,-1.5486756369848511,0.03363395189074153
2023-02-23 00:00:00+05:30,8356.537216825871,8408.44445728512,8282.088588831393,8359.228515625,317544,0.0,0.0,0.016132990854576527,8323.3740234375,126.35586845372745,-1.5673961828731982,0.07727599719396076
2023-02-24 00:00:00+05:30,8373.407141597447,8401.28325307791,8275.64831462792,8324.8642578125,242982,0.0,0.0,-0.1244951059266887,8359.228515625,125.63493844998993,-1.5519580762878233,0.06838371826543262
2023-02-27 00:00:00+05:30,8295.546205596256,8308.090267909021,8199.421684094563,8297.6611328125,220225,0.0,0.0,-0.2349131140194166,8324.8642578125,125.4425737179372,-1.5410213094329508,0.17193934988567372
2023-02-28 00:00:00+05:30,8314.77253040141,8371.486007776402,8271.80467420627,8290.1162109375,370998,0.0,0.0,-0.2615265669455533,8297.6611328125,99.68133357013176,-1.5772017491123502,0.269776884474975
2023-03-01 00:00:00+05:30,8285.934166732593,8436.12873907041,8285.934166732593,8424.498046875,333441,0.0,0.0,0.3063352559483266,8290.1162109375,150.19457233781577,-1.6028744048445787,0.004617007959222585
2023-03-02 00:00:00+05:30,8431.081066882038,8431.081066882038,8179.330590903534,8217.4443359375,603893,0.0,0.0,-0.47621132244132364,8424.498046875,251.75047597850335,-1.3197042614311174,0.2839760834655098
2023-03-03 00:00:00+05:30,8259.066512795422,8294.58471016204,8218.646340466503,8267.91015625,437977,0.0,0.0,-0.27721892733939724,8217.4443359375,77.14037422454021,-1.4287976924220243,0.30665999208916406
2023-03-06 00:00:00+05:30,8305.158888761292,8327.267529321653,8258.009997396432,8296.9404296875,275417,0.0,0.0,-0.1627814885664244,8267.91015625,69.25753192522097,-1.538981033961777,0.2495832821413705
2023-03-08 00:00:00+05:30,8290.74052794288,8374.416741701973,8276.36972328456,8356.970703125,348171,0.0,0.0,0.06518622837475903,8296.9404296875,98.04701841741189,-1.6223753231160734,0.06688169250578122
2023-03-09 00:00:00+05:30,8386.863940225156,8398.39888203406,8203.31399094775,8210.908203125,431466,0.0,0.0,-0.4581746338315827,8356.970703125,195.08489108630965,-1.450708482989824,0.26501576347068584
2023-03-10 00:00:00+05:30,8199.421337701793,8293.623364793795,8151.454828012428,8268.1982421875,516128,0.0,0.0,-0.23457208003143257,8210.908203125,142.16853678136704,-1.4673077610556078,0.17656529645575625
2023-03-13 00:00:00+05:30,8268.198459498142,8302.562975386429,8152.41628745441,8188.271484375,479314,0.0,0.0,-0.514159229827322,8268.1982421875,150.14668793201872,-1.4014815360661306,0.24336299617173837
2023-03-14 00:00:00+05:30,8213.793306890924,8213.793306890924,8117.716650325901,8182.2646484375,349510,0.0,0.0,-0.5239130818953,8188.271484375,96.07665656502286,-1.4597708225080004,0.24608818867178794
2023-03-15 00:00:00+05:30,8314.771159237776,8367.59177185961,8112.90966288634,8146.50537109375,509229,0.0,0.0,-0.6463767717973071,8182.2646484375,254.68210897327026,-1.2484907260002782,0.24745859741354237
2023-03-16 00:00:00+05:30,8132.231115816333,8202.691148394948,8085.034346325424,8110.45947265625,340261,0.0,0.0,-0.7702866701568637,8146.50537109375,117.65680206952402,-1.2616762279044058,0.34658703683002234
2023-03-17 00:00:00+05:30,8173.467907124256,8181.109994180834,7972.134912942482,7994.53173828125,471602,0.0,0.0,-1.169484434674955,8110.45947265625,208.9750812383527,-1.0852494736064162,0.3883467491209336
2023-03-20 00:00:00+05:30,7994.53237231946,7994.53237231946,7814.924068567056,7901.05126953125,488199,0.0,0.0,-1.4812324759080087,7994.53173828125,179.60830375240403,-0.9710862449218128,0.43506986625704214
2023-03-21 00:00:00+05:30,7925.467037753437,7954.304395076979,7896.6296804298945,7909.5107421875,287497,0.0,0.0,-1.4061327600181455,7901.05126953125,57.67471464708433,-1.1088331159384397,0.37322922049026813
2023-03-22 00:00:00+05:30,7916.815769038791,7968.3381382367415,7898.552109542466,7932.58056640625,218120,0.0,0.0,-1.267020297443662,7909.5107421875,69.78602869427596,-1.232866596879382,0.3348291534166261
2023-03-23 00:00:00+05:30,7943.730855864676,8050.429080090352,7913.5473791108025,8029.47412109375,540553,0.0,0.0,-0.7872866483668862,7932.58056640625,136.88170097954935,-1.283953987765527,0.22874238753503395
2023-03-24 00:00:00+05:30,8029.4738922450715,8061.48317085726,7892.784631957188,7923.44873046875,391840,0.0,0.0,-1.1566815216165611,8029.47412109375,168.69853890007198,-1.1647728613092567,0.3216034824158539
2023-03-27 00:00:00+05:30,7930.27348611483,7994.484482477367,7910.615832578759,7957.5244140625,364326,0.0,0.0,-0.980747259549707,7923.44873046875,83.86864989860806,-1.273022230080371,0.2711528660721559
2023-03-28 00:00:00+05:30,7984.006906022248,8031.780041632179,7824.53595137935,7890.66943359375,360349,0.0,0.0,-1.2165889900686686,7957.5244140625,207.24409025282876,-1.1062243838916597,0.29187894671045744
2023-03-29 00:00:00+05:30,7930.128599288335,7996.69483158385,7870.195334577998,7973.8173828125,339851,0.0,0.0,-0.8070858170399839,7890.66943359375,126.49949700585148,-1.172089879888036,0.2151709861632613
2023-03-31 00:00:00+05:30,8003.280430485616,8045.623097875178,7937.050254348803,7970.79052734375,478757,0.0,0.0,-0.7993675391661466,7973.8173828125,108.57284352637544,-1.2157806309849082,0.3389333877070429
2023-04-03 00:00:00+05:30,8086.8120883836555,8246.523369314984,8065.184069289403,8173.5166015625,627265,0.0,0.0,0.05026405599828545,7970.79052734375,275.73284197123394,-1.093314010890971,0.03292179262827621
2023-04-05 00:00:00+05:30,8191.684660956355,8216.724913549815,8103.2979669191545,8119.68701171875,272888,0.0,0.0,-0.14182530726689088,8173.5166015625,113.4269466306605,-1.1060687328891414,0.1108070056837864
2023-04-06 00:00:00+05:30,8135.980390434637,8204.228808171034,8052.447796620117,8186.59033203125,309551,0.0,0.0,0.10252159843405903,8119.68701171875,151.78101155091736,-1.1225744172665972,0.08022296601021402
2023-04-10 00:00:00+05:30,8128.866478975933,8224.222198725238,8077.391981850948,8204.373046875,308275,0.0,0.0,0.16457053581690315,8186.59033203125,146.83021687429027,-1.1189160284004782,0.11445153937540192
2023-04-11 00:00:00+05:30,8247.485267067079,8334.910721131964,8213.841679147807,8323.9521484375,409240,0.0,0.0,0.5761712521557746,8204.373046875,130.53767425696424,-1.2026856810587359,0.08650363368019878
2023-04-12 00:00:00+05:30,8335.918011362768,8372.397452857256,8258.057153553682,8286.9423828125,408458,0.0,0.0,0.4256710280877473,8323.9521484375,114.34029930357428,-1.220923228700711,0.014569518326896451
2023-04-13 00:00:00+05:30,8293.672388102048,8366.679156954033,8285.934551119459,8334.765625,480202,0.0,0.0,0.5872516297151219,8286.9423828125,80.74460583457403,-1.345784719126292,0.11678164999914366
2023-04-17 00:00:00+05:30,8507.019786009927,8507.019786009927,8314.77075129784,8338.4658203125,489356,0.0,0.0,0.5865176094327595,8334.765625,192.24903471208745,-1.2435725494919974,0.12474925361028005
2023-04-18 00:00:00+05:30,8356.057125640387,8409.74229763572,8353.221264395452,8394.21875,276111,0.0,0.0,0.7780221681467995,8338.4658203125,71.2764773232193,-1.3890114913055214,0.19472565636621783
2023-04-19 00:00:00+05:30,8353.268748007951,8403.013187617058,8326.738755702838,8343.560546875,280819,0.0,0.0,0.5549301237711282,8394.21875,76.27443191422026,-1.4595991967781843,0.18115813612313522
2023-04-20 00:00:00+05:30,8333.99701270826,8401.188436774684,8329.335348343318,8376.9169921875,369060,0.0,0.0,0.6702883467798515,8343.560546875,71.8530884313659,-1.5832711732472948,0.31755464372852643
2023-04-21 00:00:00+05:30,8343.032331042958,8366.678588515804,8218.646821209804,8226.76953125,424157,0.0,0.0,0.0430148731651304,8376.9169921875,158.27017097769567,-1.4340943458455913,0.25833786764207556
2023-04-24 00:00:00+05:30,8244.60004114501,8244.60004114501,8117.475364050289,8138.04638671875,543745,0.0,0.0,-0.2893769625292493,8226.76953125,127.12467709472094,-1.381257520959638,0.17041082523679751
2023-04-25 00:00:00+05:30,8180.196744084572,8194.615422246883,8093.684675110705,8140.68994140625,906406,0.0,0.0,-0.27205007386148244,8138.04638671875,100.93074713617807,-1.431651417519687,0.157579808866896
2023-04-26 00:00:00+05:30,8196.538427903082,8218.64706914171,8108.008113907886,8177.2177734375,959058,0.0,0.0,-0.12130216020013716,8140.68994140625,110.63895523382507,-1.4815797448750563,0.11722947305452788
2023-04-27 00:00:00+05:30,8237.871612889876,8237.871612889876,8142.94864652198,8211.8701171875,536521,0.0,0.0,0.01951141325985423,8177.2177734375,94.92296636789615,-1.5580345964426505,0.24259079695315353
2023-04-28 00:00:00+05:30,8259.980546401144,8278.676954512974,8204.324070177296,8256.6640625,387567,0.0,0.0,0.1984089766148013,8211.8701171875,74.35288433567803,-1.677323830939638,0.24935792079490016
2023-05-02 00:00:00+05:30,8288.529684641904,8484.911903362605,8272.476701069285,8436.705078125,865562,0.0,0.0,0.8229230725491344,8256.6640625,228.2478408626048,-1.572217264503189,0.4159239504185531
2023-05-03 00:00:00+05:30,8430.12147170957,8485.87370037082,8377.300853536419,8456.36328125,537008,0.0,0.0,0.8743520993285814,8436.705078125,108.57284683440048,-1.6128240099107456,0.3862419097645624
2023-05-04 00:00:00+05:30,8455.73801209875,8481.01857325915,8404.166831339395,8459.5341796875,271926,0.0,0.0,0.8644226835802726,8456.36328125,76.85174191975602,-1.704391578537862,0.391157649569059
2023-05-05 00:00:00+05:30,8459.534546438997,8639.672281238289,8449.345722305803,8601.84765625,951591,0.0,0.0,1.3062164706463248,8459.5341796875,190.32655893248557,-1.6521727745696306,0.36022437489990594
2023-05-08 00:00:00+05:30,8695.424285136345,8767.469802325824,8612.757195978516,8724.501953125,678780,0.0,0.0,1.6600202515759201,8601.84765625,165.62214607582428,-1.6464278943810287,0.48081623717132804
2023-05-09 00:00:00+05:30,8730.991204286884,8785.782187292978,8701.04803721026,8758.4345703125,415394,0.0,0.0,1.739167157675317,8724.501953125,84.73415008271877,-1.746267194874096,0.46684158222845135
2023-05-10 00:00:00+05:30,8775.015257327863,8824.231200787885,8708.881773326604,8812.8408203125,366827,0.0,0.0,1.8879239623855635,8758.4345703125,115.34942746128036,-1.7955537917717264,0.48231954557206796
2023-05-11 00:00:00+05:30,8884.742529248095,8954.000066117187,8787.752501945088,8901.9970703125,644550,0.0,0.0,2.140366796270853,8812.8408203125,166.24756417209937,-1.7644485420987914,0.4695268940538714
2023-05-12 00:00:00+05:30,8902.04409416639,8968.225451974859,8874.841042225571,8935.1591796875,403028,0.0,0.0,2.2099772198345145,8901.9970703125,93.38440974928744,-1.8454049714354381,0.5281759233693183
2023-05-15 00:00:00+05:30,8883.828052109213,8946.789612097653,8829.42194980408,8850.47265625,259316,0.0,0.0,1.7533282415032927,8935.1591796875,117.36766229357272,-1.80986387975311,0.4079516283410211
2023-05-16 00:00:00+05:30,8861.815982257756,8871.620871853542,8706.094246952298,8719.7919921875,448981,0.0,0.0,1.1257462204924575,8850.47265625,165.52662490124385,-1.6525837381970665,0.2741148679716814
2023-05-17 00:00:00+05:30,8728.44406245843,8778.092761546952,8682.016098604785,8765.9814453125,290482,0.0,0.0,1.2602415051704394,8719.7919921875,96.07666294216688,-1.7422325403046686,0.2690901045583836
2023-05-18 00:00:00+05:30,8790.539908617173,8795.394009370935,8693.59776223507,8702.44140625,272497,0.0,0.0,0.974104180954755,8765.9814453125,101.796247135866,-1.7515314771425874,0.2573662216551124
2023-05-19 00:00:00+05:30,8708.881377250216,8764.826034767806,8613.285355846141,8753.05078125,543472,0.0,0.0,1.1316475217980153,8702.44140625,151.54067892166495,-1.7241856184356643,0.26644230303617256
2023-05-22 00:00:00+05:30,8737.719734951863,8814.331172736413,8722.195247945127,8801.787109375,182115,0.0,0.0,1.281334312217088,8753.05078125,92.13592479128602,-1.8176643691905972,0.4388514785071457
2023-05-23 00:00:00+05:30,8813.657245643137,8877.099428892396,8801.881991933995,8844.12890625,269008,0.0,0.0,1.407654322401833,8801.787109375,75.31231951739574,-1.9396767925564802,0.5586551236429678
2023-05-24 00:00:00+05:30,8812.696889410243,8957.076120869588,8804.045681730848,8911.46484375,470365,0.0,0.0,1.6190376824549233,8844.12890625,153.0304391387399,-1.9063507719006254,0.5801453241899616
2023-05-25 00:00:00+05:30,8863.403050297466,8933.237900377007,8858.885009414695,8922.134765625,218979,0.0,0.0,1.620234436881667,8911.46484375,74.35289096231281,-2.00769495199529,0.5718116307607888
2023-05-26 00:00:00+05:30,8971.302640711714,9050.124757559282,8950.395554840561,9035.658203125,346760,0.0,0.0,1.9661466037611184,8922.134765625,127.98999193428244,-2.048621588030809,0.5962554806076786
2023-05-29 00:00:00+05:30,9069.348616019413,9121.063420914452,8951.163328929139,8971.7822265625,236834,0.0,0.0,1.616866564594901,9035.658203125,169.90009198531334,-1.8979465029342404,0.5105490409614161
2023-05-30 00:00:00+05:30,9016.48039922777,9038.493290827448,8939.580779618153,9019.7001953125,372004,0.0,0.0,1.7600998721394872,8971.7822265625,98.91251120929519,-1.9686413176010995,0.4595718113913166
2023-05-31 00:00:00+05:30,9083.719647588247,9083.719647588247,8908.436014765362,9004.6572265625,1614766,0.0,0.0,1.6472949628850728,9019.7001953125,175.2836328228841,-1.8372193320134245,0.43379528865833616
2023-06-01 00:00:00+05:30,8975.627824028423,9014.125509843687,8864.603993915944,8966.7841796875,378706,0.0,0.0,1.4312732821722114,9004.6572265625,149.52151592774317,-1.7529128033032275,0.39059839857544204
2023-06-02 00:00:00+05:30,9025.131467853695,9156.005381453679,8951.788644520406,9117.7470703125,445105,0.0,0.0,1.8804768376324696,8966.7841796875,204.21673693327284,-1.6722635881541295,0.39463035408946023
2023-06-05 00:00:00+05:30,9182.295561996601,9266.404524223737,9120.82373843138,9210.748046875,434649,0.0,0.0,2.1570968573038742,9117.7470703125,148.6574539112371,-1.6793621669580137,0.380580108047952
2023-06-06 00:00:00+05:30,9255.83030037807,9391.365877525572,9238.527886274132,9358.8759765625,542318,0.0,0.0,2.5424673203355383,9210.748046875,180.6178306505717,-1.655259010898405,0.4314012197209741
2023-06-07 00:00:00+05:30,9408.667342422095,9420.202283994335,9276.49613690687,9331.287109375,453747,0.0,0.0,2.3456489774307263,9358.8759765625,143.70614708746507,-1.6119331766940532,0.37980788148088795
2023-06-08 00:00:00+05:30,9355.799242720674,9386.559088170901,9252.465386911315,9284.2822265625,273746,0.0,0.0,2.0644951249027192,9331.287109375,134.09370125958594,-1.5773977708053621,0.28898141176123193
2023-06-09 00:00:00+05:30,9300.52834362204,9337.440536419723,9238.62377451986,9254.6767578125,161389,0.0,0.0,1.8782956390619867,9284.2822265625,98.8167618998632,-1.6228308826465565,0.24218455074768058
2023-06-12 00:00:00+05:30,9251.985843374327,9324.079239556464,9168.021443440635,9180.3251953125,316879,0.0,0.0,1.487970995891579,9254.6767578125,156.05779611582875,-1.5241039191389214,0.2519921366462871
2023-06-13 00:00:00+05:30,9216.420138888889,9245.305373045287,9137.261962181194,9148.65234375,561014,0.0,0.0,1.31550212527946,9180.3251953125,108.04341086409295,-1.5485382111047152,0.35443833831983734
2023-06-14 00:00:00+05:30,9151.053771636507,9226.992138018784,9122.697039886163,9163.0693359375,328167,0.0,0.0,1.3398832179423736,9148.65234375,104.2950981326212,-1.6046887782137607,0.3370294974786071
2023-06-15 00:00:00+05:30,9184.698657299663,9321.96429564356,9173.163713930997,9223.00390625,459978,0.0,0.0,1.5366650517854232,9163.0693359375,158.89495970606004,-1.5732970110890732,0.44318514379971796
2023-06-16 00:00:00+05:30,9223.19559569659,9269.672364483162,9181.814177457847,9231.5107421875,682099,0.0,0.0,1.5327927015668301,9223.00390625,87.85818702531469,-1.6591250860957854,0.42248448051214527
2023-06-19 00:00:00+05:30,9264.481841592793,9268.471384919294,9141.442447971307,9162.58984375,395006,0.0,0.0,1.1669247174213158,9231.5107421875,127.02893694798695,-1.6136394337396216,0.3130131995865598
2023-06-20 00:00:00+05:30,9160.667901245999,9169.223360081989,9054.930916027,9124.236328125,612713,0.0,0.0,0.9657110647448139,9162.58984375,114.29244405498866,-1.6126669111504761,0.24384997823603025
2023-06-21 00:00:00+05:30,9133.752201153771,9167.395784298413,9031.908081005568,9074.9716796875,356331,0.0,0.0,0.7195606874003297,9124.236328125,135.48770329284525,-1.560573574645217,0.14461745228464498
2023-06-22 00:00:00+05:30,9073.241546825333,9126.398219986733,9010.520295938792,9038.63671875,288487,0.0,0.0,0.5395528702814054,9074.9716796875,115.87792404794163,-1.557656748348488,0.10075572281830221
2023-06-23 00:00:00+05:30,9054.92988439618,9061.658600870784,8944.386685170537,8965.822265625,309138,0.0,0.0,0.19825734446938606,9038.63671875,117.27191570024661,-1.528174305733805,0.0626009982964881
2023-06-26 00:00:00+05:30,8965.823216221825,9151.055375697926,8939.581406931798,9103.185546875,405168,0.0,0.0,0.734084179494756,8965.822265625,211.47396876612765,-1.428369421686853,0.11051029199316359
2023-06-27 00:00:00+05:30,9122.216931060737,9131.829383042887,9030.946511747015,9094.3408203125,339375,0.0,0.0,0.6786181458705277,9103.185546875,100.88287129587115,-1.4795006891264229,0.06490566294096567
2023-06-28 00:00:00+05:30,9108.231892636531,9203.923673741452,9066.994094110558,9170.9052734375,482586,0.0,0.0,0.9638266312948908,9094.3408203125,136.9295796308943,-1.5027433852899852,0.13722408156158714
2023-06-30 00:00:00+05:30,9198.155902436825,9471.63017918918,9171.241035129036,9409.677734375,845006,0.0,0.0,1.6067163505993263,9170.9052734375,300.7249057516801,-1.292466127278261,0.31357355467899234
2023-07-03 00:00:00+05:30,9364.499778138164,9406.602135393743,9282.313303311732,9298.1259765625,398066,0.0,0.0,1.1141836932619433,9409.677734375,127.36443106326806,-1.2426346660476097,0.13137612486379296
2023-07-04 00:00:00+05:30,9324.078701577033,9339.939247821983,9247.226957937835,9273.517578125,247673,0.0,0.0,0.9969923047443778,9298.1259765625,92.71228988414805,-1.3110946013687803,0.04811387559378822
2023-07-05 00:00:00+05:30,9321.195244971348,9647.970757405497,9300.04784934493,9605.05078125,815044,0.0,0.0,1.6744084107309332,9273.517578125,374.45317928049735,-1.0389902716973272,0.16543907972653787
2023-07-06 00:00:00+05:30,9612.404589450378,9628.120573742544,9434.814530178543,9477.3017578125,652120,0.0,0.0,1.221768205472041,9605.05078125,193.3060435640018,-0.8762930834455298,0.09193898978346354
2023-07-07 00:00:00+05:30,9472.110528999898,9559.583845230767,9434.621964900954,9468.505859375,457050,0.0,0.0,1.1654351613417804,9477.3017578125,124.96188032981263,-0.9122195378105242,0.11885702692672882
2023-07-10 00:00:00+05:30,9472.11043021088,9548.384863191812,9343.063258985407,9358.9716796875,272008,0.0,0.0,0.8016831569138968,9468.505859375,205.32160420640503,-0.7391873428816729,0.06398898506056898
2023-07-11 00:00:00+05:30,9416.358586724436,9570.974511633538,9358.972056838771,9516.47265625,568772,0.0,0.0,1.1750999906264858,9358.9716796875,212.002831946038,-0.7184530423018597,0.1962288309273261
2023-07-12 00:00:00+05:30,9511.521137259766,9564.38962261088,9425.009070321577,9454.615234375,552967,0.0,0.0,0.9643094970749996,9516.47265625,139.38055228930352,-0.7048741542266338,0.17551566894110002
2023-07-13 00:00:00+05:30,9471.101276451673,9515.31855656378,9239.489052990806,9273.6611328125,519564,0.0,0.0,0.40261990636290573,9454.615234375,275.8295035729734,-0.3758998570197599,0.05790874793029637
2023-07-14 00:00:00+05:30,9325.954093113476,9350.321286157183,9219.303738568648,9231.4638671875,498441,0.0,0.0,0.27706041459546443,9273.6611328125,131.0175475885353,-0.39712010553412863,0.004471385045454522
2023-07-17 00:00:00+05:30,9273.133380043879,9323.118135487259,9184.698812720977,9314.0341796875,444583,0.0,0.0,0.4925357780906422,9231.4638671875,138.41932276628177,-0.4788963748865438,0.041973464092283606
2023-07-18 00:00:00+05:30,9333.884816178375,9387.81030500523,9229.589695358494,9291.0615234375,320985,0.0,0.0,0.4154747858714326,9314.0341796875,158.2206096467362,-0.4597238410913426,0.0669075348091593
2023-07-19 00:00:00+05:30,9276.977228296717,9291.395905990681,9156.485520520551,9235.2109375,450254,0.0,0.0,0.24313150179164186,9291.0615234375,134.91038547012977,-0.4625074205014863,0.05727323401900473
2023-07-20 00:00:00+05:30,9247.179625543618,9405.785097291508,9204.356335914907,9393.76953125,466813,0.0,0.0,0.6643803261442316,9235.2109375,201.42876137660096,-0.4747161198215908,0.15574448189575177
2023-07-21 00:00:00+05:30,9343.303924991586,9463.459582463185,9326.962755575449,9391.4140625,328483,0.0,0.0,0.6410984397970645,9393.76953125,136.49682688773646,-0.5090697260055852,0.17525397087218497
2023-07-24 00:00:00+05:30,9391.414765903091,9434.62293130932,9304.854811520552,9319.0810546875,358506,0.0,0.0,0.41013897698696833,9391.4140625,129.76811978876867,-0.5115076761223794,0.1755351284254843
2023-07-25 00:00:00+05:30,9251.023032369487,9396.123170937297,9244.101879764177,9380.40625,240998,0.0,0.0,0.5757605732964632,9319.0810546875,152.0212911731196,-0.5525619990276988,0.14316073798832418
2023-07-26 00:00:00+05:30,9383.195905921444,9429.816302524137,9348.350764130771,9378.2451171875,209861,0.0,0.0,0.5549496791549838,9380.40625,81.46553839336593,-0.6842183261050017,0.14712002671983646
2023-07-27 00:00:00+05:30,9391.366360536365,9446.301903628191,9316.053168535798,9375.6015625,256672,0.0,0.0,0.5330223097881767,9378.2451171875,130.24873509239296,-0.7195950195807875,0.11029933723258427
2023-07-28 00:00:00+05:30,9361.567030050432,9372.14072728121,9176.431579477929,9295.529296875,381151,0.0,0.0,0.2637258736845338,9375.6015625,199.1699830220714,-0.5768836290824435,0.06725988804596007
2023-07-31 00:00:00+05:30,9295.529876539918,9456.442709009174,9233.721993888896,9440.1494140625,600060,0.0,0.0,0.6795726495538769,9295.529296875,222.72071512027833,-0.5339527846277952,0.08208529799889147
2023-08-01 00:00:00+05:30,9381.754525046956,9508.638910016853,9276.065412095844,9340.1806640625,1394528,0.0,0.0,0.3459835885309345,9440.1494140625,232.5734979210083,-0.3341148127030818,0.03692113146990595
2023-08-02 00:00:00+05:30,9338.497340698606,9413.907216180136,9151.390582570195,9279.6689453125,672815,0.0,0.0,0.14913260657695926,9340.1806640625,262.516633609941,-0.11651084028603276,0.2120397540730615
2023-08-03 00:00:00+05:30,9313.67797569376,9372.96332807518,9232.901244832257,9260.1669921875,614897,90.0,0.0,0.08400508115559581,9279.6689453125,140.0620832429231,-0.14592258810856823,0.15223797616732718
2023-08-04 00:00:00+05:30,9275.98262266581,9330.318922547534,9146.933910446714,9189.044921875,540470,0.0,0.0,-0.14631424998587841,9260.1669921875,183.38501210081995,-0.06601425125159423,0.1877326419731057
2023-08-07 00:00:00+05:30,9208.061774926324,9256.382078186783,9142.081985601246,9240.857421875,366329,0.0,0.0,0.026928712023707845,9189.044921875,114.30009258553764,-0.1842669276369399,0.08254602857842894
2023-08-08 00:00:00+05:30,9256.528403509545,9337.110886673187,9222.616541393396,9259.05078125,430636,0.0,0.0,0.08663161534915376,9240.857421875,114.49434527979065,-0.27720620929138556,0.19930741429629967
2023-08-09 00:00:00+05:30,9256.576698925328,9256.625023968285,9137.716044248353,9181.9609375,404602,0.0,0.0,-0.17560277977028682,9259.05078125,121.33473700164723,-0.2952019539293348,0.20864040508811235
2023-08-10 00:00:00+05:30,9181.960309994127,9217.764426629057,9064.506774888987,9118.40625,523490,0.0,0.0,-0.38725198524797966,9181.9609375,153.2576517400703,-0.26015265496322226,0.13053045212449332
2023-08-11 00:00:00+05:30,9118.406546721926,9187.685704844816,9066.399326863446,9078.8671875,498504,0.0,0.0,-0.5155853339906822,9118.40625,121.2863779813706,-0.29860800012849226,0.1285829371835499
2023-08-14 00:00:00+05:30,9081.923169033782,9085.804332781232,8982.85684340001,9044.712890625,336864,0.0,0.0,-0.625191794003611,9078.8671875,102.94748938122211,-0.37214417441955416,0.2365910843718714
2023-08-16 00:00:00+05:30,9056.696866421948,9157.364565146105,8979.219503339498,9139.705078125,336363,0.0,0.0,-0.2496558028525739,9044.712890625,178.14506180660646,-0.38212724734838693,0.12505072982364981
2023-08-17 00:00:00+05:30,9135.19362552758,9193.265166103542,9072.22135708785,9096.76953125,402798,0.0,0.0,-0.3980634952583444,9139.705078125,121.0438090156913,-0.41377484759501576,0.11561396984465627
2023-08-18 00:00:00+05:30,9072.219979458834,9188.654888286113,9059.266974871685,9175.119140625,400745,0.0,0.0,-0.09497102888490636,9096.76953125,129.3879134144281,-0.504501737059241,0.19570648136008043
2023-08-21 00:00:00+05:30,9174.63518730227,9187.685791205702,9133.59206611755,9158.3828125,375347,0.0,0.0,-0.15453639426861712,9175.119140625,54.093725088152496,-0.6800733856760487,0.20592763398620614
2023-08-22 00:00:00+05:30,9140.336190290245,9225.575882358864,9130.14813398484,9209.90625,435930,0.0,0.0,0.04411753201236833,9158.3828125,95.4277483740243,-0.8110911446809539,0.09828417000229457
2023-08-23 00:00:00+05:30,9236.200281181478,9353.605495387063,9165.369036247532,9315.7158203125,546842,0.0,0.0,0.4296391912783586,9209.90625,188.23645913953078,-0.7841218071970617,0.05599487413135377
2023-08-24 00:00:00+05:30,9374.612675922182,9374.612675922182,9271.130758918092,9289.275390625,385559,0.0,0.0,0.31882443997945265,9315.7158203125,103.48191700409006,-0.8486666547764544,0.07542547651631246
2023-08-25 00:00:00+05:30,9270.160767023322,9338.808859368613,9203.210684029329,9223.2958984375,346449,0.0,0.0,0.05616784511028739,9289.275390625,135.59817533928435,-0.8185684696254382,0.12253984915972428
2023-08-28 00:00:00+05:30,9232.270916475503,9382.71435265101,9227.46778631966,9312.5625,325938,0.0,0.0,0.38889982076491864,9223.2958984375,159.4184542135099,-0.8380782426927479,0.013603691294011943
2023-08-29 00:00:00+05:30,9314.794400415747,9397.026569731917,9223.587038578342,9335.4130859375,317224,0.0,0.0,0.4663229220708042,9312.5625,173.43953115357544,-0.7881385194886615,0.09265978953916335
2023-08-30 00:00:00+05:30,9373.011300188586,9526.268957075858,9324.496748945374,9505.359375,543634,0.0,0.0,1.0166534748231957,9335.4130859375,201.7722081304837,-0.7777375261976693,0.1376134249221189
2023-08-31 00:00:00+05:30,9479.840442753728,9765.97965948681,9479.840442753728,9706.59765625,1581818,0.0,0.0,1.5455242047770443,9505.359375,286.1392167330814,-0.6288278961398079,0.31835735107459034
2023-09-01 00:00:00+05:30,9701.940136966878,10089.037938002293,9655.705389757473,10024.3193359375,1193178,0.0,0.0,2.1032752611616647,9706.59765625,433.3325482448199,-0.30618150088252394,0.4661580676254827
2023-09-04 00:00:00+05:30,10091.997304250464,10156.958480157857,9980.704730277697,10054.5927734375,819552,0.0,0.0,2.132623941438183,10024.3193359375,176.25374988015938,-0.3073108521066173,0.5415064679255289
2023-09-05 00:00:00+05:30,10042.51161214991,10103.349045918978,9941.40710283454,9957.22265625,507107,0.0,0.0,1.749085393380515,10054.5927734375,161.9419430844373,-0.25701486038172194,0.4357545948129403
2023-09-06 00:00:00+05:30,9955.186768058998,9955.186768058998,9829.194846705428,9876.447265625,663758,0.0,0.0,1.4473831634607197,9957.22265625,128.02780954457194,-0.27682014193480386,0.3617811461375768
2023-09-07 00:00:00+05:30,9848.454750079032,9994.872057353865,9848.454750079032,9975.3203125,445805,0.0,0.0,1.6688690066743177,9876.447265625,146.41730727483264,-0.37077758027630936,0.45903232550386763
2023-09-08 00:00:00+05:30,10090.056373705478,10091.026664730933,9993.997562185443,10025.046875,439721,0.0,0.0,1.7651996999728372,9975.3203125,115.70635223093268,-0.4899770146413538,0.5288069945604192
2023-09-11 00:00:00+05:30,10037.66033875911,10236.56999264462,10036.690047764545,10220.8994140625,598050,0.0,0.0,2.161280737848138,10025.046875,211.52311764461956,-0.5151128749026617,0.6104462302586763
2023-09-12 00:00:00+05:30,10230.747985763066,10254.42346444654,10095.877540958336,10191.5478515625,568773,0.0,0.0,2.0100202957516626,10220.8994140625,158.5459234882037,-0.5063159683204257,0.6145911889122706
2023-09-13 00:00:00+05:30,10188.056434259333,10223.375408918057,10129.838968920709,10162.2470703125,301707,0.0,0.0,1.8634378429939709,10191.5478515625,93.53643999734777,-0.6195343158833735,0.5679775040153966
2023-09-14 00:00:00+05:30,10154.143327248075,10265.678463772267,10121.153434264308,10176.5576171875,501196,0.0,0.0,1.8566717278958857,10162.2470703125,144.5250295079586,-0.6568213624771744,0.6094656813380097
2023-09-15 00:00:00+05:30,10177.673512022136,10236.570367056305,10166.12761729441,10212.5556640625,544616,0.0,0.0,1.9149855661579422,10176.5576171875,70.44274976189445,-0.8501456976961242,0.5999015161654099
2023-09-18 00:00:00+05:30,10188.104295409697,10308.032837076504,10182.282549140917,10209.4990234375,430213,0.0,0.0,1.853549369226944,10212.5556640625,125.75028793558704,-0.9034319771996192,0.6126581745303076
2023-09-20 00:00:00+05:30,10182.28207314479,10182.28207314479,10030.431531732707,10039.3583984375,545106,0.0,0.0,1.181603305378244,10209.4990234375,179.0674917047927,-0.7448758733609425,0.45219439867327194
2023-09-21 00:00:00+05:30,10035.769251009324,10037.661508179137,9903.276189775772,9978.7646484375,577252,0.0,0.0,0.9629346715760563,10039.3583984375,136.08220866172815,-0.7417723019004383,0.3706116362191349
2023-09-22 00:00:00+05:30,10069.679530225916,10252.821947968268,10002.195983820739,10222.1611328125,986206,0.0,0.0,1.4934713133259396,9978.7646484375,274.05729953076843,-0.6524864314700749,0.465042520885595
2023-09-25 00:00:00+05:30,10222.161992211102,10401.519911288335,10217.164614353187,10273.6357421875,756801,0.0,0.0,1.5923917047636083,10222.1611328125,184.35529693514763,-0.6336982611162155,0.5274067652161463
2023-09-26 00:00:00+05:30,10316.037839336816,10318.02674648818,10213.817108235358,10243.0234375,452503,0.0,0.0,1.4597821946224787,10273.6357421875,104.2096382528216,-0.7229877493272063,0.4813899392295675
2023-09-27 00:00:00+05:30,10236.570963861679,10387.936373374705,10212.31368669613,10363.4365234375,458359,0.0,0.0,1.728128690814747,10243.0234375,175.6226866785746,-0.7591331667361747,0.50630929088534
2023-09-28 00:00:00+05:30,10334.084526705905,10386.965387389017,10219.153365674574,10251.4638671875,598144,0.0,0.0,1.321326521059082,10363.4365234375,167.81202171444238,-0.6704369358976516,0.3782624043774826
2023-09-29 00:00:00+05:30,10227.83823728373,10387.451119366377,10198.292684494627,10295.3701171875,481725,0.0,0.0,1.4089583942695219,10251.4638671875,189.1584348717497,-0.6365305081887358,0.32437107349666405
2023-10-03 00:00:00+05:30,10391.622937679576,10391.622937679576,9997.199624340154,10039.5048828125,623006,0.0,0.0,0.5584757474042255,10295.3701171875,394.42331333942275,-0.01680419509862809,0.008661302414804534
2023-10-04 00:00:00+05:30,9978.376436976747,9978.376436976747,9790.236624703099,9828.90234375,407793,0.0,0.0,-0.004846635643670884,10039.5048828125,249.26825810940136,0.27468081340653683,0.1167207660205889
2023-10-05 00:00:00+05:30,9879.454986135454,9965.810888187581,9808.67206567377,9906.8173828125,377196,0.0,0.0,0.1878969440306741,9828.90234375,157.13882251381074,0.19547445611527806,0.02633314915689537
2023-10-06 00:00:00+05:30,9977.501499104348,10025.967719916467,9955.184808014257,9995.9853515625,335700,0.0,0.0,0.402720127407335,9906.8173828125,119.1503371039671,0.03802180052250393,0.0621774791217019
2023-10-09 00:00:00+05:30,9945.483202939753,10027.376146089266,9881.395668981024,9940.4375,230083,0.0,0.0,0.24988800947571801,9995.9853515625,145.98047710824176,0.03378362216188767,0.01856253631179241
2023-10-10 00:00:00+05:30,9984.294792921686,10107.521754894578,9964.985622222533,10066.76953125,348342,0.0,0.0,0.5563327360342221,9940.4375,167.0842548945784,-0.05415582133879315,0.02133266758207465
2023-10-11 00:00:00+05:30,10042.463584087334,10129.838099641813,10032.857324110853,10102.7666015625,193526,0.0,0.0,0.6342072490967672,10066.76953125,96.98077553095936,-0.22788848872689174,0.06577715330348471
2023-10-12 00:00:00+05:30,10149.244169873451,10308.905369288213,10110.626776404359,10266.552734375,569237,0.0,0.0,1.0060240373817835,10102.7666015625,206.13876772571348,-0.25533946218131076,0.03885478917337264
2023-10-13 00:00:00+05:30,10221.09534138661,10425.826774882671,10216.971603982069,10408.8466796875,625954,0.0,0.0,1.3101113221678506,10266.552734375,208.8551709006024,-0.265461468530482,0.12068204149828142
2023-10-16 00:00:00+05:30,10411.174565301839,10489.670542142745,10348.15397255535,10386.48046875,304196,0.0,0.0,1.216904499146108,10408.8466796875,141.51656958739477,-0.3086175088170045,0.1023295867562443
2023-10-17 00:00:00+05:30,10411.223408251148,10477.057279767056,10251.416276025515,10431.4052734375,474718,0.0,0.0,1.301365904193268,10386.48046875,225.64100374154077,-0.2112097531019789,0.10621884204010401
2023-10-18 00:00:00+05:30,10435.480098752889,10488.700183091074,10392.83561818386,10467.9365234375,267435,0.0,0.0,1.3647437702903327,10431.4052734375,95.86456490721321,-0.40644368415820853,0.12342753948990995
2023-10-19 00:00:00+05:30,10382.113540608116,10477.881450347795,10382.113540608116,10451.68359375,286284,0.0,0.0,1.283362656420997,10467.9365234375,95.76790973967945,-0.5621595223904026,0.21254400302842522
2023-10-20 00:00:00+05:30,10443.339572692983,10478.173401580216,10377.942522252037,10407.0029296875,232512,0.0,0.0,1.1188507877958127,10451.68359375,100.23087932817907,-0.6832771950139479,0.22257255042086757
2023-10-23 00:00:00+05:30,10363.678488300757,10406.032070767402,10217.60136328833,10240.1123046875,227925,0.0,0.0,0.5801230698470116,10407.0029296875,189.4015663991704,-0.48023768245591386,0.00971629188836043
2023-10-25 00:00:00+05:30,10207.461467703257,10331.125246952648,10189.607734024989,10274.265625,401105,0.0,0.0,0.6584953201831414,10240.1123046875,141.51751292765948,-0.5585678383099973,0.00034415840464170974
2023-10-26 00:00:00+05:30,10225.897510476068,10279.26351892812,10083.749869781055,10114.4599609375,506129,0.0,0.0,0.18162445672211425,10274.265625,195.51364914706573,-0.337732783039727,0.06561351972731681
2023-10-27 00:00:00+05:30,10129.887128012788,10522.806687567048,10129.838802969109,10246.953125,1116713,0.0,0.0,0.5237259598432379,10114.4599609375,408.34672662954836,0.1663061403857763,0.0590840801049732
2023-10-30 00:00:00+05:30,10382.113701713448,10382.113701713448,9940.631296640588,10088.794921875,991168,0.0,0.0,0.07570954105310791,10246.953125,441.4824050728603,0.9284781318546994,0.08062213983384113
2023-10-31 00:00:00+05:30,10178.353290799461,10178.353290799461,10014.374100509174,10083.5556640625,439996,0.0,0.0,0.059786711767344916,10088.794921875,163.97919029028708,0.8865621396743316,0.10703084135208488
2023-11-01 00:00:00+05:30,10081.419916016492,10112.566824954123,9885.95555645061,9923.8935546875,699116,0.0,0.0,-0.366479219639247,10083.5556640625,226.6112685035132,1.1280654196478923,0.06140390915296153
2023-11-02 00:00:00+05:30,9984.586528543836,10037.661642349278,9897.939720986466,9997.4912109375,569194,0.0,0.0,-0.155230646414513,9923.8935546875,139.72192136281228,0.9649001609844317,0.09656848623506806
2023-11-03 00:00:00+05:30,10011.462299809815,10061.9174306094,9936.749894587354,9971.0009765625,517582,0.0,0.0,-0.22405834237365888,9997.4912109375,125.16753602204517,0.8602166989088323,0.0378804820188169
2023-11-06 00:00:00+05:30,10031.790185907497,10031.790185907497,9947.423195108551,9979.296875,490459,0.0,0.0,-0.19506265624788663,9971.0009765625,84.36699079894606,0.6274888632980593,0.010343034808255302
2023-11-07 00:00:00+05:30,9993.998330758419,10019.225899360334,9931.753777668735,9948.685546875,264935,0.0,0.0,-0.27843201016276503,9979.296875,87.47212169159866,0.43585169901240656,0.005192145021048904
2023-11-08 00:00:00+05:30,10013.402309453091,10033.244948306865,9955.766649698557,10015.6337890625,287006,0.0,0.0,-0.0726918687206178,9948.685546875,84.5594014318649,0.14184107852088182,0.03344000398498224
2023-11-09 00:00:00+05:30,10042.465082047594,10139.154026659366,10010.251226342865,10091.3671875,310536,0.0,0.0,0.15267545745711222,10015.6337890625,128.90280031650036,-0.03661862036729733,0.007265794372977445
2023-11-10 00:00:00+05:30,10066.769353094072,10106.939780424182,10013.4033468849,10080.1591796875,206395,0.0,0.0,0.11517788247773146,10091.3671875,93.53643353928237,-0.23492832180295367,0.13160255362748727
2023-11-13 00:00:00+05:30,10119.165135825991,10119.165135825991,10055.756996135959,10089.474609375,261891,0.0,0.0,0.14100544161901005,10080.1591796875,63.40813969003284,-0.5479081882111909,0.2488564930118806
2023-11-15 00:00:00+05:30,10185.145719597329,10185.145719597329,10066.818529943983,10145.412109375,436538,0.0,0.0,0.31135885861869994,10089.474609375,118.32718965334607,-0.7334177615044277,0.1830533259772079
2023-11-16 00:00:00+05:30,10168.650291799799,10230.45802172844,10099.95387437662,10173.0166015625,488715,0.0,0.0,0.39124150439103605,10145.412109375,130.50414735181948,-0.84970301823719,0.19882025849113316
2023-11-17 00:00:00+05:30,10188.056557570557,10291.683457617579,10187.232189154904,10210.8583984375,403772,0.0,0.0,0.5034793884961578,10173.0166015625,118.66685605507882,-1.014134337433058,0.19761256682846123
2023-11-20 00:00:00+05:30,10188.056108038565,10278.632399274375,10188.056108038565,10252.337890625,234246,0.0,0.0,0.6266820160194203,10210.8583984375,90.57629123580955,-1.2783677131674962,0.15031952010863242
2023-11-21 00:00:00+05:30,10303.519650363172,10303.519650363172,10188.055026726934,10222.1611328125,312242,0.0,0.0,0.5066788454533975,10252.337890625,115.46462363623868,-1.3773251663927448,0.1409239071357628
2023-11-22 00:00:00+05:30,10236.570405453202,10237.783269245318,10110.43257107321,10182.767578125,378891,0.0,0.0,0.35509635324641325,10222.1611328125,127.35069817210751,-1.4220950430925143,0.0484270946299786
2023-11-23 00:00:00+05:30,10176.218067707016,10212.313083507383,10085.253283709028,10176.8974609375,453820,0.0,0.0,0.32540334483667394,10182.767578125,127.05979979835502,-1.500312406139302,0.08423854958123628
2023-11-24 00:00:00+05:30,10193.82919847131,10252.580130610753,10151.18471835042,10203.2412109375,380306,0.0,0.0,0.4123103699888543,10176.8974609375,101.39541226033361,-1.7061843222080886,0.0868360877148408
2023-11-28 00:00:00+05:30,10226.819311908097,10242.78078914367,10193.87774134742,10224.490234375,268026,0.0,0.0,0.48047113473330455,10203.2412109375,48.903047796249666,-2.104601099965138,0.024653170765167886
2023-11-29 00:00:00+05:30,10255.976408634455,10318.608506463874,10212.992704586952,10284.357421875,343341,0.0,0.0,0.6879922346371684,10224.490234375,105.61580187692198,-2.2937725549023673,0.24058416048555098
2023-11-30 00:00:00+05:30,10266.650090870102,10332.629885424412,10232.786552586238,10293.52734375,665660,0.0,0.0,0.7060804673434057,10284.357421875,99.84333283817432,-2.437371605462874,0.2570675000807031
2023-12-01 00:00:00+05:30,10292.847261428462,10439.361207174663,10220.123759112683,10271.2099609375,591519,0.0,0.0,0.5987966164573109,10293.52734375,219.2374480619801,-2.055557740436026,0.5111719879613313
2023-12-04 00:00:00+05:30,10377.262879016886,10377.359529102869,10115.284293010849,10284.5517578125,625235,0.0,0.0,0.6374315042073797,10271.2099609375,262.0752360920196,-1.5796007185283263,0.4636025839988897
2023-12-05 00:00:00+05:30,10334.473591475911,10450.034879507899,10249.57312239913,10403.3642578125,580996,0.0,0.0,1.0542172381714736,10284.5517578125,200.46175710876923,-1.4937538510961852,0.6076635272868017
2023-12-06 00:00:00+05:30,10403.36319227905,10429.609373664052,10275.38143355322,10310.0693359375,464163,0.0,0.0,0.6287969861702011,10403.3642578125,154.2279401108317,-1.362385750548974,0.41527378122268227
2023-12-07 00:00:00+05:30,10469.440549346913,10608.046248406134,10319.045434875294,10378.8642578125,704413,0.0,0.0,0.8704986821030171,10310.0693359375,297.9769124686336,-0.8780319815164519,0.5153691269671348
2023-12-08 00:00:00+05:30,10411.22311292839,10428.68835207403,10237.541012535643,10303.083984375,548373,0.0,0.0,0.5332415607965514,10378.8642578125,191.1473395383873,-0.6628004378421968,0.3407696662448757
2023-12-11 00:00:00+05:30,10314.194597522945,10321.956926476865,10188.105077067701,10228.56640625,579749,0.0,0.0,0.21816433778606317,10303.083984375,133.85184940916406,-0.6637569742523298,0.1628832321583431
2023-12-12 00:00:00+05:30,10304.491405203711,10308.372569574787,9995.065196699812,10031.2578125,1088687,0.0,0.0,-0.5056691257419066,10228.56640625,313.30737287497504,0.13144400563031886,0.04755013536239233
2023-12-13 00:00:00+05:30,10052.214800194672,10103.543573319837,9955.185699806692,10071.6689453125,603469,0.0,0.0,-0.34451823400504833,10031.2578125,148.35787351314502,0.029376334529592058,0.016805522143600437
2023-12-14 00:00:00+05:30,10129.838258607577,10183.204264759246,10005.931905723648,10045.6171875,635475,0.0,0.0,-0.43117248166256794,10071.6689453125,177.27235903559813,0.11201348205342278,0.09692337751271414
2023-12-15 00:00:00+05:30,10148.273606003224,10165.496271316022,9540.48294236714,9980.8017578125,1244681,0.0,0.0,-0.6575376663020917,10045.6171875,625.0133289488822,1.725735964696134,0.18017249428344936
2023-12-18 00:00:00+05:30,9989.145868800551,10043.385514849706,9922.390037351457,10013.0146484375,652498,0.0,0.0,-0.5145515625614542,9980.8017578125,120.99547749824887,1.4745297084282065,0.18643241144110767
2023-12-19 00:00:00+05:30,10013.015344499561,10068.71043092387,9902.984905718435,9929.5703125,585734,0.0,0.0,-0.8107824117620696,10013.0146484375,165.72552520543468,1.5072660109773877,0.2925808878856283
2023-12-20 00:00:00+05:30,9935.780781153131,10002.779191539503,9693.20800817576,9781.7470703125,964051,0.0,0.0,-1.2857822382721902,9929.5703125,309.57118336374333,2.0607672985082623,0.3607525677534957
2023-12-21 00:00:00+05:30,9702.910069268415,9799.211451705904,9605.88096857573,9715.3779296875,739806,0.0,0.0,-1.4956637294205715,9781.7470703125,193.3304831301739,2.130641835941814,0.3745721948779997
2023-12-22 00:00:00+05:30,9751.425810921091,10011.754730373306,9732.019988411796,9913.6103515625,652545,0.0,0.0,-0.591969060332339,9715.3779296875,296.3768006858063,2.1926664409777854,0.18281818539358605
2023-12-26 00:00:00+05:30,9964.888463086849,9975.755911680213,9814.202461913517,9965.51953125,395273,0.0,0.0,-0.3980743459714929,9913.6103515625,161.55344976669585,2.016629870888678,0.1621872461941194
2023-12-27 00:00:00+05:30,9980.414116033679,9999.188869538051,9926.077815188073,9982.83984375,397675,0.0,0.0,-0.3286423541629785,9965.51953125,73.11105434997808,1.637159727852806,0.16531073340646332
2023-12-28 00:00:00+05:30,10004.621948198155,10004.621948198155,9884.35419197617,9966.4404296875,584234,0.0,0.0,-0.3776411925735033,9982.83984375,120.26775622198511,1.4499078586838408,0.22414926805690297
2023-12-29 00:00:00+05:30,9975.028538872019,10087.776545276756,9967.799681239281,9996.27734375,705227,0.0,0.0,-0.26056718488736397,9966.4404296875,121.33611558925622,1.2280076761685281,0.20656790156969998
2024-01-01 00:00:00+05:30,10037.661093689623,10037.661093689623,9911.184032055879,9977.7939453125,411724,0.0,0.0,-0.3213765286408787,9996.27734375,126.4770616337446,1.0878412934668567,0.2044482731402473
2024-01-02 00:00:00+05:30,9977.793362721228,9988.855059265241,9849.47237653172,9894.78515625,776837,0.0,0.0,-0.6122642521442528,9977.7939453125,139.3826827335215,1.0664175017120314,0.2590108784036788
2024-01-03 00:00:00+05:30,9896.969624732328,9906.672536129125,9765.980320875577,9778.2548828125,521046,0.0,0.0,-0.9994452935866861,9894.78515625,140.69221525354806,1.0934626424196947,0.4160337344323368
2024-01-04 00:00:00+05:30,9799.939701630328,9819.345522821675,9688.889700352871,9717.755859375,711733,0.0,0.0,-1.1942215956961144,9778.2548828125,130.4558224688044,1.0227418629031777,0.40300314347355487
2024-01-05 00:00:00+05:30,9713.245280343972,9775.683135544574,9673.802566886294,9719.40625,673131,0.0,0.0,-1.1570934367734576,9717.755859375,101.88056865828003,0.7834861710805189,0.47016675868762564
2024-01-08 00:00:00+05:30,9707.761133290416,9828.028888264773,9617.427423203944,9651.193359375,600153,0.0,0.0,-1.383656928774824,9719.40625,210.60146506082856,1.0155618846797123,0.4672926767461103
2024-01-09 00:00:00+05:30,9678.653034707957,9744.293601978316,9596.178297068842,9726.2939453125,666469,0.0,0.0,-1.0130595376357197,9651.193359375,148.1153049094737,0.8470489066657344,0.3598919611087981
2024-01-10 00:00:00+05:30,9751.376686262061,9752.152729588814,9654.395906714293,9712.8076171875,481699,0.0,0.0,-1.0416681450173295,9726.2939453125,97.75682287452037,0.6144645726964424,0.2627915166724287
2024-01-11 00:00:00+05:30,9727.264739199414,9823.323556239016,9702.910812081043,9713.6806640625,1024815,0.0,0.0,-1.0115988497930781,9712.8076171875,120.41274415797307,0.45166983927308213,0.305383065893365
2024-01-12 00:00:00+05:30,9727.167447539037,9746.524942842358,9640.763221966372,9669.5810546875,850190,0.0,0.0,-1.1661262886136887,9713.6806640625,105.7617208759857,0.296396801730955,0.31591508563224285
2024-01-15 00:00:00+05:30,9688.452135312082,9798.774409816637,9652.454718788465,9787.228515625,463380,0.0,0.0,-0.591539216985681,9669.5810546875,146.3196910281713,0.10050308559426133,0.15571319153950391
2024-01-16 00:00:00+05:30,9787.179505660242,9935.77995302051,9761.127571033821,9881.0068359375,536823,0.0,0.0,-0.19235782539947166,9787.228515625,174.65238198668885,0.0441567747346806,0.10117827753817688
2024-01-17 00:00:00+05:30,9823.22705201555,9859.903865919854,9699.46661227972,9753.0751953125,610250,0.0,0.0,-0.6555940999237835,9881.0068359375,181.54022365777928,0.28115903049890795,0.1308153821766928
2024-01-18 00:00:00+05:30,9650.562902484002,9751.424844489962,9448.354820507264,9629.6533203125,614860,0.0,0.0,-1.0670074512630479,9753.0751953125,304.72037480523613,0.9540579048134706,0.11480584349241404
2024-01-19 00:00:00+05:30,9664.09843359094,9753.025983438034,9653.473557550073,9739.490234375,377018,0.0,0.0,-0.5911726409278739,9629.6533203125,123.37266312553402,0.6522717259117464,0.017622619989907908
2024-01-23 00:00:00+05:30,9569.01059759628,9676.71290710076,9539.998515385481,9567.5068359375,956269,0.0,0.0,-1.1157665215074988,9739.490234375,199.49171898951863,0.9838929599209122,0.2578994016960919
2024-01-24 00:00:00+05:30,9567.069439456734,9702.910182004802,9465.188882545684,9691.4609375,459092,0.0,0.0,-0.6179423154373497,9567.5068359375,237.7212994591173,1.0710590852721669,0.19381046304123228
2024-01-25 00:00:00+05:30,9691.461683732636,9702.716681390455,9524.910838614349,9587.4462890625,718817,0.0,0.0,-0.9315226390234492,9691.4609375,177.80584277610615,1.2150818914248667,0.2634641425798446
2024-01-29 00:00:00+05:30,9636.106370305026,9736.870717142105,9581.672473700206,9694.56640625,446516,0.0,0.0,-0.523951568727032,9587.4462890625,155.19824344189874,1.0155001281700247,0.17083204216817566
2024-01-30 00:00:00+05:30,9713.437541026111,9735.415011790405,9636.445327113808,9655.9970703125,399869,0.0,0.0,-0.6376271596432673,9694.56640625,98.96968467659644,0.8022703763121984,0.21264830432190268
2024-01-31 00:00:00+05:30,9663.419011351745,9931.510226378055,9618.494727354544,9884.2578125,997024,0.0,0.0,0.12788751738156393,9655.9970703125,313.01549902351144,1.0228137184721244,0.05167800696982172
2024-02-01 00:00:00+05:30,9906.671945159489,10381.920327514264,9900.8501986687,10321.908203125,1869594,0.0,0.0,1.0408273553105298,9884.2578125,497.6625150142645,1.545579423957047,0.19732000584686624
2024-02-02 00:00:00+05:30,10283.144286397595,10393.368967854618,10227.25590235879,10338.8876953125,814940,0.0,0.0,1.0519339796664218,10321.908203125,166.11306549582878,1.4359566026315034,0.27148364348974197
2024-02-05 00:00:00+05:30,10287.024694547672,10440.282340245494,10091.025921835106,10118.7275390625,365105,0.0,0.0,0.49509227422913055,10338.8876953125,349.2564184103885,2.1534011300519436,0.18023374485596708
2024-02-06 00:00:00+05:30,10188.00829853549,10534.207976005855,10147.304397086535,10522.6611328125,829040,0.0,0.0,1.1566469528141012,10118.7275390625,415.480436943355,2.2913072001694608,0.3057671883520944
2024-02-07 00:00:00+05:30,10537.361274716903,10647.489313821909,10466.335777167395,10610.8125,560808,0.0,0.0,1.2865239667112343,10522.6611328125,181.15353665451403,2.091201571697765,0.3625372627726454
2024-02-08 00:00:00+05:30,10625.656850080451,10625.656850080451,10372.362571440153,10424.7099609375,557082,0.0,0.0,0.8669214367429048,10610.8125,253.29427864029822,2.396551611021549,0.2532369077236092
2024-02-09 00:00:00+05:30,10393.030372856841,10450.03497403834,10295.855341780254,10413.98828125,645489,0.0,0.0,0.8245924343940302,10424.7099609375,154.1796322580867,2.235103594474897,0.254494446738489
2024-02-12 00:00:00+05:30,10382.1143543843,10429.610291337929,10333.648126369515,10391.5263671875,190655,0.0,0.0,0.7596953681158588,10413.98828125,95.96216496841407,1.9354906413765276,0.24411220001814715
2024-02-13 00:00:00+05:30,10411.22286848916,10508.251972575732,10324.042597487314,10473.806640625,397979,0.0,0.0,0.8989475251501441,10391.5263671875,184.2093750884178,1.7852404390941778,0.2856969893346757
2024-02-14 00:00:00+05:30,10386.965607452867,10721.716017034487,10385.413520805181,10700.3212890625,354676,0.0,0.0,1.2735373878345575,10473.806640625,336.3024962293057,1.9054880540553791,0.3122936914808589
2024-02-15 00:00:00+05:30,10712.012409548928,10802.249470607629,10653.79495080138,10760.76953125,447248,0.0,0.0,1.357302591276123,10700.3212890625,148.45451980624784,1.6742434027705124,0.30436380799285373
2024-02-16 00:00:00+05:30,10789.635655462336,11138.940406898168,10768.289253985702,11042.2998046875,716486,0.0,0.0,1.7710682254904917,10760.76953125,378.17087564816757,1.8378141489479003,0.42351645122441817
2024-02-19 00:00:00+05:30,11042.300700188074,11268.03834558032,10996.356850208711,11142.19140625,581383,0.0,0.0,1.907728495113447,11042.2998046875,271.68149537160934,1.8737490310885423,0.5007466718222963
2024-02-20 00:00:00+05:30,11100.12912880247,11138.892444072542,10979.667121168837,11106.3876953125,355044,0.0,0.0,1.781262001525245,11142.19140625,162.52428508116282,1.7575237485343558,0.46390039403443334
2024-02-21 00:00:00+05:30,11115.652974227985,11178.721885132734,11032.207953646315,11125.2099609375,348461,0.0,0.0,1.7722416524525262,11106.3876953125,146.5139314864191,1.5541383686877175,0.5576427451709753
2024-02-22 00:00:00+05:30,11158.346280533915,11347.553021812533,11052.8271363593,11311.4580078125,584406,0.0,0.0,2.0537192936569424,11125.2099609375,294.7258854532338,1.578070103913715,0.5672923988467277
2024-02-23 00:00:00+05:30,11357.208024063226,11371.810714352836,11134.28366300328,11192.888671875,472884,0.0,0.0,1.7229479980330002,11311.4580078125,237.52705134955613,1.7342309115122423,0.5593447665190594
2024-02-26 00:00:00+05:30,11163.198207270727,11191.28832186548,11077.279126789053,11126.3271484375,277700,0.0,0.0,1.5311988918025465,11192.888671875,115.60954508594659,1.5324543947419589,0.5059831106929834
2024-02-27 00:00:00+05:30,11075.871736109355,11219.378153654949,11046.03528793718,11158.9775390625,307585,0.0,0.0,1.55866420102205,11126.3271484375,173.3428657177683,1.3962277352582706,0.5322654721820279
2024-02-28 00:00:00+05:30,11130.208717997259,11157.328542558056,10799.33946746661,10821.4619140625,358812,0.0,0.0,0.7163866600509705,11158.9775390625,359.6380715958894,2.078717544795922,0.3195380285404255
2024-02-29 00:00:00+05:30,10823.596445104233,11011.83290501909,10798.854023826765,10952.984375,943841,0.0,0.0,0.9361505055488842,10821.4619140625,212.97888119232448,1.9208989287460605,0.24023890726618025
2024-03-01 00:00:00+05:30,10959.437540530964,11328.148143930854,10959.437540530964,11275.7041015625,487355,0.0,0.0,1.4115989140993703,10952.984375,375.1637689308536,1.9723900492741318,0.31944807045773016
2024-03-04 00:00:00+05:30,11255.376018853796,11330.379326434982,11201.185643507095,11249.7001953125,369936,0.0,0.0,1.3264208420934347,11275.7041015625,129.1936829278875,1.7549903696762545,0.41299690176365533
2024-03-05 00:00:00+05:30,11251.54292409917,11381.513594942686,11218.31045686756,11323.8779296875,320702,0.0,0.0,1.4253756129395816,11249.7001953125,163.20313807512503,1.5395717631094872,0.33263490946302177
2024-03-06 00:00:00+05:30,11323.878725494578,11332.029549605439,11176.201180815937,11223.4052734375,639542,0.0,0.0,1.1856958930009858,11323.8779296875,155.82836878950184,1.4729648048889061,0.2530310113697465
2024-03-07 00:00:00+05:30,11227.285406832436,11287.880268864905,11081.839355488428,11168.09765625,255325,0.0,0.0,1.0459676177731676,11223.4052734375,206.04091337647696,1.49238287664393,0.3245917493216965
2024-03-11 00:00:00+05:30,11173.04737826401,11212.586738604014,11012.851757166376,11057.0,525344,0.0,0.0,0.7928319103353527,11168.09765625,199.73498143763754,1.5508840197798484,0.268975078983682
2024-03-12 00:00:00+05:30,11061.317761594171,11231.99233309344,11042.882231991514,11167.953125,283816,0.0,0.0,0.9805532627378843,11057.0,189.11010110192547,1.3826366576626599,0.31319012254445283
2024-03-13 00:00:00+05:30,11168.050729822933,11211.567907295805,10932.851784607565,11051.76171875,385204,0.0,0.0,0.7137483584363112,11167.953125,278.7161226882399,1.6336506535861628,0.22998592476471974
2024-03-14 00:00:00+05:30,11063.016299447438,11119.535754745335,10966.278089453332,11065.78125,523058,0.0,0.0,0.7240298339312264,11051.76171875,153.25766529200337,1.4621756125733243,0.15886062811396437
2024-03-15 00:00:00+05:30,11041.912395156947,11178.771761300477,10977.92150947293,11135.69140625,972333,0.0,0.0,0.845980418571373,11065.78125,200.85025182754725,1.3627747226856652,0.16230603768990381
2024-03-18 00:00:00+05:30,11096.8796149206,11318.83369458661,11028.619070414708,11290.59765625,311049,0.0,0.0,1.1227527533039037,11135.69140625,290.21462417190196,1.3993413327383841,0.1137236133816692
2024-03-19 00:00:00+05:30,11199.195017042817,11332.95019568239,11115.799266276475,11252.5126953125,409259,0.0,0.0,1.0119552328307149,11290.59765625,217.1509294059142,1.4268645934636954,0.05200061681369695
2024-03-20 00:00:00+05:30,11305.007190970779,11667.750128846397,11305.007190970779,11586.3916015625,1031037,0.0,0.0,1.5297310074047443,11252.5126953125,415.2374335338973,1.5739305640636376,0.19838042300793807
2024-03-21 00:00:00+05:30,11642.52263565871,11643.492926735938,11474.031211078118,11554.3720703125,544311,0.0,0.0,1.4239612156999462,11586.3916015625,169.4617156578206,1.4680746020983149,0.17640588985700856
2024-03-22 00:00:00+05:30,11536.808985825566,12058.097855884904,11536.808985825566,11971.16015625,1062263,0.0,0.0,1.9457839637333376,11554.3720703125,521.2888700593376,1.7442361811165241,0.2476963235410049
2024-03-26 00:00:00+05:30,11920.558818990368,11955.829466593572,11780.497687302437,11886.5986328125,507568,0.0,0.0,1.7264652149336863,11971.16015625,190.66246894756296,1.7048180358640102,0.2638339770476448
2024-03-27 00:00:00+05:30,11924.877403068927,12344.722543946515,11920.705340924455,12138.6806640625,878986,0.0,0.0,2.0581796639523264,11886.5986328125,458.12391113401463,1.9374300968261968,0.35964571436501275
2024-03-28 00:00:00+05:30,12196.509581416714,12348.699346201705,12017.53921642179,12226.005859375,860324,0.0,0.0,2.1546324557249115,12138.6806640625,331.1601297799152,2.0135103742558718,0.37184671830689214
2024-04-01 00:00:00+05:30,12238.620155029925,12312.023051493752,12134.60571320219,12196.169921875,314676,0.0,0.0,2.036660051971785,12226.005859375,177.41733829156146,1.8768197760495062,0.5366057736254848
2024-04-02 00:00:00+05:30,12249.876375679272,12272.241395226856,12092.009829828106,12179.5302734375,333508,0.0,0.0,1.9484654577242786,12196.169921875,180.2315653987498,1.7436836126072313,0.501249749072416
2024-04-03 00:00:00+05:30,12080.123184462063,12153.380156383902,12043.78559629683,12058.630859375,271935,0.0,0.0,1.6393764762755614,12179.5302734375,135.74467714067032,1.6136674208062092,0.34871831230353206
2024-04-04 00:00:00+05:30,12118.934668203814,12273.210938199363,11952.092940167218,12193.8896484375,491166,0.0,0.0,1.83281320795408,12058.630859375,321.1179980321449,1.657065838351424,0.40103014787740426
2024-04-05 00:00:00+05:30,12120.875272234809,12184.81782868351,12016.568988872237,12052.56640625,231600,0.0,0.0,1.4798518313695865,12193.8896484375,177.32065956526276,1.6278326999345762,0.3009175000090738
2024-04-08 00:00:00+05:30,12080.12320153346,12543.583086353587,12080.12320153346,12482.890625,570422,0.0,0.0,1.990723349956932,12052.56640625,491.0166801035866,1.7645232689522463,0.4577604287010802
2024-04-09 00:00:00+05:30,12482.89030874286,12599.907971344624,12400.31892403544,12505.1103515625,314466,0.0,0.0,1.9760333804144625,12482.890625,199.58904730918402,1.6375215504016418,0.4918526964939489
2024-04-10 00:00:00+05:30,12548.774322991614,12573.031599576689,12226.541039855409,12305.958984375,464239,0.0,0.0,1.519798399747199,12505.1103515625,346.4905597212801,1.9455815860919239,0.4450438211576191
2024-04-12 00:00:00+05:30,12283.885243684254,12283.885243684254,11861.80861801264,11902.1240234375,973366,0.0,0.0,0.700793948978242,12305.958984375,444.1503663623607,2.548339255114291,0.236886260148845
2024-04-15 00:00:00+05:30,11837.065178769779,12138.340537432676,11675.463400533186,12053.779296875,831257,0.0,0.0,0.9094526317435286,11902.1240234375,462.8771368994894,2.720593333363682,0.31965150880760834
2024-04-16 00:00:00+05:30,11942.341960037538,12177.055738483297,11910.661578986796,12131.2578125,579183,0.0,0.0,1.0063053671851183,12053.779296875,266.39415949650174,2.607342547843675,0.333151141366513
2024-04-18 00:00:00+05:30,12196.557977346583,12227.60728961986,11954.033550252072,12036.4599609375,679117,0.0,0.0,0.8217799551933636,12131.2578125,273.5737393677882,2.6303035909060237,0.2794757271728226
2024-04-19 00:00:00+05:30,12031.511492907093,12380.331099955734,11861.807221612333,12333.3203125,635535,0.0,0.0,1.2218720911452665,12036.4599609375,518.5238783434015,2.747493129977661,0.3098712047780183
2024-04-22 00:00:00+05:30,12403.375468663851,12496.52340235827,12282.913464975583,12405.6552734375,342212,0.0,0.0,1.3030591206675692,12333.3203125,213.60993738268735,2.5448312002246727,0.33923246377611
2024-04-23 00:00:00+05:30,12463.388016074348,12637.555252266278,12396.728834216834,12610.14453125,397281,0.0,0.0,1.5668109288709673,12405.6552734375,240.82641804944433,2.31099089397949,0.31308579103124307
2024-04-24 00:00:00+05:30,12613.783088528475,12685.536297992028,12516.753987847487,12559.4951171875,296364,0.0,0.0,1.4393068695829272,12610.14453125,168.78231014454104,2.147835865801971,0.3056469703637844
2024-04-25 00:00:00+05:30,12578.853015573612,12595.057065416817,12361.847045923234,12538.5859375,640725,0.0,0.0,1.3662765757633268,12559.4951171875,233.21001949358288,2.0722570066455845,0.19616252775945342
2024-04-26 00:00:00+05:30,12538.10080372195,12657.446601497668,12283.884551549289,12325.9462890625,704626,0.0,0.0,0.9382026687561711,12538.5859375,373.56204994837935,2.3281611429571325,0.14544521121451334
2024-04-29 00:00:00+05:30,12419.773920811038,12608.738105168522,12228.578256520537,12312.84765625,613937,0.0,0.0,0.8923966054941539,12325.9462890625,380.1598486479852,2.445561980190662,0.06261113355967572
2024-04-30 00:00:00+05:30,12406.141885331333,12609.90301437244,12361.702742888538,12436.7060546875,528776,0.0,0.0,1.0713658384415996,12312.84765625,297.05535812243943,2.3493668070786904,0.07476254350033976
2024-05-02 00:00:00+05:30,12371.210785470366,12462.564066094386,12142.998142882543,12424.916015625,814923,0.0,0.0,1.023431154245083,12436.7060546875,319.56592321184326,2.370211305195834,0.08168882248768752
2024-05-03 00:00:00+05:30,12437.14211282869,12448.833930244633,12042.670483605923,12121.021484375,834990,0.0,0.0,0.4257454759849557,12424.916015625,406.1634466387095,2.6786917700649036,0.018950412880701248
2024-05-06 00:00:00+05:30,12177.152619167939,12270.689054959814,12004.925958617954,12069.7412109375,342231,0.0,0.0,0.32722460297787503,12121.021484375,265.76309634185964,2.6295742691070534,0.0036815469940073334
2024-05-07 00:00:00+05:30,12101.858163626845,12136.88529062214,11875.391859289632,11996.7265625,604375,0.0,0.0,0.19079703412925084,12069.7412109375,261.4934313325084,2.5928433913630706,0.0667082102692217
2024-05-08 00:00:00+05:30,12023.846142287866,12186.806706200447,11958.836644907838,12170.8935546875,399669,0.0,0.0,0.4839945725395865,11996.7265625,227.97006129260808,2.367752714861169,0.03959484617036107
2024-05-09 00:00:00+05:30,12167.449800316475,12361.313763127337,12067.26724912966,12133.150390625,504590,0.0,0.0,0.40449661419900734,12170.8935546875,294.0465139976768,2.3656837536393396,0.13472963334145924
2024-05-10 00:00:00+05:30,12133.489209159648,12319.736760020927,12129.60804507835,12298.923828125,328670,0.0,0.0,0.6797343188405834,12133.150390625,190.12871494257706,2.113203384690832,0.0752664636365678
2024-05-13 00:00:00+05:30,12283.88411423559,12330.84657786286,12106.85433099401,12297.322265625,281421,0.0,0.0,0.6598444853631902,12298.923828125,223.99224686884918,2.014457802272819,0.0033977799941295704
2024-05-14 00:00:00+05:30,12297.322987277255,12458.537226119612,12275.540710992662,12433.50390625,331037,0.0,0.0,0.8828429723150099,12297.322265625,182.99651512694982,1.789101994012643,0.23365391345496112
2024-05-15 00:00:00+05:30,12439.131599549171,12489.975230972897,12322.696670380225,12387.9970703125,232030,0.0,0.0,0.7736408208308857,12433.50390625,167.27856059267287,1.6573560328115258,0.15415455949566303
2024-05-16 00:00:00+05:30,12466.299490982447,12466.299490982447,11934.579992145398,12126.3583984375,914201,0.0,0.0,0.2372152973466708,12387.9970703125,531.7194988370484,2.1319905392917233,0.002082880976865781
2024-05-17 00:00:00+05:30,12143.33867254892,12289.610051457641,11956.21747103361,12265.9345703125,809226,0.0,0.0,0.4813150804772038,12126.3583984375,333.3925804240316,2.0901710552927115,0.09573377615973039
2024-05-21 00:00:00+05:30,12225.813436391169,12302.223858351857,12072.167276528224,12102.7314453125,443136,0.0,0.0,0.16110365121808018,12265.9345703125,230.05658182363368,2.0927040762745523,0.101879429824164
2024-05-22 00:00:00+05:30,12058.582221181601,12189.765753030953,11995.804204383485,12159.0556640625,280015,0.0,0.0,0.26177233140923795,12102.7314453125,193.9615486474686,1.927639963845225,0.10972955873176446
2024-05-23 00:00:00+05:30,12192.725739390446,12589.623106488694,12102.48867114802,12550.6181640625,768732,0.0,0.0,0.8820666912256907,12159.0556640625,487.1344353406748,1.944704007259182,0.024452040424592203
2024-05-24 00:00:00+05:30,12482.794588468654,12646.773778942901,12430.398870802326,12614.220703125,624801,0.0,0.0,0.9663798824677325,12550.6181640625,216.37490814057492,1.8031087420831085,0.0223610122967811
2024-05-27 00:00:00+05:30,12636.537073993188,12670.54558554178,12397.408656925936,12522.6728515625,464953,0.0,0.0,0.7762856489700494,12614.220703125,273.1369286158442,1.822092486586834,0.006319720047455106
2024-05-28 00:00:00+05:30,12507.051620851842,12600.15123650772,12419.967999209372,12437.7724609375,333806,0.0,0.0,0.6020643208878463,12522.6728515625,180.1832372983481,1.7243551461209745,0.04678399367225138
2024-05-29 00:00:00+05:30,12437.190553635739,12468.28819196506,12371.210762900271,12408.712890625,353706,0.0,0.0,0.5339673369284363,12437.7724609375,97.07742906478961,1.4976729010849472,0.039840485459273954
2024-05-30 00:00:00+05:30,12343.0723608162,12429.428263662883,12177.152592425386,12223.7265625,524559,0.0,0.0,0.17110679470837117,12408.712890625,252.2756712374976,1.5677689604799157,0.08631896748597209
2024-05-31 00:00:00+05:30,12223.726709618417,12258.026119389155,11963.688706905466,12030.9296875,908304,0.0,0.0,-0.18783637172826897,12223.7265625,294.33741248368824,1.6973448395078994,0.14876607808041678
2024-06-03 00:00:00+05:30,12443.982724304138,12443.982724304138,12034.083080456367,12105.4970703125,485936,0.0,0.0,-0.043764420507724965,12030.9296875,413.0530368041382,1.8212600411261621,0.006417608396300338
2024-06-04 00:00:00+05:30,12222.368223661653,12222.950966838838,11217.971982015355,11814.3125,825928,0.0,0.0,-0.5600922796815668,12105.4970703125,1004.9789848234832,2.8026454106293612,0.09606416740703251
2024-06-05 00:00:00+05:30,11818.144651479513,12239.34760523522,11764.875295335918,12131.16015625,447581,0.0,0.0,0.030961687688518248,11814.3125,474.47230989930176,2.7496359508774226,0.046312151843032556
2024-06-06 00:00:00+05:30,12139.844576239091,12312.99320047121,12097.588591290389,12296.9833984375,447536,0.0,0.0,0.3045870662743608,12131.16015625,215.40460918082135,2.509860442563666,0.043562961428445145
2024-06-07 00:00:00+05:30,12208.540984463556,12446.893355435686,12208.540984463556,12430.3017578125,532480,0.0,0.0,0.5154002005303085,12296.9833984375,238.3523709721303,2.323850462309968,0.09938163077939083
2024-06-10 00:00:00+05:30,12385.910051128094,12536.159227556102,12252.737616609356,12339.7236328125,293471,0.0,0.0,0.3458424626788676,12430.3017578125,283.4216109467452,2.311900378482743,0.01399742626131455
2024-06-11 00:00:00+05:30,12364.903530706451,12555.128894395766,12279.227023723193,12481.484375,358807,0.0,0.0,0.5746362061078165,12339.7236328125,275.90187067257284,2.1717288918189612,0.06028285137612098
2024-06-12 00:00:00+05:30,12481.484317907123,12566.820654115416,12421.665498177726,12467.6083984375,302719,0.0,0.0,0.5359470682770056,12481.484375,145.15515593768941,1.9796590013657205,0.011629196365688826
2024-06-13 00:00:00+05:30,12555.56560331319,12555.56560331319,12361.118906912745,12465.1826171875,297240,0.0,0.0,0.5182622897576143,12467.6083984375,194.44669640044594,1.8448794068515608,0.026711682939440946
2024-06-14 00:00:00+05:30,12450.289830679854,12511.903313456472,12399.155301920624,12463.5830078125,216967,0.0,0.0,0.5024359688742052,12465.1826171875,112.74801153584849,1.624376579338771,0.12824466603531837
2024-06-18 00:00:00+05:30,12495.796421768679,12497.348508401961,12169.438464201432,12187.77734375,823306,0.0,0.0,-0.03029873144768454,12463.5830078125,327.9100442005292,1.8016550955362751,0.02825875333536477
2024-06-19 00:00:00+05:30,12235.370868169923,12249.925234785509,11837.55151401055,11878.400390625,694871,0.0,0.0,-0.5594849363146328,12187.77734375,412.3737207749582,2.0862859120924866,0.07703823590270542
2024-06-20 00:00:00+05:30,11882.184849267202,11939.917169905075,11774.482536816715,11788.5517578125,907751,0.0,0.0,-0.7036646432677764,11878.400390625,165.43463308836,1.9695193530570905,0.12578775661768607
2024-06-21 00:00:00+05:30,11856.957221256096,11998.86229438283,11724.51248633781,11839.0068359375,947800,0.0,0.0,-0.591374616944935,11788.5517578125,274.34980804502084,1.9064410657381863,0.27323832543517373
2024-06-24 00:00:00+05:30,11819.114282031729,11923.905706583031,11683.273546502262,11821.443359375,550862,0.0,0.0,-0.6096064640594018,11839.0068359375,240.6321600807696,1.8452686242616851,0.30988173554293164
2024-06-25 00:00:00+05:30,11838.909367173615,11874.227392179602,11713.401653757252,11756.6279296875,594272,0.0,0.0,-0.7176466979813885,11821.443359375,160.8257384223507,1.722735484638704,0.302594404763558
2024-06-26 00:00:00+05:30,11757.016392992464,11957.720713228988,11709.181234794703,11835.8525390625,447931,0.0,0.0,-0.5391707097895273,11756.6279296875,248.53947843428432,1.6309369549548227,0.23829786246934123
2024-06-27 00:00:00+05:30,11837.551302858461,11864.040060116355,11653.195995682798,11816.9326171875,1230852,0.0,0.0,-0.5635517975689865,11835.8525390625,210.84406443355692,1.5511382523172874,0.23522787660515504
2024-06-28 00:00:00+05:30,11822.94846452961,11839.006592366162,11647.520027075705,11676.3369140625,1160395,0.0,0.0,-0.8249776736064666,11816.9326171875,191.4865652904573,1.5187585640359718,0.2214911544131913
2024-07-01 00:00:00+05:30,11687.15466360971,11895.767220909509,11648.876495562652,11748.9140625,1134926,0.0,0.0,-0.6476420235754424,11676.3369140625,246.89072534685693,1.4402395756426851,0.11994723358442792
2024-07-02 00:00:00+05:30,11788.987480630305,11788.987480630305,11638.640698685056,11684.826171875,687181,0.0,0.0,-0.7650436358660119,11748.9140625,150.34678194524895,1.3220440199845078,0.17972131049735465
2024-07-03 00:00:00+05:30,11755.076329775107,11789.036517273427,11604.681213711126,11763.4697265625,467532,0.0,0.0,-0.5701788130707321,11684.826171875,184.35530356230083,1.1728975820476042,0.02389066908832935
2024-07-04 00:00:00+05:30,11774.481277893334,11847.253102849412,11713.158697220386,11730.4296875,299684,0.0,0.0,-0.6280352489351881,11763.4697265625,134.09440562902637,1.0251852222877096,0.2172762893148364
2024-07-05 00:00:00+05:30,11710.588582824405,11776.85927190322,11664.74233079922,11744.451171875,406926,0.0,0.0,-0.5805102102167445,11730.4296875,112.11694110400094,0.8273359313835958,0.3264526254143455
2024-07-08 00:00:00+05:30,11744.402401332145,11752.164729422913,11610.502241766397,11666.390625,496933,0.0,0.0,-0.7417651565542823,11744.451171875,141.66248765651653,0.7249395186901716,0.46657433535472104
2024-07-09 00:00:00+05:30,11958.83704469507,12574.923528852434,11899.69761641235,12446.6025390625,2114130,0.0,0.0,0.6486922441292233,11666.390625,908.5329038524342,1.144976305481654,0.04593168582935055
2024-07-10 00:00:00+05:30,12565.317091899418,12904.870625421896,12354.376391710013,12393.3330078125,2070520,0.0,0.0,0.5568323656587537,12446.6025390625,550.4942337118828,1.4843347079088762,0.039381085195020725
2024-07-11 00:00:00+05:30,12419.725806457807,12539.847652482164,12317.893568245663,12337.4453125,608983,0.0,0.0,0.4617352445056695,12393.3330078125,221.95408423650042,1.4273918207080356,0.05707829138975856
2024-07-12 00:00:00+05:30,12245.072985074627,12293.490887228894,12104.38078358209,12189.28125,674746,0.0,0.0,0.22837100689296302,12337.4453125,233.06452891791014,1.4347606101553725,0.11371894266496055
2024-07-15 00:00:00+05:30,12225.667042932542,12389.161082355886,12215.964132581008,12268.3115234375,697186,0.0,0.0,0.3399659808004378,12189.28125,199.8798323558858,1.2855570725555383,0.07799629127748094
2024-07-16 00:00:00+05:30,12267.390662632846,12417.785786630955,12207.960331375529,12264.04296875,347810,0.0,0.0,0.32501809041980245,12268.3115234375,209.82545525542628,1.1975303556181158,0.03416823005628203
2024-07-18 00:00:00+05:30,12257.686676670652,12303.290355432904,12092.737200296551,12268.408203125,391216,0.0,0.0,0.32380689388303696,12264.04296875,210.55315513635287,1.109728519060811,0.20238585111234986
2024-07-19 00:00:00+05:30,12274.182579287468,12332.400046066698,12125.194568398274,12152.216796875,351955,0.0,0.0,0.12745858194285956,12268.408203125,207.20547766842355,1.0856540656253417,0.1861709015010436
2024-07-22 00:00:00+05:30,12128.637799119944,12282.865746883519,12031.657021768215,12265.69140625,249631,0.0,0.0,0.307268635812496,12152.216796875,251.20872511530433,0.9966117958788454,0.21160573361093798
2024-07-23 00:00:00+05:30,12342.101672676625,12356.607712816032,11992.796908355589,12253.853515625,332258,0.0,0.0,0.2800016661750803,12265.69140625,363.81080446044325,1.1113526603145945,0.2150558733020422
2024-07-24 00:00:00+05:30,12258.656809476917,12286.989496916021,12088.079836797075,12116.2666015625,285860,0.0,0.0,0.03765430538653588,12253.853515625,198.9096601189467,1.0883805936049993,0.17261615158835733
2024-07-25 00:00:00+05:30,12020.014285722744,12152.89583932014,12020.014285722744,12137.5654296875,396789,0.0,0.0,0.07359006205905624,12116.2666015625,132.8815535973954,0.903896024615231,0.14895479874608633
2024-07-26 00:00:00+05:30,12099.52904883383,12364.515148020517,12021.129723737078,12287.474609375,537693,0.0,0.0,0.3304727581100994,12137.5654296875,343.3854242834386,0.9180442813921543,0.21819480237777925
2024-07-29 00:00:00+05:30,12331.428175129142,12394.20619160667,12228.577330329103,12372.7138671875,388263,0.0,0.0,0.47028929147186815,12287.474609375,165.62886127756792,0.7441388978467878,0.33142405119181406
2024-07-30 00:00:00+05:30,12380.914513338701,12583.511106774262,12332.303307945007,12491.1884765625,526539,0.0,0.0,0.664028660853299,12372.7138671875,251.2077988292549,0.6652931511416317,0.3457161011610607
2024-07-31 00:00:00+05:30,12594.377249111896,12977.642196215069,12512.048436330037,12726.142578125,836405,0.0,0.0,1.0295802264093032,12491.1884765625,486.4537196525689,0.8142672815599491,0.4492441733092907
2024-08-01 00:00:00+05:30,12995.108564192387,13273.582106932865,12722.45676799004,12962.1669921875,2040384,0.0,0.0,1.370319105567009,12726.142578125,551.1253389428257,1.012858778985129,0.4842613655641377
2024-08-02 00:00:00+05:30,12856.336432001819,12904.232201736035,12412.691749853531,12464.9462890625,1333355,125.0,0.0,0.3924425496043003,12962.1669921875,549.4752423339687,1.5442601883071803,0.24987882216808485
2024-08-05 00:00:00+05:30,12233.40239737403,12233.40239737403,11780.55141100469,11950.1923828125,1131415,0.0,0.0,-0.36007511803567205,12464.9462890625,684.3948780578103,2.1903358723084914,0.05980460368191226
2024-08-06 00:00:00+05:30,12135.457467997334,12296.97011342799,11861.209841601914,11881.8759765625,623565,0.0,0.0,-0.44686272685242384,11950.1923828125,435.76027182607504,2.310680943260581,0.0628149365280398
2024-08-07 00:00:00+05:30,12144.271947416315,12194.224191090661,12013.906768583756,12117.3369140625,433514,0.0,0.0,-0.09512905230559664,11881.8759765625,312.3482145281614,2.145734206403412,0.11410138660555413
2024-08-08 00:00:00+05:30,12116.8478262885,12138.102208666829,11902.494304856154,11967.8232421875,358577,0.0,0.0,-0.30182836038692845,12117.3369140625,235.60790381067454,2.1098117678129045,0.14269405345926367
2024-08-09 00:00:00+05:30,12135.457052764428,12135.457052764428,11944.560739608924,11973.0634765625,320211,0.0,0.0,-0.2867446792472265,11967.8232421875,190.89631315550469,1.9562609884329945,0.12430617951231929
2024-08-12 00:00:00+05:30,11949.360333957997,12115.867814021347,11851.414757450146,12021.10546875,291212,0.0,0.0,-0.20807541332003582,11973.0634765625,264.45305657120116,1.8619120889294714,0.059400817894335996
2024-08-13 00:00:00+05:30,12083.546151976823,12086.533300853855,11872.963155893902,11926.0986328125,464483,0.0,0.0,-0.34579242691985274,12021.10546875,213.5701449599528,1.7941166662252217,0.12019364008791594
2024-08-14 00:00:00+05:30,11987.558998113867,11987.558998113867,11880.798320706039,11954.89453125,449827,0.0,0.0,-0.29217185347216335,11926.0986328125,106.76067740782855,1.5618540032224757,0.10765319516783489
2024-08-16 00:00:00+05:30,12061.9497630159,12090.353982081326,11862.189555219604,11962.3876953125,552732,0.0,0.0,-0.27298541186156744,11954.89453125,228.16442686172195,1.4746394022511122,0.10644802639825451
2024-08-19 00:00:00+05:30,11944.462997919445,11992.505111666474,11877.6639237611,11900.19140625,277319,0.0,0.0,-0.3672210236040957,11962.3876953125,114.84118790537468,1.3080056531732587,0.08934409771026193
2024-08-20 00:00:00+05:30,11910.67137402624,12057.100005284572,11900.48465186055,11964.0029296875,471927,0.0,0.0,-0.2504177766064621,11900.19140625,156.90859903457203,1.1300553916164928,0.10886655847988766
2024-08-21 00:00:00+05:30,11964.004124423262,11997.305622483114,11926.882366044847,11969.880859375,295984,0.0,0.0,-0.23418967720296371,11964.0029296875,70.42325643826734,0.8906854171245222,0.102694536128567
2024-08-22 00:00:00+05:30,12027.716997765172,12071.792507936134,11930.75087538905,12024.1416015625,501316,0.0,0.0,-0.13349457601315382,11969.880859375,141.04163254708328,0.7139455761016814,0.03435076700788273
2024-08-23 00:00:00+05:30,12047.306036766659,12120.814001406485,12002.643236010752,12049.55859375,440809,0.0,0.0,-0.08501450485339754,12024.1416015625,118.17076539573281,0.5293229297536054,0.032764909890044366
2024-08-26 00:00:00+05:30,12071.792744510116,12081.097574617446,11970.908797030641,11992.2607421875,232805,0.0,0.0,-0.18682074101127824,12049.55859375,110.18877758680537,0.3808828840689876,0.11383286659067743
2024-08-27 00:00:00+05:30,11993.435842997318,12272.58073603564,11973.94429067298,12240.1611328125,477609,0.0,0.0,0.26207373517077803,11992.2607421875,298.6364453626593,0.31745522590224823,0.04809503494432011
2024-08-28 00:00:00+05:30,12243.196463117034,12262.736795972114,12076.688991218643,12103.6240234375,313227,0.0,0.0,0.010859891648878487,12240.1611328125,186.0478047534707,0.30433564250062217,0.13970711444362305
2024-08-29 00:00:00+05:30,12089.422779160885,12223.608221982326,11998.333390968228,12197.9462890625,608598,0.0,0.0,0.1800090411883114,12103.6240234375,225.2748310140978,0.22752496216983856,0.2005689932076065
2024-08-30 00:00:00+05:30,12204.019410941404,12311.759550203327,12063.173856551692,12148.1904296875,2271179,0.0,0.0,0.08384724702421796,12197.9462890625,248.58569365163567,0.25224471667850035,0.33261264971344245
2024-09-02 00:00:00+05:30,12118.80609136282,12267.68336654969,12096.670773836257,12172.0888671875,331514,0.0,0.0,0.1267222275992249,12148.1904296875,171.01259271343406,0.14275822554199552,0.14836498996671402
2024-09-03 00:00:00+05:30,12217.730683919106,12218.024329335945,12105.975168568448,12142.41015625,445514,0.0,0.0,0.06623903949317132,12172.0888671875,112.0491607674976,-0.013346918302155354,0.12910718209575908
2024-09-04 00:00:00+05:30,12071.840451582757,12143.291937189684,11982.758763131062,12082.810546875,735076,0.0,0.0,-0.053468649176168025,12142.41015625,160.53317405862254,-0.08588426638995238,0.13575683759020182
2024-09-05 00:00:00+05:30,12083.546055167295,12115.86809616758,11978.744285863339,12045.9345703125,595865,0.0,0.0,-0.12703436967744083,12082.810546875,137.1238103042415,-0.19857788567100373,0.05571685267908172
2024-09-06 00:00:00+05:30,11998.33278813407,12052.05555275288,11846.223503352614,11935.794921875,733354,0.0,0.0,-0.3504528450584144,12045.9345703125,205.83204940026553,-0.17476784417074684,0.025784636140001368
2024-09-09 00:00:00+05:30,11946.911444155492,11968.801897446296,11853.373420550914,11896.224609375,415790,0.0,0.0,-0.4258690918949788,11935.794921875,115.42847689538212,-0.3120882619427083,0.0601960197779381
2024-09-10 00:00:00+05:30,11900.484906316351,12035.601018111278,11849.455644423406,12011.4580078125,285122,0.0,0.0,-0.16101595406710992,11896.224609375,186.14537368787205,-0.4236433292650001,0.0071799389061985575
2024-09-11 00:00:00+05:30,12008.127874125488,12080.607601913847,11915.079574937728,11991.0849609375,349799,0.0,0.0,-0.20153839727388353,12011.4580078125,165.52802697611878,-0.49039483778331944,0.05120924176524365
2024-09-12 00:00:00+05:30,12010.18449313708,12171.697135954175,11901.70976409492,12146.083984375,547830,0.0,0.0,0.1445327791970409,11991.0849609375,269.9873718592553,-0.4938066032555976,0.13702996519971666
2024-09-13 00:00:00+05:30,12110.970919710251,12140.354593595517,12038.539972283112,12063.0263671875,361093,0.0,0.0,-0.0422493997949687,12146.083984375,107.54401209188836,-0.6124215993003448,0.06842431654695366
2024-09-16 00:00:00+05:30,12068.805486205305,12109.99141095441,12004.210185430058,12036.5322265625,170114,0.0,0.0,-0.10090040822717974,12063.0263671875,105.78122552435161,-0.7581653521755339,0.09500436530268254
2024-09-17 00:00:00+05:30,12032.614538701564,12032.614538701564,11902.004489983958,11994.1708984375,568161,0.0,0.0,-0.19618193521839022,12036.5322265625,134.52773657854232,-0.8474038393289859,0.021340473535795653
2024-09-18 00:00:00+05:30,11988.58760337281,12084.476707432072,11919.976916856353,11953.3759765625,182282,0.0,0.0,-0.28787759122773254,11994.1708984375,164.4997905757191,-0.8877854099740004,0.011393935144704527
2024-09-19 00:00:00+05:30,12008.079061662678,12155.046209911246,11955.629396029457,12097.748046875,465608,0.0,0.0,0.06714945080500542,11953.3759765625,201.67023334874648,-0.9639648792269664,0.04783743661966468
2024-09-20 00:00:00+05:30,12106.466356590681,12444.13375768881,12106.122973146514,12355.345703125,875654,0.0,0.0,0.6208312593625848,12097.748046875,346.3857108138109,-0.8767644614945841,0.17267724004058763
2024-09-23 00:00:00+05:30,12365.629158327234,12487.081674416942,12365.629158327234,12422.53515625,235586,0.0,0.0,0.750903829177826,12355.345703125,131.7359712919424,-1.0292422645473722,0.24162525795329723
2024-09-24 00:00:00+05:30,12324.590128025151,12516.41712399162,12324.590128025151,12476.8955078125,425916,0.0,0.0,0.8525812302507902,12422.53515625,191.82699596646853,-1.0785805868378944,0.14915117418033796
2024-09-25 00:00:00+05:30,12465.778525687956,12552.90130826725,12351.91679172255,12522.6357421875,341172,0.0,0.0,0.935049929277071,12476.8955078125,200.98451654470045,-1.1103062138968143,0.2800105460449721
2024-09-26 00:00:00+05:30,12571.315649071716,13135.482210338978,12566.418369894049,13108.8408203125,1471069,0.0,0.0,1.6614406333659992,12522.6357421875,612.8464681514779,-0.8039130027601923,0.45812803042805167
2024-09-27 00:00:00+05:30,13108.05643744988,13263.447476390027,13001.736705990723,13218.3427734375,865698,0.0,0.0,1.7999779278720625,13108.8408203125,261.71077039930424,-0.8089763584806866,0.5225243610992963
2024-09-30 00:00:00+05:30,13069.416518866214,13222.652561517978,12937.33729421273,12966.03515625,415743,0.0,0.0,1.2363314985196059,13218.3427734375,285.3152673052482,-0.6104855347234873,0.34876476081759283
2024-10-01 00:00:00+05:30,12966.035463771505,13027.202667816024,12732.973772350351,12895.5146484375,388888,0.0,0.0,1.0784024176762692,12966.03515625,294.2288954656724,-0.4916667096906999,0.32499307811635425
2024-10-03 00:00:00+05:30,12675.185881760992,12877.884444353846,12333.600682493545,12387.51953125,863520,0.0,0.0,0.13516447366639048,12895.5146484375,561.9139659439552,0.1942882583901852,0.11017469225646577
2024-10-04 00:00:00+05:30,12429.196981730664,12613.284940697778,12255.441134021801,12346.775390625,679362,0.0,0.0,0.06956056856824211,12387.51953125,357.84380667597725,0.34752271779567506,0.10862414215379473
2024-10-07 00:00:00+05:30,12366.657992476976,12388.157239074037,12123.704167082418,12270.1328125,465500,0.0,0.0,-0.05231933014488191,12346.775390625,264.45307199161834,0.3940290765484859,0.12219681724765377
2024-10-08 00:00:00+05:30,12245.401182598354,12370.624223077895,12206.026868437273,12274.4912109375,387060,0.0,0.0,-0.04401456655512183,12270.1328125,164.59735464062214,0.2707759304239123,0.14005472093732113
2024-10-09 00:00:00+05:30,12297.018958534754,12586.00720504399,12282.86563072795,12498.5419921875,465231,0.0,0.0,0.3128042230283481,12274.4912109375,311.5159941064903,0.22639132002912024,0.1733601010462626
2024-10-10 00:00:00+05:30,12535.957606790673,12698.644837574551,12450.352784637787,12678.173828125,492698,0.0,0.0,0.5811236330171733,12498.5419921875,248.29205293676387,0.12343632658865564,0.23142683374893386
2024-10-11 00:00:00+05:30,12678.173167508661,12713.336012577876,12463.57478891013,12514.1640625,274243,0.0,0.0,0.2971298004059747,12678.173828125,249.7612236677469,0.20070086307437005,0.1236024327360804
2024-10-14 00:00:00+05:30,12512.547857043493,12536.054796266119,12206.271836788737,12280.26953125,488067,0.0,0.0,-0.08988041484310966,12514.1640625,329.78295947738116,0.41715160057656014,0.06943399265199542
2024-10-15 00:00:00+05:30,12447.903289419175,12447.903289419175,12101.175949388144,12191.041015625,532135,0.0,0.0,-0.2326671553925129,12280.26953125,346.7273400310314,0.5721349778710918,0.04841248883526621
2024-10-16 00:00:00+05:30,12159.012438781287,12199.072561479732,11979.723255385923,12129.482421875,418138,0.0,0.0,-0.32974531407595914,12191.041015625,219.349306093809,0.547405449534961,0.042143878463185125
2024-10-17 00:00:00+05:30,12145.251158003088,12164.937835748018,11822.030764282037,11894.265625,875937,0.0,0.0,-0.7045943288288036,12129.482421875,342.90707146598106,0.772703505526102,0.017359226051945467
2024-10-18 00:00:00+05:30,11822.031639880597,11891.817866420903,11601.115572988756,11856.41015625,506871,0.0,0.0,-0.7529030546332195,11894.265625,293.15005201124404,0.8231860101130429,0.07316352534922387
2024-10-21 00:00:00+05:30,11896.029777066557,11998.334131635864,11699.15915172298,11925.7568359375,375275,0.0,0.0,-0.6068220233761858,11856.41015625,299.1749799128829,0.8202381150246619,0.13811555202233464
2024-10-22 00:00:00+05:30,11964.982838667867,12037.315264282477,11596.756252672621,11678.3447265625,904901,0.0,0.0,-1.0006891123766262,11925.7568359375,440.5590116098556,1.1573548944082046,0.22615775673642366
2024-10-23 00:00:00+05:30,11678.345832194474,11870.907427642032,11511.985637429885,11710.5703125,412638,0.0,0.0,-0.9148548318979585,11678.3447265625,358.92179021214724,1.2277342896452668,0.23446161495048087
2024-10-24 00:00:00+05:30,11752.441391578493,11752.441391578493,11397.82960961739,11522.0244140625,552495,0.0,0.0,-1.2159787394550166,11710.5703125,354.6117819611027,1.4085811034708993,0.2933267146123153
2024-10-25 00:00:00+05:30,11521.925314174621,11551.99479709372,11204.973815082167,11266.5322265625,624582,0.0,0.0,-1.6018896064640236,11522.0244140625,347.0209820115524,1.6130756271842532,0.5980474703849011
2024-10-28 00:00:00+05:30,11268.442040524124,11393.66602894127,11204.973500805521,11247.3349609375,613830,0.0,0.0,-1.5979359580937573,11266.5322265625,188.69252813574894,1.4998171134973493,0.65914826910516
2024-10-29 00:00:00+05:30,11214.768487673706,11247.09052785652,10521.754753781212,10819.068359375,2268683,0.0,0.0,-2.1148311448383716,11247.3349609375,725.5802071562885,2.2198030995003375,0.678090865966192
2024-10-30 00:00:00+05:30,10753.445112416015,11283.330694510656,10720.143615574578,11025.1953125,1672966,0.0,0.0,-1.6021817947623436,10819.068359375,563.1870789360783,2.336580154441798,0.5664544934802663
2024-10-31 00:00:00+05:30,10994.391524723635,11016.47806205463,10822.986757077608,10848.8935546875,838211,0.0,0.0,-1.8470649283232703,11025.1953125,202.20855542239224,2.2933252125364207,0.5180373178176155
2024-11-01 00:00:00+05:30,10920.932138135688,10979.258539555547,10852.370232335734,10881.75390625,65670,0.0,0.0,-1.7330518971669817,10848.8935546875,130.36498486804703,2.0615247299793102,0.4945683206101837
2024-11-04 00:00:00+05:30,11062.953537681522,11062.953537681522,10636.890254025793,10825.38671875,444462,0.0,0.0,-1.7926595905668572,10881.75390625,426.0632836557288,2.193608230347515,0.49108497308264015
2024-11-05 00:00:00+05:30,10815.151231900314,11043.364439383811,10785.669994134352,10940.619140625,321159,0.0,0.0,-1.499845486176475,10825.38671875,257.694445249459,2.048097936692185,0.4369309383066189
2024-11-06 00:00:00+05:30,10988.514927470716,11195.180107049673,10943.06779447996,11120.986328125,416027,0.0,0.0,-1.0870040442925912,10940.619140625,254.5609664246731,1.8712652368337417,0.4577908369591709
2024-11-07 00:00:00+05:30,11072.895325966107,11151.10449045116,10956.780073516096,11067.998046875,530194,0.0,0.0,-1.1551508835160296,11120.986328125,194.3244169350637,1.7690634475986646,0.5586050492025881
2024-11-08 00:00:00+05:30,11029.162190416815,11110.946750862604,10897.033218545786,11070.7890625,269993,0.0,0.0,-1.1203492656606835,11067.998046875,213.9135323168175,1.6627789297764195,0.530403870542664
2024-11-11 00:00:00+05:30,11098.702879384591,11281.518678516917,11077.644580668026,11165.501953125,450681,0.0,0.0,-0.9015593166294569,11070.7890625,210.72961601691713,1.5088189331791135,0.43173009427910974
2024-11-12 00:00:00+05:30,11158.009547218846,11280.2951809503,10879.060719375622,10914.173828125,549747,0.0,0.0,-1.301523712321568,11165.501953125,401.23446157467697,1.7463766782954866,0.46529781989954644
2024-11-13 00:00:00+05:30,10911.13791594895,10913.928982456777,10641.101753066656,10822.5947265625,507710,0.0,0.0,-1.4402045089346873,10914.173828125,273.0720750583441,1.7561218597641464,0.47108397473242525
2024-11-14 00:00:00+05:30,10827.883025537712,10889.295090713842,10668.329305546586,10779.9384765625,431348,0.0,0.0,-1.4885131601454067,10822.5947265625,220.9657851672564,1.6874587942967498,0.43163314751440546
2024-11-18 00:00:00+05:30,10725.041321877554,10953.205748422395,10690.760367880686,10866.0341796875,333440,0.0,0.0,-1.2592414811264043,10779.9384765625,262.4453805417088,1.5955943298552848,0.3765840540569645
2024-11-19 00:00:00+05:30,10862.164474324969,10965.252193975348,10672.5422201143,10734.1494140625,864067,0.0,0.0,-1.4812746292887518,10866.0341796875,292.70997386104864,1.6579052347307819,0.4425766670898243
2024-11-21 00:00:00+05:30,10696.784250296074,10733.072896920517,10548.739121345965,10638.310546875,540201,0.0,0.0,-1.6384344133520388,10734.1494140625,185.41029271653497,1.5899603448898365,0.4093239435645326
2024-11-22 00:00:00+05:30,10680.965335719631,10878.472977370246,10604.81264843378,10836.306640625,493678,0.0,0.0,-1.1095377795385473,10638.310546875,273.6603289364648,1.457659608218406,0.323008325912798
2024-11-25 00:00:00+05:30,10971.863836005637,11016.870021169592,10764.267988569149,10798.6474609375,635726,0.0,0.0,-1.1587039961636376,10836.306640625,252.60203260044364,1.4359693583910527,0.28303987650358414
2024-11-26 00:00:00+05:30,10798.647234710788,10850.362308399648,10667.693806119074,10719.115234375,406586,0.0,0.0,-1.2932163257922866,10798.6474609375,182.6685022805741,1.3649881560858632,0.2300281874859709
2024-11-27 00:00:00+05:30,10711.328034617507,10888.511961608621,10646.683955403467,10831.1640625,343332,0.0,0.0,-0.9982537106732795,10719.115234375,241.82800620515445,1.2569641931361852,0.1683107705954675
2024-11-28 00:00:00+05:30,10833.173157019086,10852.957398694525,10664.314596929218,10724.8935546875,607669,0.0,0.0,-1.1923548593799533,10831.1640625,188.642801765307,1.2145902775573203,0.043789246739588956
2024-11-29 00:00:00+05:30,10724.992071753726,10901.440457644878,10695.657179672524,10846.689453125,338207,0.0,0.0,-0.8742037147700916,10724.8935546875,205.78327797235397,1.0662964757087168,0.08638885239269568
2024-12-02 00:00:00+05:30,10921.911704474473,11097.234293937385,10921.911704474473,11008.3974609375,446880,0.0,0.0,-0.48618470934606,10846.689453125,250.5448408123848,0.950588169958524,0.07774182585625387
2024-12-03 00:00:00+05:30,11018.877286243269,11076.665176011122,10972.84286558074,11047.5263671875,258644,0.0,0.0,-0.39059450007910124,11008.3974609375,103.82231043038155,0.7309878705487323,0.08055099880277483
2024-12-04 00:00:00+05:30,11049.240433287245,11067.850092735207,10877.835675213912,10901.1953125,554674,0.0,0.0,-0.682895322569143,11047.5263671875,190.0144175212954,0.7269338940259922,0.03529353997461237
2024-12-05 00:00:00+05:30,10906.190491151723,11038.46579278125,10804.375879340723,10952.5185546875,545501,0.0,0.0,-0.5510970115472755,10901.1953125,234.0899134405263,0.66692709509583,0.005709792587156926
2024-12-06 00:00:00+05:30,10969.905607458975,11142.241056940413,10892.528594692078,11085.4326171875,417214,0.0,0.0,-0.23808764127813323,10952.5185546875,249.7124622483352,0.579240982830427,0.017457530972768132
2024-12-09 00:00:00+05:30,11089.398656077241,11135.335516063671,11021.375258924552,11048.0654296875,254485,0.0,0.0,-0.3139274072501082,11085.4326171875,113.96025713911877,0.41147330951307304,0.00986293558963307
2024-12-10 00:00:00+05:30,11043.364595332485,11081.905800034217,10940.5217321387,10968.142578125,410569,0.0,0.0,-0.48368631704391013,11048.0654296875,141.38406789551664,0.3083802205798509,0.04892368816932036
2024-12-11 00:00:00+05:30,10999.190067470956,11088.270799153524,10990.080364162266,11046.056640625,226584,0.0,0.0,-0.28924429713114375,10968.142578125,120.12822102852442,0.07877452289019662,0.057389902432661455
2024-12-12 00:00:00+05:30,11067.213031382864,11067.213031382864,10850.655745990221,10937.974609375,396561,0.0,0.0,-0.527706973614932,11046.056640625,216.55728539264237,0.10929486637985074,0.012280795460156951
2024-12-13 00:00:00+05:30,10908.5909947505,11058.055561547597,10806.922721376315,11040.9638671875,263579,0.0,0.0,-0.26600609082625876,10937.974609375,251.1328401712817,0.05983096355195559,0.11201525262918498
2024-12-16 00:00:00+05:30,11024.31372362453,11096.695891060643,10974.802423402585,11045.3232421875,223389,0.0,0.0,-0.24905751678385774,11040.9638671875,121.89346765805749,-0.12395063775367177,0.1388604160385891
2024-12-17 00:00:00+05:30,11031.611130221962,11040.86717921354,10832.487949172279,10880.333984375,295445,0.0,0.0,-0.6237260659212416,11045.3232421875,212.8352930152214,-0.05269002982674653,0.007185630505585143
2024-12-18 00:00:00+05:30,10857.266966635361,10870.048672846875,10744.727118589686,10776.4130859375,497103,0.0,0.0,-0.8524929408887747,10880.333984375,135.60686578531386,-0.13901591962268442,0.02154010935793771
2024-12-19 00:00:00+05:30,10664.31431062771,10808.68647219405,10629.494849673547,10730.2802734375,435360,0.0,0.0,-0.9455237137652464,10776.4130859375,179.19162252050228,-0.1890108577582863,0.04809161903565522
2024-12-20 00:00:00+05:30,10715.246675192102,10849.432122587103,10642.718162991338,10677.0966796875,404608,0.0,0.0,-1.0568371677489683,10730.2802734375,206.71395959576512,-0.18590698638197536,0.09007262451001245
2024-12-23 00:00:00+05:30,10703.492229370726,10764.022402252249,10534.438552784184,10599.669921875,237165,0.0,0.0,-1.2286588004688392,10677.0966796875,229.58384946806473,-0.12201417432708685,0.1100940878589217
2024-12-24 00:00:00+05:30,10599.670319233332,10663.775890536412,10504.66310975582,10516.0244140625,151149,0.0,0.0,-1.4160930348769616,10599.669921875,159.1127807805915,-0.17185808355514107,0.11211480331592207
2024-12-26 00:00:00+05:30,10549.228687796123,10749.331316320382,10548.738959896407,10672.150390625,349811,0.0,0.0,-0.8954779653820534,10516.0244140625,233.30690225788203,-0.2587705521967444,0.08569711336039207
2024-12-27 00:00:00+05:30,10704.961891163002,10904.28114134386,10688.408705968219,10716.2744140625,257973,0.0,0.0,-0.7518990116440644,10672.150390625,232.13075071885942,-0.2693033386880104,0.004806074407572099
2024-12-30 00:00:00+05:30,10716.274027991296,10725.04034816029,10529.246763222744,10577.09375,335481,0.0,0.0,-1.079118663250016,10716.2744140625,195.79358493754626,-0.21521638935309467,0.14888460318795746
2024-12-31 00:00:00+05:30,10543.840719697684,10669.896860893132,10529.736174871729,10635.322265625,198997,0.0,0.0,-0.8850447997993216,10577.09375,140.1606860214033,-0.38993535785974787,0.21851893162649827
2025-01-01 00:00:00+05:30,10634.931006502487,11042.335835134803,10578.318652934531,10978.0341796875,383202,0.0,0.0,0.049442819892102904,10635.322265625,464.01718220027215,-0.20986910361478472,0.034558217192275975
2025-01-02 00:00:00+05:30,11053.158249014412,11615.51315608677,10995.37035918793,11598.029296875,1417042,0.0,0.0,1.0134430386286268,10978.0341796875,637.4789763992703,0.018774881297293638,0.28046833422032996
2025-01-03 00:00:00+05:30,11606.502380344884,11802.246238225356,11545.77612110153,11689.0703125,701315,0.0,0.0,1.1288235675622795,11598.029296875,256.47011712382664,-0.030078850812358733,0.2917897724305246
2025-01-06 00:00:00+05:30,11683.927924204667,11733.782605684788,11450.52380463716,11514.1396484375,383268,0.0,0.0,0.7967264350319992,11689.0703125,283.25880104762837,0.12879900353981955,0.1670544343652749
2025-01-07 00:00:00+05:30,11514.139997934453,11582.995549614081,11433.873403545198,11480.4951171875,308104,0.0,0.0,0.7209203622647871,11514.1396484375,149.122146068883,-0.005976635829357819,0.16874983327299403
2025-01-08 00:00:00+05:30,11485.098223749947,11616.296513896164,11484.41241341907,11579.1259765625,303100,0.0,0.0,0.8627180870308637,11480.4951171875,135.80139670866447,-0.242772791319433,0.23669996333998813
2025-01-09 00:00:00+05:30,11579.126475640356,11606.551238059401,11420.112208999863,11499.349609375,266413,0.0,0.0,0.701308841565084,11579.1259765625,186.43902905953837,-0.27945440074123595,0.17548279582656928
2025-01-10 00:00:00+05:30,11449.83778756543,11518.399690484983,11332.303096846195,11392.1474609375,218246,0.0,0.0,0.49254366512092407,11499.349609375,186.09659363878745,-0.2953991908168537,0.17588333466328165
2025-01-13 00:00:00+05:30,11232.888956860854,11415.018956028303,11232.39922895586,11261.4892578125,253524,0.0,0.0,0.2449581150524311,11392.1474609375,182.61972707244422,-0.2984264044332641,0.08449545863756883
2025-01-14 00:00:00+05:30,11296.994073094904,11543.424762301236,11294.104487272578,11499.9375,627463,0.0,0.0,0.6365885885978444,11261.4892578125,281.9355044887361,-0.3809311155985192,0.1598504662884715
2025-01-15 00:00:00+05:30,11646.267561144068,11941.916857859547,11617.324834573552,11701.9501953125,692822,0.0,0.0,0.9446967633701137,11499.9375,441.97935785954724,-0.18976978074712875,0.28518235420730703
2025-01-16 00:00:00+05:30,11735.300755256472,11884.71654457919,11710.569496582448,11843.873046875,551211,0.0,0.0,1.1510864568668582,11701.9501953125,182.76634926669067,-0.3862842103382092,0.3656909034522005
2025-01-17 00:00:00+05:30,11853.276092256992,11939.468199483941,11757.680635796332,11887.017578125,285370,0.0,0.0,1.1962475586238255,11843.873046875,181.78756368760878,-0.5181467696217342,0.39668166880384886
2025-01-20 00:00:00+05:30,11897.497320795528,11897.497320795528,11737.846039663767,11773.1064453125,251731,0.0,0.0,0.9507906996262065,11887.017578125,159.6512811317607,-0.5820988122022039,0.36818861204827497
2025-01-21 00:00:00+05:30,11770.16863660401,11890.396831013222,11618.352993969162,11639.55859375,300038,0.0,0.0,0.6746471441101336,11773.1064453125,272.04383704406064,-0.4418935827821535,0.34287136568188786
2025-01-22 00:00:00+05:30,11655.57205671404,11830.698551263722,11655.57205671404,11773.400390625,396590,0.0,0.0,0.8891751617699378,11639.55859375,191.13995751372204,-0.6186994980047098,0.407831241152802
2025-01-23 00:00:00+05:30,11758.36744765724,11857.586133695684,11715.56503582727,11798.2802734375,480876,0.0,0.0,0.9122956407053575,11773.400390625,142.02109786841356,-0.8033411663193195,0.3815018938510466
2025-01-24 00:00:00+05:30,11684.907539944497,11844.558833239631,11669.333810329901,11722.029296875,310343,0.0,0.0,0.7413087100551997,11798.2802734375,175.2250229097299,-0.8528361355736442,0.33705374602161625
2025-01-27 00:00:00+05:30,11657.385118819699,11799.406206776399,11568.400987396612,11747.4453125,251783,0.0,0.0,0.7711785710992334,11722.029296875,231.00521937978738,-0.87116634777961,0.4077602515072744
2025-01-28 00:00:00+05:30,11771.441738217156,11914.785662442275,11640.782913870418,11874.6767578125,533451,0.0,0.0,0.9873853580731125,11747.4453125,274.0027485718565,-0.8812728638841106,0.4216641376544611
2025-01-29 00:00:00+05:30,11871.004507813463,12067.58148168093,11640.881172197427,11731.82421875,817549,0.0,0.0,0.6650282969410524,11874.6767578125,426.7003094835036,-0.4501723595586675,0.275172249805086
2025-01-30 00:00:00+05:30,11774.0373203125,11862.04103497823,11678.148221827189,11753.46875,418442,0.0,0.0,0.6911961301622366,11731.82421875,183.892813151042,-0.5652589265752943,0.07260172999837619
2025-01-31 00:00:00+05:30,11753.468993517903,12135.456735807235,11753.468993517903,12057.7373046875,709009,0.0,0.0,1.186716023625283,11753.46875,381.9879858072345,-0.5335186781926313,0.15659863849634778
2025-02-01 00:00:00+05:30,12066.895250261294,12879.84355040065,11977.422347056716,12651.140625,1101170,0.0,0.0,1.8147556706630945,12057.7373046875,902.4212033439344,0.10308447532379694,0.41007166372044845
2025-02-03 00:00:00+05:30,12723.130416402922,13184.650165224746,12656.184997312213,12870.0,926127,0.0,0.0,2.0637980605273643,12651.140625,533.5095402247462,0.3290929058799026,0.4697600740600609
2025-02-04 00:00:00+05:30,12977.788798599346,12987.534574695228,12705.010369889163,12840.6162109375,530749,0.0,0.0,1.9590497091298442,12870.0,282.5242048060645,0.3325418685079277,0.43670486385321894
2025-02-05 00:00:00+05:30,12840.664971106755,12879.843201377103,12736.352933011953,12817.94140625,271633,0.0,0.0,1.868390372971413,12840.6162109375,143.49026836515077,0.13001490083509767,0.4656776726566402
2025-02-06 00:00:00+05:30,12791.691916566277,12860.253818109893,12739.584680093178,12805.404296875,414134,0.0,0.0,1.797248639362603,12817.94140625,120.6691380167158,-0.10659776911876559,0.5163733352363451
2025-02-07 00:00:00+05:30,12791.692488816621,12839.196094154111,12744.678611369209,12781.408203125,355223,0.0,0.0,1.7081083627572535,12805.404296875,94.51748278490231,-0.3703458851940568,0.5778659537015757
2025-02-10 00:00:00+05:30,12781.897639036248,12791.692196614053,12621.9039236027,12635.7138671875,294142,0.0,0.0,1.3943897236290292,12781.408203125,169.78827301135243,-0.42803402766444393,0.4476012489353915
2025-02-11 00:00:00+05:30,12634.930505119099,12749.820474308992,12438.549625509431,12462.9375,354195,0.0,0.0,1.0445464614886724,12635.7138671875,311.27084879956055,-0.23292994123564773,0.30339525820197905
2025-02-12 00:00:00+05:30,12439.088759771663,12503.09581421513,12349.027606939339,12395.5517578125,425735,0.0,0.0,0.9017703069159141,12462.9375,154.0682072757918,-0.3640129908608128,0.22668310254487264
2025-02-13 00:00:00+05:30,12414.602693510056,12483.115820384857,12355.590479523154,12410.978515625,186742,0.0,0.0,0.9053534747571519,12395.5517578125,127.52534086170272,-0.5901459052031667,0.2177742167757291
2025-02-14 00:00:00+05:30,12439.08839225863,12517.44485457207,12325.56908488212,12419.744140625,233454,0.0,0.0,0.8978850071375313,12410.978515625,191.87576968995018,-0.6972242877256802,0.2810445587691639
2025-02-17 00:00:00+05:30,12342.70930993698,12511.567865387426,12319.692099600625,12500.6962890625,192210,0.0,0.0,1.0156803560911107,12419.744140625,191.8757657868009,-0.8476007660143388,0.38302727088318606
2025-02-18 00:00:00+05:30,12502.704142978511,12620.238835570446,12473.516552284804,12523.517578125,267936,0.0,0.0,1.03145911219325,12500.6962890625,146.72228328564233,-1.0335806675550985,0.3509778781401444
2025-02-19 00:00:00+05:30,12465.533823871967,12506.818267969189,12391.095183924275,12425.5234375,288694,0.0,0.0,0.8145364492235196,12523.517578125,132.42239420072474,-1.1563974299747322,0.283777425208195
2025-02-20 00:00:00+05:30,12390.116075340842,12390.116075340842,12125.663004958073,12185.0673828125,423739,0.0,0.0,0.3208944522336367,12425.5234375,299.86043254192737,-0.8773714582574029,0.19500117004567907
2025-02-21 00:00:00+05:30,12164.840677465385,12183.058172208539,11993.435917517201,12070.2744140625,477013,0.0,0.0,0.09867664061128756,12185.0673828125,191.63146529529877,-0.8810578013930319,0.13102271812975638
2025-02-24 00:00:00+05:30,11996.716286466277,12177.083442926207,11969.046661912673,12091.5771484375,399571,0.0,0.0,0.13636041654835074,12070.2744140625,208.03678101353398,-0.9469495190663744,0.09198535563120708
2025-02-25 00:00:00+05:30,12134.232286426772,12250.445092457972,12096.278376540864,12220.0322265625,363355,0.0,0.0,0.3743552439383639,12091.5771484375,158.86794402047235,-1.1717124151374834,0.20831623147738784
2025-02-27 00:00:00+05:30,12274.246344121906,12292.170193821703,12059.059715245643,12126.25,236805,0.0,0.0,0.1814778964109461,12220.0322265625,233.1104785760599,-1.1014074426506457,0.15431421518967897
2025-02-28 00:00:00+05:30,12085.015341609067,12085.015341609067,11569.038219462527,11700.431640625,605149,0.0,0.0,-0.5795127400226118,12126.25,557.2117805374728,-0.23122521825476589,0.14082241636719342
2025-03-03 00:00:00+05:30,11641.811993716483,11811.698798705675,11516.196783536932,11533.6796875,186884,0.0,0.0,-0.8503970020034975,11700.431640625,295.5020151687422,-0.033098490561487524,0.5294450238330769
2025-03-04 00:00:00+05:30,11449.838381375766,11483.384742758326,11352.872256503551,11377.603515625,255726,0.0,0.0,-1.1004530403123018,11533.6796875,180.8074309964486,-0.037683501809430836,0.728764821229647
2025-03-05 00:00:00+05:30,11366.584767310746,11586.962326349514,11330.687328982945,11378.6806640625,349730,0.0,0.0,-1.0703886053273535,11377.603515625,256.27499736656864,-0.023998098339508257,0.7238963523316664
2025-03-06 00:00:00+05:30,11460.612421204256,11488.526911760988,11244.152687413458,11426.7236328125,315309,0.0,0.0,-0.9469538515808801,11378.6806640625,244.3742243475299,-0.06613918623268174,0.6803336034724256
2025-03-07 00:00:00+05:30,11410.659849348089,11501.063426639961,11362.666516076151,11424.51953125,259055,0.0,0.0,-0.9274349904598128,11426.7236328125,138.3969105638098,-0.2553641127403918,0.6787101097147838
2025-03-10 00:00:00+05:30,11361.687036917629,11457.576140286012,11296.700528577932,11348.0234375,153894,0.0,0.0,-1.0548596034425368,11424.51953125,160.8756117080793,-0.3443552104215126,0.6867921102845737
2025-03-11 00:00:00+05:30,11341.608366955305,11451.797143783533,11273.53618927031,11407.6728515625,245822,0.0,0.0,-0.8996016215778005,11348.0234375,178.26095451322362,-0.4986399240758724,0.6137052646784952
2025-03-12 00:00:00+05:30,11382.05958529063,11483.090832026863,11285.289545115374,11400.962890625,249361,0.0,0.0,-0.8911423169874948,11407.6728515625,197.8012869114882,-0.5631839166871884,0.5787450771687067
2025-03-13 00:00:00+05:30,11395.77196234278,11444.940833990733,11253.702092198975,11277.2578125,260736,0.0,0.0,-1.1210794556784183,11400.962890625,191.238741791758,-0.5487200803266938,0.5912893826571473
2025-03-17 00:00:00+05:30,11277.25819747886,11511.49543877674,11220.988269477255,11316.3388671875,275569,0.0,0.0,-1.0030920446086868,11277.2578125,290.5071692994843,-0.4710314226044349,0.5716329243870012
2025-03-19 00:00:00+05:30,11459.63320484907,11473.78653288494,11309.776462939504,11376.91796875,476555,0.0,0.0,-0.8369199727883201,11316.3388671875,164.01006994543604,-0.6470590194216737,0.530228655130465
2025-03-20 00:00:00+05:30,11459.534596436795,11523.296782518748,11349.933116517403,11489.2119140625,379421,0.0,0.0,-0.5532824548981311,11376.91796875,173.36366600134534,-0.8394368711237171,0.5062256725661813
2025-03-21 00:00:00+05:30,11537.989294002266,11676.778371801389,11465.313482531255,11491.7587890625,560565,0.0,0.0,-0.5337787889605213,11489.2119140625,211.46488927013343,-0.8731495576211344,0.5216658610179417
2025-03-24 00:00:00+05:30,11537.941008147636,11743.675515940522,11500.81924922959,11677.3173828125,359033,0.0,0.0,-0.0943454520570696,11491.7587890625,251.91672687802202,-0.9637083215194656,0.36226074482174275
2025-03-25 00:00:00+05:30,11705.86858110057,11827.17380088901,11557.578588475626,11625.0634765625,514283,0.0,0.0,-0.20676303806203752,11677.3173828125,269.5952124133837,-0.8476642986515126,0.29832226112379895
2025-03-26 00:00:00+05:30,11564.435146763175,11625.063846089177,11469.427929922653,11493.228515625,478517,0.0,0.0,-0.49139258739694264,11625.0634765625,155.6359161665241,-0.890004284296468,0.30463514361382105
2025-03-27 00:00:00+05:30,11531.280163017378,11653.564834169869,11398.906332162458,11481.1318359375,645787,0.0,0.0,-0.5070729836892435,11493.228515625,254.6585020074108,-0.827831138670984,0.3238413182928257
2025-03-28 00:00:00+05:30,11458.702664357977,11504.639525896833,11165.894149416436,11285.4375,541795,0.0,0.0,-0.9167753636144986,11481.1318359375,338.7453764803977,-0.4720059579595813,0.47872625127119256
2025-04-01 00:00:00+05:30,11244.152473418013,11308.600473124232,11058.055873248204,11245.2294921875,498244,0.0,0.0,-0.9881832536663071,11285.4375,250.54459987602786,-0.41059415883028944,0.4640176891104885
2025-04-02 00:00:00+05:30,11245.229261179526,11490.975096534334,11175.639120003452,11475.4013671875,452994,0.0,0.0,-0.3804544089398844,11245.2294921875,315.33597653088145,-0.437139865812813,0.13213506469675815
2025-04-03 00:00:00+05:30,11391.5602929462,11560.467631188983,11372.509686986705,11447.9765625,326624,0.0,0.0,-0.432228594438942,11475.4013671875,187.95794420227867,-0.5078339418949429,0.05480772953859336
2025-04-04 00:00:00+05:30,11361.687110803867,11391.070784366291,11097.234048742053,11246.111328125,355785,0.0,0.0,-0.8479824153888766,11447.9765625,350.74251375794665,-0.14622670270579155,0.08169783547577182
2025-04-07 00:00:00+05:30,10877.443859467427,11125.148611828441,10832.24254857302,11096.9892578125,602353,0.0,0.0,-1.1445338594208225,11246.111328125,413.86877955197997,0.27057451505874996,0.16027604294001288
2025-04-08 00:00:00+05:30,11293.125252153714,11313.056794868742,11058.10464417949,11223.486328125,629968,0.0,0.0,-0.8000515310243108,11096.9892578125,254.95215068925245,0.17737712470870529,0.11069611187320384
2025-04-09 00:00:00+05:30,11224.661343658801,11301.647145583232,11190.28282672106,11222.017578125,255114,0.0,0.0,-0.7833887782589484,11223.486328125,111.36431886217179,-0.06882706090325126,0.11033978536734876
2025-04-11 00:00:00+05:30,11244.49427225254,11438.818672806829,11244.151845344955,11360.755859375,231420,0.0,0.0,-0.42712251724780054,11222.017578125,216.80109468182854,-0.2255832588858258,0.006710103754940712
2025-04-15 00:00:00+05:30,11547.783616650411,11694.701983274463,11440.043481126108,11611.4482421875,458593,0.0,0.0,0.14164661169976642,11360.755859375,333.9461238994627,-0.2531977203258504,0.0975682060048591
2025-04-16 00:00:00+05:30,11526.235470116384,11526.235470116384,11376.378737712594,11424.3720703125,470494,0.0,0.0,-0.25283304237094534,11611.4482421875,235.06950447490635,-0.13451154015870354,0.010317371844175877
2025-04-17 00:00:00+05:30,11424.372222370672,11487.057392315091,11288.227868897633,11454.7353515625,302146,0.0,0.0,-0.18171802631037992,11424.3720703125,198.8295234174584,-0.2426136778046597,0.08157758774313992
2025-04-21 00:00:00+05:30,11454.735219358638,11527.214946270355,11349.93345206737,11503.7080078125,318493,0.0,0.0,-0.07069147344304555,11454.7353515625,177.2814942029854,-0.3971874161841501,0.08573445759659683
2025-04-22 00:00:00+05:30,11528.194979766331,11545.825184493246,11376.379327951227,11492.9345703125,516753,0.0,0.0,-0.09279484352683702,11503.7080078125,169.4458565420191,-0.514911213394173,0.05432370528449058
2025-04-23 00:00:00+05:30,11556.598659385629,11725.065052250646,11488.036755312658,11662.3798828125,493839,0.0,0.0,0.2812538525381738,11492.9345703125,237.02829693798776,-0.637798895541394,0.07897099533630945
2025-04-24 00:00:00+05:30,11694.702428417164,11792.648009894694,11614.387051605589,11649.6474609375,387863,0.0,0.0,0.24599489642160574,11662.3798828125,178.26095828910547,-0.7315803261749252,0.07167016422103835
2025-04-25 00:00:00+05:30,11657.482809227538,11798.524442946979,11359.728249153168,11457.673828125,906266,0.0,0.0,-0.19028077877061766,11649.6474609375,438.79619379381074,-0.2099114870429675,0.09941297657254519
2025-04-28 00:00:00+05:30,11193.22125117392,11651.606580675967,11057.076890488483,11602.6337890625,457303,0.0,0.0,0.13559093578560244,11457.673828125,594.5296901874844,0.2855404116640966,0.009743094187485842
2025-04-29 00:00:00+05:30,11569.332109434381,11694.702453999875,11499.79074643321,11597.736328125,455596,0.0,0.0,0.12134629564756139,11602.6337890625,194.91170756666543,0.1773978830145692,0.048045729103906025
2025-04-30 00:00:00+05:30,11582.064557657104,12071.792445930132,11557.578163243452,12005.189453125,967250,0.0,0.0,0.8680833878631048,11597.736328125,514.2142826866802,0.2970801381850063,0.2038714045124596
2025-05-02 00:00:00+05:30,12005.18995309666,12465.534187244937,11998.333762375301,12150.1494140625,707908,0.0,0.0,1.1059388532548207,12005.189453125,467.20042486963575,0.500021125778236,0.34316744248956793
2025-05-05 00:00:00+05:30,12233.40313296426,12233.40313296426,12108.032788607221,12202.060546875,270014,0.0,0.0,1.1765299600805539,12150.1494140625,125.37034435703936,0.21860085861357884,0.37797014568397014
2025-05-06 00:00:00+05:30,12182.471026187803,12340.163407214997,12116.847488741703,12322.533203125,414921,0.0,0.0,1.3696954249209825,12202.060546875,223.315918473294,0.054906644993731206,0.34979432829164453
2025-05-07 00:00:00+05:30,12101.176137459926,12408.725251758788,12101.176137459926,12373.46484375,303619,0.0,0.0,1.4348686770265537,12322.533203125,307.54911429886124,0.07957279883450398,0.3784753477843797
2025-05-08 00:00:00+05:30,12301.9645865276,12338.204450357338,12076.689757315708,12137.416015625,485326,0.0,0.0,0.861641044419478,12373.46484375,296.77508643429246,0.2870668900798126,0.3594709408987325
2025-05-09 00:00:00+05:30,11885.695595902424,12106.073140943878,11866.106480787628,11998.3330078125,278112,0.0,0.0,0.5546801745626928,12137.416015625,271.30953483737176,0.3861290417087042,0.36499759957417155
2025-05-12 00:00:00+05:30,12170.717849915285,12370.526834414137,12170.717849915285,12356.814453125,185165,0.0,0.0,1.1181215408605,11998.3330078125,372.19382660163683,0.2878527083594625,0.4195281010168928
2025-05-13 00:00:00+05:30,12341.142182242429,12439.087755117369,12174.634708355032,12225.56640625,378269,0.0,0.0,0.8391686264568441,12356.814453125,264.4530467623372,0.3616177277254807,0.35445873362114044
2025-05-14 00:00:00+05:30,12228.505753779844,12456.718956874012,12156.026024041781,12409.705078125,306050,0.0,0.0,1.1244447962186526,12225.56640625,300.69293283223124,0.26858606829495174,0.3646470359383689
2025-05-15 00:00:00+05:30,12341.142701778683,12755.452492481252,12290.211001739595,12685.9111328125,561496,0.0,0.0,1.5147415245494777,12409.705078125,465.2414907416569,0.36513193399334515,0.37023265517635895
2025-05-16 00:00:00+05:30,12683.952808622305,12817.158799508225,12646.733487639476,12728.0283203125,425275,0.0,0.0,1.5492062537481999,12685.9111328125,170.4253118687484,0.15632055571971012,0.4728240503630095
2025-05-19 00:00:00+05:30,12723.129846348353,12777.97936685609,12664.362502947206,12722.150390625,244277,0.0,0.0,1.4977968901610763,12728.0283203125,113.61686390888462,-0.10373507146148048,0.463798512580456
2025-05-20 00:00:00+05:30,12737.822580508066,12742.719859470199,12350.937542499554,12378.3623046875,361111,0.0,0.0,0.7509289810231701,12722.150390625,391.7823169706444,0.32203328211525295,0.2889031533856317
2025-05-21 00:00:00+05:30,12414.602309146478,12544.86993100971,12335.266389064358,12355.8349609375,209104,0.0,0.0,0.693287556436838,12378.3623046875,209.60354194535284,0.22624606466414235,0.2839184935653153
2025-05-22 00:00:00+05:30,12351.916807468488,12351.916807468488,12140.354359572746,12189.3271484375,434848,0.0,0.0,0.37575940192883717,12355.8349609375,215.48060136475397,0.24952473627965233,0.1735482061554335
2025-05-23 00:00:00+05:30,12194.223742208203,12238.29924971016,12167.778437707027,12197.162109375,169465,0.0,0.0,0.3802296208656027,12189.3271484375,70.52081200313296,-0.08506634067695522,0.18061332277550252
2025-05-26 00:00:00+05:30,12199.121809209202,12281.396095196642,12136.436638933057,12165.8203125,214703,0.0,0.0,0.31393425679945397,12197.162109375,144.9594562635848,-0.25848013515529356,0.2466732841534776
2025-05-27 00:00:00+05:30,12165.820057542769,12222.628491915,12037.51135232273,12158.9638671875,344679,0.0,0.0,0.293456853661875,12165.8203125,185.11713959227018,-0.37428221187745353,0.20358378825759363
2025-05-28 00:00:00+05:30,12158.963773182173,12159.943228939639,12052.203095618386,12077.6689453125,178181,0.0,0.0,0.13077169611969097,12158.9638671875,107.74013332125287,-0.5672642220139679,0.17085039834882612
2025-05-29 00:00:00+05:30,12086.48431510753,12172.676423675557,12014.004587448051,12137.416015625,191097,0.0,0.0,0.24252716736743815,12077.6689453125,158.671836227506,-0.7630051124655336,0.05372060839977655
2025-05-30 00:00:00+05:30,12137.416289116405,12233.402957639115,11999.313021139855,12065.916015625,351353,0.0,0.0,0.09436093089518292,12137.416015625,234.08993649926015,-0.7205138004141922,0.035274872455500005
2025-06-02 00:00:00+05:30,11911.161921213894,12065.915936800753,11882.75770316314,12037.51171875,264972,0.0,0.0,0.03441235433101535,12065.916015625,183.15831246185917,-0.8011589626153159,0.06959408612587221
2025-06-03 00:00:00+05:30,12020.86093357056,12096.279029544237,11812.236849903118,11878.83984375,369114,0.0,0.0,-0.2905416824038684,12037.51171875,284.0421796411192,-0.599386099749741,0.1846716010844338
2025-06-04 00:00:00+05:30,11878.840140179233,11993.436470687227,11878.840140179233,11913.12109375,205846,0.0,0.0,-0.2110017566047159,11878.83984375,114.59662693722748,-0.8517346038800344,0.19293882663043033
2025-06-05 00:00:00+05:30,11949.360587528863,12005.189567323056,11769.140722930068,11876.880859375,319783,0.0,0.0,-0.28334090644886434,11913.12109375,236.04884439298803,-0.8169891269561375,0.11917541909822855
2025-06-06 00:00:00+05:30,11889.614283515637,12277.47879099337,11851.415506264042,12205.978515625,456129,0.0,0.0,0.3902446375054321,11876.880859375,426.0632847293273,-0.701618270947417,0.08738689235658031
2025-06-09 00:00:00+05:30,12248.094648279854,12399.910295659573,12209.895872487537,12377.3828125,323443,0.0,0.0,0.6963619433913357,12205.978515625,193.9317800345725,-0.9067182237433867,0.00939586656816665
2025-06-10 00:00:00+05:30,12399.910926891973,12482.185217402157,12204.99921484999,12262.787109375,325292,0.0,0.0,0.4497016509943837,12377.3828125,277.18600255216734,-0.7550272794942967,0.01713318337190255
2025-06-11 00:00:00+05:30,12213.81282013557,12301.963834875924,12171.696224204068,12196.1826171875,306061,0.0,0.0,0.3056074011255334,12262.787109375,130.26761067185544,-0.9070214263067163,0.10390895995992809
2025-06-12 00:00:00+05:30,12203.03947960805,12233.402608580507,12054.162202065678,12135.45703125,347339,0.0,0.0,0.17467375544633035,12196.1826171875,179.24040651482937,-0.9647110527682158,0.2992543395104496
2025-06-13 00:00:00+05:30,11949.361078789892,12169.738639669215,11925.854138962766,12153.087890625,385493,0.0,0.0,0.20669725885223705,12135.45703125,243.8845007064483,-0.953128058692183,0.31678334735008135
2025-06-16 00:00:00+05:30,12149.16962508729,12308.82091893518,12082.566631334796,12272.5810546875,184242,0.0,0.0,0.44647693527648535,12153.087890625,226.2542876003845,-1.0485573224121147,0.23311287587355486
2025-06-17 00:00:00+05:30,12271.601037970797,12355.834232101652,12213.813148974046,12336.2451171875,226597,0.0,0.0,0.5680033161394273,12272.5810546875,142.02108312760538,-1.2607278875205534,0.025549974940550453
2025-06-18 00:00:00+05:30,12360.732196655848,12615.39070466936,12292.170290652211,12486.1025390625,467738,0.0,0.0,0.8563280222449583,12336.2451171875,323.22041401714887,-1.1808509375686456,0.07335902664581284
2025-06-19 00:00:00+05:30,12488.061607321519,12561.520793246938,12452.801198077317,12542.9111328125,339117,0.0,0.0,0.9546838851740522,12486.1025390625,108.71959516962124,-1.4482589077623302,0.21222831821059296
2025-06-20 00:00:00+05:30,12545.848953854273,12625.184871198499,12466.513036510045,12528.21875,652128,0.0,0.0,0.8977096151990644,12542.9111328125,158.6718346884536,-1.5585421539261195,0.19789242887881467
2025-06-23 00:00:00+05:30,12508.629211469039,12523.321047517275,12405.786359131378,12438.1083984375,192037,0.0,0.0,0.6639471680433733,12528.21875,122.43239086862195,-1.6815933585580336,0.15723920211635078
2025-06-24 00:00:00+05:30,12566.41781062292,12590.904205421482,12295.108556254832,12351.9169921875,332717,0.0,0.0,0.4455804382815859,12438.1083984375,295.79564916665004,-1.458148106721996,0.10654415253871705
2025-06-25 00:00:00+05:30,12423.418054726051,12543.891124793168,12357.79451249437,12504.712890625,316536,0.0,0.0,0.7651692270559194,12351.9169921875,191.97413260566827,-1.61240449241627,0.2268473727976959
2025-06-26 00:00:00+05:30,12517.444899294633,12584.047892499017,12428.314423094647,12453.7802734375,354735,0.0,0.0,0.6261735627105505,12504.712890625,155.73346940436932,-1.691021448066652,0.16884447620253812
2025-06-27 00:00:00+05:30,12488.06150026326,12536.054834656428,12361.711701554714,12382.2802734375,346403,0.0,0.0,0.4390766479820467,12453.7802734375,174.34313310171456,-1.7118620459110656,0.16884447620253812
2025-06-30 00:00:00+05:30,12406.76565484816,12414.601300639491,12078.64798733619,12145.2509765625,448956,0.0,0.0,-0.13104775122766002,12382.2802734375,335.9533133033019,-1.2984614129579353,0.051739832472214316
2025-07-01 00:00:00+05:30,12194.224318023127,12203.03941993977,12066.895068116059,12186.388671875,283481,0.0,0.0,-0.03336702854129643,12145.2509765625,136.144351823712,-1.4829320091775395,0.15652989043454404
2025-07-02 00:00:00+05:30,12125.66213908503,12383.259000359616,12105.093568412914,12362.6904296875,609735,0.0,0.0,0.3623463382697275,12186.388671875,278.1654319467016,-1.4754002652309985,0.21338829513803104
2025-07-03 00:00:00+05:30,12370.526898813667,12556.623502992177,12331.348666355032,12490.0205078125,606221,0.0,0.0,0.6299372884645555,12362.6904296875,225.2748366371452,-1.540506636121586,0.2789657046199481
2025-07-04 00:00:00+05:30,12453.779711562698,12486.101750924205,12348.977947572355,12386.197265625,225607,0.0,0.0,0.37157690214783856,12490.0205078125,141.04256024014467,-1.6095097403090315,0.09135968221341682
2025-07-07 00:00:00+05:30,12387.178000979682,12409.705485286042,12214.79377324406,12262.787109375,220116,0.0,0.0,0.07522145283298566,12386.197265625,194.91171204198145,-1.5536971976673393,0.05954153233212876
2025-07-08 00:00:00+05:30,12267.68345710677,12297.067130057923,12105.093800110384,12158.9638671875,241050,0.0,0.0,-0.1670856095121641,12262.787109375,191.97332994753924,-1.5158074785781557,0.05424802083891427
2025-07-09 00:00:00+05:30,12179.53252454328,12282.375380600943,12174.63524568339,12213.8134765625,174203,0.0,0.0,-0.03288857664303239,12158.9638671875,123.41151341344266,-1.7182535639237126,0.00926911864820989
2025-07-10 00:00:00+05:30,12243.196871912056,12409.70434937006,12146.230752686512,12390.115234375,277325,0.0,0.0,0.3736338063127092,12213.8134765625,263.47359668354875,-1.7173699984063575,0.12621315052262516
2025-07-11 00:00:00+05:30,12380.321819826626,12424.397332634553,12263.766574845664,12315.677734375,194420,0.0,0.0,0.18833458713011209,12390.115234375,160.63075778888924,-1.7514207689849302,0.07837580580319525
2025-07-14 00:00:00+05:30,12331.348798720433,12356.814650091897,12175.615323025711,12256.91015625,246737,0.0,0.0,0.04286811711772276,12315.677734375,181.19932706618602,-1.7506995996228039,0.007781891716918958
2025-07-15 00:00:00+05:30,12224.58696610013,12339.183286509851,12224.58696610013,12278.45703125,147377,0.0,0.0,0.0943805207522732,12256.91015625,114.59632040972065,-1.9298763464520612,0.029309542949438994
2025-07-16 00:00:00+05:30,12278.457075398957,12312.738026072135,12183.449869247577,12305.8818359375,204480,0.0,0.0,0.16039126811841967,12278.45703125,129.28815682455752,-2.072442968394272,0.0974579582973348
2025-07-17 00:00:00+05:30,12310.779818110146,12367.588253900614,12206.95750442412,12219.6904296875,189207,0.0,0.0,-0.06379252912724184,12305.8818359375,160.6307494764951,-2.0692422091711307,0.17205424591564936
2025-07-18 00:00:00+05:30,12267.68364077346,12269.642552332867,12115.86799491958,12163.861328125,124068,0.0,0.0,-0.20693297652379333,12219.6904296875,153.77455741328777,-2.09547851838074,0.18979574810968314
2025-07-21 00:00:00+05:30,12175.615265313256,12221.649688728083,12088.443697570285,12150.1494140625,232066,0.0,0.0,-0.23840791041923404,12163.861328125,133.20599115779805,-2.184754557250668,0.1562162265254485
2025-07-22 00:00:00+05:30,12193.245703734765,12272.581626459683,12065.916445040451,12235.3623046875,169006,0.0,0.0,0.0001322882034726833,12150.1494140625,206.66518141923189,-2.1815018292067925,0.0632638846925697
2025-07-23 00:00:00+05:30,12282.376209276252,12457.698804289048,12282.376209276252,12367.5888671875,342005,0.0,0.0,0.3503821384857964,12235.3623046875,222.33649960154798,-2.177609921602892,0.07526892095516992
2025-07-24 00:00:00+05:30,12388.156844165604,12400.889769448191,12261.80704713071,12299.0263671875,157163,0.0,0.0,0.15440970940598556,12367.5888671875,139.08272231748197,-2.214831319376994,0.08413199657670246
2025-07-25 00:00:00+05:30,12287.273191706054,12299.026661478909,12103.135498597983,12149.169921875,260700,0.0,0.0,-0.253951300128629,12299.0263671875,195.89116288092555,-2.0858557663541366,0.12155254020137478
2025-07-28 00:00:00+05:30,12116.847504305106,12277.478252886953,12049.265055206644,12086.484375,292879,0.0,0.0,-0.4173223075668194,12149.169921875,228.21319768030844,-1.9525597678363262,0.033707449784990864
2025-07-29 00:00:00+05:30,12086.484190166613,12250.053303599176,12015.963374794492,12212.833984375,285115,0.0,0.0,-0.0523253126859546,12086.484375,234.08992880468395,-1.9311318379957494,0.01446171756927793
2025-07-30 00:00:00+05:30,12175.614238541295,12383.258854305976,12164.840225459166,12358.7724609375,203847,0.0,0.0,0.3352499699496892,12212.833984375,218.41862884680995,-1.9548646463244888,0.0021787320561430794
2025-07-31 00:00:00+05:30,12249.074025730191,12497.855794683932,12207.93688283233,12348.978515625,709783,0.0,0.0,0.30053166365879486,12358.7724609375,289.9189118516024,-1.7584528131310226,0.0839164455362647
2025-08-01 00:00:00+05:30,12396.501149378022,12651.935802883296,12150.96706383807,12179.6787109375,346024,135.0,0.0,-0.1667127545641751,12348.978515625,500.96873904522545,-1.1202360269784666,0.11826607588154993
2025-08-04 00:00:00+05:30,12203.440517905883,12301.456144327487,12103.444777819197,12242.052734375,255693,0.0,0.0,0.005816648695153554,12179.6787109375,198.01136650828994,-1.1810477782414224,0.012303926454600876
2025-08-05 00:00:00+05:30,12276.704018604929,12451.944067902758,12247.002315334112,12412.341796875,233560,0.0,0.0,0.4458696433751537,12242.052734375,209.89133352775752,-1.2826722268218558,0.14465105154795507
2025-08-06 00:00:00+05:30,12445.014293649941,12493.527078088195,12358.87934985141,12399.4716796875,151608,0.0,0.0,0.40062607150966417,12412.341796875,134.64772823678504,-1.405795033051144,0.10859301011822686
2025-08-07 00:00:00+05:30,12400.461383648051,12528.178710473649,12305.415931126678,12506.3974609375,173393,0.0,0.0,0.6665064249491255,12399.4716796875,222.762779346971,-1.4421849243938187,0.07089109052362352
2025-08-08 00:00:00+05:30,12504.417702696832,12598.473101093998,12439.073952231432,12464.8154296875,247048,0.0,0.0,0.5348348239746811,12506.3974609375,159.3991488625652,-1.500998078114578,0.09277972220214008
2025-08-11 00:00:00+05:30,12459.865411593533,12607.383881702985,12357.889556417202,12471.74609375,187230,0.0,0.0,0.5407497720583448,12464.8154296875,249.4943252857829,-1.4261994967941827,0.13810473239351737
2025-08-12 00:00:00+05:30,12494.516609168128,12830.145858812184,12480.655814197577,12712.3291015625,504476,0.0,0.0,1.0926363726136918,12471.74609375,358.3997650621841,-1.3060288237316193,0.2444848722973274
2025-08-13 00:00:00+05:30,12712.329012535063,12796.483838552624,12625.20401618747,12706.388671875,252065,0.0,0.0,1.0489910064568517,12712.3291015625,171.27982236515345,-1.37499357025471,0.2284494067330686
2025-08-14 00:00:00+05:30,12736.09090909091,12827.176136363638,12697.478693181818,12807.375,318580,0.0,0.0,1.2752431708544079,12706.388671875,129.69744318181984,-1.574240065118302,0.33241050630834756
2025-08-18 00:00:00+05:30,13566.748406595421,13984.552378541948,13528.13619117856,13928.119140625,2154781,0.0,0.0,1.8517133984396668,12807.375,1177.1773785419482,-0.6608131711750992,0.6227825480238219
2025-08-19 00:00:00+05:30,13930.099344161184,14128.110706551535,13840.004174273576,14108.3095703125,906623,0.0,0.0,2.0027694907133298,13928.119140625,288.10653227795956,-0.7114011108277312,0.652863290969438
2025-08-20 00:00:00+05:30,14219.195664092715,14219.195664092715,14058.806463592575,14079.59765625,391425,0.0,0.0,1.912005209865113,14108.3095703125,160.38920050013985,-0.8367528126877233,0.6266853914873523
2025-08-21 00:00:00+05:30,14077.618251323967,14257.808596759016,14015.244670211834,14138.01171875,513460,0.0,0.0,1.9326062131678463,14079.59765625,242.56392654718184,-0.8818727582652067,0.6170809953418871
2025-08-22 00:00:00+05:30,14206.3251953125,14227.11638836439,14088.508434685125,14206.3251953125,458935,0.0,0.0,1.9661405907386826,14138.01171875,138.60795367926403,-1.0850139039952233,0.6648468323103999
2025-08-25 00:00:00+05:30,14257.807884775895,14334.042257883857,14138.0110127491,14308.30078125,357110,0.0,0.0,2.0410543560152408,14206.3251953125,196.03124513475632,-1.2113296368626953,0.7654053866925155
2025-08-26 00:00:00+05:30,14308.301397956453,14677.59259788987,14247.907930943213,14567.6962890625,962974,0.0,0.0,2.2827990228355,14308.30078125,429.68466694665767,-1.0669043893197754,0.8222445017541895
2025-08-28 00:00:00+05:30,14746.896486096164,14746.896486096164,14479.581141937322,14605.318359375,666635,0.0,0.0,2.270200728826493,14567.6962890625,267.315344158842,-1.0636320720909573,0.8168595753364093
2025-08-29 00:00:00+05:30,14603.338333778776,14702.344017397614,14545.915037279849,14643.9306640625,621560,0.0,0.0,2.2603831795540748,14605.318359375,156.4289801177656,-1.2229853214371313,0.809893287997807
2025-09-01 00:00:00+05:30,14642.940076309238,14789.46848275236,14508.292351469612,14738.9755859375,572927,0.0,0.0,2.3265533692058114,14643.9306640625,281.1761312827475,-1.219795204634108,0.8222073803765342
2025-09-02 00:00:00+05:30,14711.253816963159,14785.508076083708,14636.009501054335,14694.4228515625,379167,0.0,0.0,2.1938297689539037,14738.9755859375,149.49857502937266,-1.3417450334776113,0.9039148730635896
2025-09-03 00:00:00+05:30,14727.095170454546,14841.941761363638,14603.33806818182,14778.578125,561656,0.0,0.0,2.2520394122688216,14694.4228515625,238.60369318181802,-1.3878840303354374,0.9046612973558861
2025-09-04 00:00:00+05:30,15088.465724534512,15088.465724534512,14484.531072830703,14516.212890625,784369,0.0,0.0,1.739806339492144,14778.578125,603.9346517038084,-0.739571620622039,0.7264958936649066
2025-09-05 00:00:00+05:30,14593.43767570913,14808.280007841347,14554.825459335138,14746.896484375,473806,0.0,0.0,1.9818045043971622,14516.212890625,292.06711721634747,-0.8166128378417656,0.7538949065990812
2025-09-08 00:00:00+05:30,14772.63795772607,15166.680575993947,14702.343922808937,15106.287109375,691077,0.0,0.0,2.328979235491498,14746.896484375,464.3366531850097,-0.7248070429437515,0.7723528082383928
2025-09-09 00:00:00+05:30,15097.376068021886,15231.03373535633,15049.853341858527,15212.22265625,605860,0.0,0.0,2.4087084910691403,15106.287109375,181.18039349780338,-0.902461462936889,0.8008654434921081
2025-09-10 00:00:00+05:30,15213.212977887337,15231.034000508836,14922.1362750695,14957.7783203125,489062,0.0,0.0,1.9101229740099501,15212.22265625,308.8977254393358,-0.7273237742759332,0.6759082768792474
2025-09-11 00:00:00+05:30,14960.748135182905,15039.952678284924,14888.473989602311,14944.9072265625,657161,0.0,0.0,1.8402118064739466,14957.7783203125,151.4786886826132,-0.8858710396960342,0.6470585238475042
2025-09-12 00:00:00+05:30,15009.26171492659,15220.143822134993,15002.331317037113,15172.62109375,420101,0.0,0.0,2.0755620103433987,14944.9072265625,275.23659557249266,-0.9854373496251645,0.6716094178744308
2025-09-15 00:00:00+05:30,15197.37162345439,15225.093213386424,15097.375888342409,15113.216796875,170587,0.0,0.0,1.928135395697792,15172.62109375,127.71732504401552,-1.1492000111063965,0.6351234669850019
2025-09-16 00:00:00+05:30,15147.868794849259,15438.94548933852,15132.027886305626,15418.154296875,381944,0.0,0.0,2.238766749849015,15113.216796875,325.7286924635191,-1.202600935396644,0.5293697229423292
2025-09-17 00:00:00+05:30,15436.965821486774,15660.718661126077,15415.184571610382,15643.8876953125,624986,0.0,0.0,2.462843731358136,15418.154296875,245.5340895156951,-1.331935053694879,0.536863366888318
2025-09-18 00:00:00+05:30,15757.744139513658,15780.515446073647,15546.862039632002,15659.728515625,642175,0.0,0.0,2.4170867143231747,15643.8876953125,233.65340644164462,-1.3785143513447742,0.554936921759935
2025-09-19 00:00:00+05:30,15840.90944906707,15900.312859501071,15653.788706199965,15706.26171875,652443,0.0,0.0,2.4193691090686733,15659.728515625,246.5241533011067,-1.4200202510671076,0.5530721062082713
2025-09-22 00:00:00+05:30,15721.111859380928,15840.908731664138,15622.106179808026,15658.73828125,302234,0.0,0.0,2.272753086958553,15706.26171875,218.80255185611168,-1.4556786265041328,0.5160034264433581
2025-09-23 00:00:00+05:30,15959.715642375133,16162.677286710548,15871.600587029514,15936.9443359375,873114,0.0,0.0,2.561523753532511,15658.73828125,503.9390054605483,-1.2487484148945796,0.5445209516026289
2025-09-24 00:00:00+05:30,16027.040126507785,16212.180755594574,15903.283021503246,16087.43359375,663647,0.0,0.0,2.705560038043473,15936.9443359375,308.89773409132795,-1.2673146704326572,0.5273094700546789
2025-09-25 00:00:00+05:30,16087.433238636364,16207.230113636364,15907.242897727274,16107.234375,490262,0.0,0.0,2.6595628231910253,16087.43359375,299.9872159090901,-1.2430785417289687,0.5243683898287749
2025-09-26 00:00:00+05:30,16073.572531682215,16271.583896408822,16040.900656502326,16124.0654296875,490957,0.0,0.0,2.6108901749879037,16107.234375,230.68323990649515,-1.311967591892814,0.5207237081695112
2025-09-29 00:00:00+05:30,16137.926317430713,16177.528590602322,15791.406427179132,15825.068359375,627326,0.0,0.0,1.9368115106525094,16124.0654296875,386.1221634231897,-1.0284581517991966,0.35651572371801715
2025-09-30 00:00:00+05:30,15826.058592775204,15894.372514758406,15762.694954993683,15869.62109375,390006,0.0,0.0,1.9528016134103319,15825.068359375,131.6775597647229,-1.2447514067615506,0.3857650672875308
2025-10-01 00:00:00+05:30,15866.650300828962,15948.825015353408,15692.400303765071,15806.2568359375,426075,0.0,0.0,1.7943480880255915,15869.62109375,256.42471158833723,-1.2345353884989987,0.3396590895520124
2025-10-03 00:00:00+05:30,15790.416014018609,15865.66033134668,15579.533914138618,15648.837890625,470216,0.0,0.0,1.4723232778026092,15806.2568359375,286.1264172080628,-1.137650228917345,0.38779604436051207
2025-10-06 00:00:00+05:30,15682.499736295162,15897.342062227994,15551.812238492703,15838.9287109375,268497,0.0,0.0,1.7040231914350876,15648.837890625,345.52982373529085,-1.1232075230880536,0.37916744230047394
2025-10-07 00:00:00+05:30,15854.769621582638,15998.327857821521,15818.137519921682,15947.8349609375,330326,0.0,0.0,1.8243831825762307,15838.9287109375,180.1903378998395,-1.2911001706622414,0.3200294870771213
2025-10-08 00:00:00+05:30,15947.835495204768,16074.562770061128,15820.118163513596,15852.7900390625,306518,0.0,0.0,1.6088584913226243,15947.8349609375,254.4446065475313,-1.2585972494554343,0.24461235709307255
2025-10-09 00:00:00+05:30,15910.213425183765,15915.163709385752,15695.371090817564,15826.05859375,300499,0.0,0.0,1.5212688445015243,15852.7900390625,219.79261856818812,-1.302806301983481,0.36314657681115026
2025-10-10 00:00:00+05:30,15821.10821621388,16152.777255790328,15752.794294629475,16103.2744140625,423031,0.0,0.0,1.864971534333849,15826.05859375,399.98296116085294,-1.2402570659689918,0.4362412947985042
2025-10-13 00:00:00+05:30,16102.283913994057,16268.613457621148,16056.741300858068,16160.697265625,337617,0.0,0.0,1.9090407686973725,16103.2744140625,211.87215676308006,-1.3373280439609394,0.3976089780821681
2025-10-14 00:00:00+05:30,16187.428530951163,16187.428530951163,15960.705525838759,16099.3134765625,307925,0.0,0.0,1.7466933912502502,16160.697265625,226.72300511240428,-1.3577896429732235,0.39649658206480276
2025-10-15 00:00:00+05:30,16137.925779322415,16217.130323024612,16038.920099694671,16050.80078125,266435,0.0,0.0,1.6127746325593153,16099.3134765625,178.21022332994107,-1.4453765843986939,0.2836217139624908
2025-10-16 00:00:00+05:30,16084.463333667283,16169.608221436296,16038.920719279206,16135.9462890625,265727,0.0,0.0,1.7134014692539183,16050.80078125,130.68750215709042,-1.6491983861408641,0.23543341376300597
2025-10-17 00:00:00+05:30,16135.946022727274,16384.45028409091,16135.946022727274,16237.921875,411608,0.0,0.0,1.840848781429531,16135.9462890625,248.50426136363785,-1.6879144824976178,0.2656959738356308
2025-10-20 00:00:00+05:30,16335.93767837844,16353.758701300307,16217.130858899323,16260.693359375,374246,0.0,0.0,1.833567188371704,16237.921875,136.62784240098335,-1.8438942337638289,0.25758946517353115
2025-10-21 00:00:00+05:30,16289.404918632497,16312.176225575216,16167.627929330134,16232.9716796875,28990,0.0,0.0,1.7305048075829876,16260.693359375,144.54829624508238,-1.9581216343590646,0.2692666106472079
2025-10-23 00:00:00+05:30,16494.34613978718,16494.34613978718,16177.527966634005,16230.0009765625,481753,0.0,0.0,1.6788401729721691,16232.9716796875,316.81817315317494,-1.834664569155978,0.15778232989330804
2025-10-24 00:00:00+05:30,16229.011274214237,16259.703035408762,16038.920366170732,16112.1845703125,208520,0.0,0.0,1.386493229915472,16230.0009765625,220.78266923802948,-1.8031185764338455,0.013564596003033502
2025-10-27 00:00:00+05:30,16187.428622982517,16246.83203077328,16113.174363244065,16225.05078125,209829,0.0,0.0,1.5552047289484927,16112.1845703125,134.64746046077926,-1.98734361300695,0.06143501822518569
2025-10-28 00:00:00+05:30,16235.941404334115,16330.986856789514,16099.31356642948,16148.81640625,383383,0.0,0.0,1.3550522967893504,16225.05078125,231.6732903600332,-1.9475465262124398,0.012518553093334717
2025-10-29 00:00:00+05:30,16197.329725453897,16264.653589838425,15886.451881090052,15977.537109375,232815,0.0,0.0,0.9516204931995031,16148.81640625,378.20170874837277,-1.6682657930632494,0.08244112932012258
2025-10-30 00:00:00+05:30,16029.019442909841,16113.174270127094,15917.143025550433,16044.8603515625,230383,0.0,0.0,1.055737151531098,15977.537109375,196.03124457666127,-1.7545185025311953,0.09360090009592469
2025-10-31 00:00:00+05:30,16042.880592941045,16351.778318502487,15790.416105703329,16025.0595703125,719402,0.0,0.0,0.9886958286412696,16044.8603515625,561.3622127991584,-1.3107458477343252,0.1196537286651144
2025-11-03 00:00:00+05:30,15856.74963660469,15939.914407426044,15375.582033995432,15495.37890625,942850,0.0,0.0,-0.0928127608290986,16025.0595703125,649.4775363170684,-0.584859124270939,0.06972573296724166
2025-11-04 00:00:00+05:30,15451.817031735296,15477.55850945844,15202.322709187894,15221.1337890625,748848,0.0,0.0,-0.5244823225555787,15495.37890625,293.05619706210564,-0.43973750344581103,0.2703639914696845
2025-11-06 00:00:00+05:30,15379.542078139157,15379.542078139157,15156.77930180458,15298.357421875,429800,0.0,0.0,-0.38191806262008166,15221.1337890625,222.7627763345772,-0.5431933844505827,0.2882254717009751
2025-11-07 00:00:00+05:30,15305.288706927531,15344.890980572469,15108.267395543962,15325.08984375,227247,0.0,0.0,-0.3273629979795467,15298.357421875,236.62358502850657,-0.6038105020518457,0.2415044502892744
2025-11-10 00:00:00+05:30,15227.074126502037,15491.419301519985,15227.074126502037,15428.0556640625,274191,0.0,0.0,-0.14201095400799782,15325.08984375,264.34517501794835,-0.6632438196951026,0.17600717580506478
2025-11-11 00:00:00+05:30,15484.488192613455,15524.090464205818,15357.760923517897,15489.4384765625,181524,0.0,0.0,-0.03239392588776225,15428.0556640625,166.3295406879206,-0.834837564871241,0.3000974912940561
2025-11-12 00:00:00+05:30,15518.15039087387,15574.583628865435,15400.333630856388,15539.931640625,244015,0.0,0.0,0.057091893284340195,15489.4384765625,174.24999800904698,-0.9875700225969751,0.304516994419028
2025-11-13 00:00:00+05:30,15505.27929985138,15642.897192877326,15504.28924306702,15592.404296875,250711,0.0,0.0,0.14948639001003863,15539.931640625,138.6079498103063,-1.1892875255070656,0.24975641442026633
2025-11-14 00:00:00+05:30,15568.643109867142,15578.543677822541,15417.164420149515,15528.05078125,253698,0.0,0.0,0.027539345879577702,15592.404296875,175.23987672548537,-1.2763757224060968,0.25556660011286453
2025-11-17 00:00:00+05:30,15533.001332732889,15733.982865688766,15499.33940110481,15720.1220703125,301069,0.0,0.0,0.37378233572438146,15528.05078125,234.6434645839563,-1.393560245826878,0.19319267635131518
2025-11-18 00:00:00+05:30,15720.122513045355,15839.919390742702,15593.395237464689,15771.60546875,392903,0.0,0.0,0.4587170180963025,15720.1220703125,246.52415327801282,-1.4265027493564406,0.22185590154687887
2025-11-19 00:00:00+05:30,15791.406160196879,15791.406160196879,15558.74280924727,15611.2158203125,286434,0.0,0.0,0.1401790961829279,15771.60546875,232.6633509496096,-1.3773881688673226,0.2900091790925998
2025-11-20 00:00:00+05:30,15652.79820662557,15665.668945188892,15462.707298613419,15643.8876953125,249492,0.0,0.0,0.19858872794461377,15611.2158203125,202.96164657547342,-1.4676643869120525,0.26246168947459103
2025-11-21 00:00:00+05:30,15632.997071351592,15989.417523896656,15580.524060282458,15818.1376953125,586351,0.0,0.0,0.5167470796794097,15643.8876953125,408.8934636141985,-1.3061145302024624,0.1704918191836243
2025-11-24 00:00:00+05:30,15845.858840760708,15925.063383544892,15752.793502989292,15799.326171875,525788,0.0,0.0,0.46740590233014495,15818.1376953125,172.26988055559923,-1.4278675813241617,0.1350430146189426
2025-11-25 00:00:00+05:30,15799.326615381513,15890.411842140198,15684.480025120563,15731.0126953125,214525,0.0,0.0,0.3190991499929727,15799.326171875,205.93181701963476,-1.4668834867650884,0.21742923809617953
2025-11-26 00:00:00+05:30,15791.405724121458,16048.820488276415,15791.405724121458,15995.357421875,314946,0.0,0.0,0.7891985981773472,15731.0126953125,317.80779296391484,-1.4917898443674669,0.06237437165983418
2025-11-27 00:00:00+05:30,16005.257981247642,16010.208265171077,15717.151456903768,15744.873046875,339986,0.0,0.0,0.26969746432734265,15995.357421875,293.05680826730895,-1.2988899075442748,0.09161827104776803
2025-11-28 00:00:00+05:30,15747.843661188088,15889.42178538964,15692.400479682585,15741.9033203125,352340,0.0,0.0,0.25746985338000744,15744.873046875,197.02130570705594,-1.3900847169812078,0.12239992677183746
2025-12-01 00:00:00+05:30,15816.157406137887,16016.148880068395,15693.390362735001,15936.9443359375,434052,0.0,0.0,0.6031118757173223,15741.9033203125,322.7585173333937,-1.3754359096391293,0.03324625367079466
2025-12-02 00:00:00+05:30,15966.645865987648,16099.313475961131,15934.96404868055,16077.5322265625,383165,0.0,0.0,0.8399481333735253,15936.9443359375,164.34942728058195,-1.5956500399499083,0.2574432350892376
2025-12-03 00:00:00+05:30,16057.73153409091,16086.443181818182,15850.80965909091,15922.09375,264397,0.0,0.0,0.5105947631418098,16077.5322265625,235.63352272727207,-1.534694716300012,0.32717201004056246
2025-12-04 00:00:00+05:30,15898.332386363638,15974.566761363638,15729.032670454546,15834.96875,248812,0.0,0.0,0.32914758540203165,15922.09375,245.5340909090919,-1.4904579681616446,0.24931035734378687
2025-12-05 00:00:00+05:30,15840.909439872252,16175.548651789553,15820.11824623242,16120.10546875,332032,0.0,0.0,0.8135006229874334,15834.96875,355.4304055571338,-1.45801091742192,0.32977429732736085
2025-12-08 00:00:00+05:30,16038.920543395163,16094.36372552048,15933.974520086527,16026.0498046875,220513,0.0,0.0,0.614004243213488,16120.10546875,186.13094866347274,-1.5157307186335285,0.24896951521474497
2025-12-09 00:00:00+05:30,15891.401721785756,16064.66166205817,15826.057972883018,15860.7099609375,276388,0.0,0.0,0.28091527372601893,16026.0498046875,238.60368917515189,-1.441548807035499,0.14816284186823406
2025-12-10 00:00:00+05:30,15930.013758685973,15964.665746352475,15766.654388258181,15859.7197265625,293374,0.0,0.0,0.2721010481051624,15860.7099609375,198.01135809429434,-1.5223372843677572,0.13018932660857646
2025-12-11 00:00:00+05:30,15889.422050382162,16133.966087172268,15824.07829966092,16086.443359375,268701,0.0,0.0,0.6699627117666804,15859.7197265625,309.8877875113485,-1.5284173200218538,0.18780598994103312
2025-12-12 00:00:00+05:30,16086.443181818182,16371.579545454546,16085.453125,16357.71875,404711,0.0,0.0,1.0967893014707233,16086.443359375,286.12642045454595,-1.6008288263989299,0.29239359527313424
2025-12-15 00:00:00+05:30,16335.937053809397,16335.937053809397,16197.329103049802,16251.7822265625,225221,0.0,0.0,0.8669956842989615,16357.71875,160.38964695019786,-1.6878863345767674,0.19323476025075584
2025-12-16 00:00:00+05:30,16236.931284013086,16287.424180079224,16157.72674116424,16191.388671875,156134,0.0,0.0,0.7314078359176429,16251.7822265625,129.69743891498365,-1.8437938613620495,0.15207997379114857
2025-12-17 00:00:00+05:30,16226.04066080372,16326.036396159212,16194.358843661385,16234.951171875,257406,0.0,0.0,0.793801173519784,16191.388671875,134.64772428421202,-2.0341634341042294,0.23595484863653743
2025-12-18 00:00:00+05:30,16276.53400152719,16322.07661491346,16059.711559536043,16166.6376953125,213981,0.0,0.0,0.6395849528945085,16234.951171875,262.36505537741687,-1.9326115250051736,0.1951219512195122
2025-12-19 00:00:00+05:30,16166.638137365588,16311.186435978814,16166.638137365588,16250.79296875,360190,0.0,0.0,0.7834186135140091,16166.6376953125,144.5487406663142,-2.1167075359129166,0.1671129535085916
2025-12-22 00:00:00+05:30,16300.294576626224,16527.017575778762,16250.791738383312,16483.455078125,271590,0.0,0.0,1.169995405106889,16250.79296875,276.22583739545007,-2.133093825882947,0.24408334430849185
2025-12-23 00:00:00+05:30,16542.85883834696,16553.74946299367,16393.360263651266,16420.091796875,215650,0.0,0.0,1.0115421575172465,16483.455078125,160.38919934240403,-2.2048419945212787,0.24628444400078323
2025-12-24 00:00:00+05:30,16474.544393222775,16553.748933574807,16377.518831291534,16536.91796875,258486,0.0,0.0,1.2045018384071087,16420.091796875,176.23010228327257,-2.3284726486725953,0.20433310365918814
2025-12-26 00:00:00+05:30,16536.91849798615,16536.91849798615,16351.77787898816,16430.982421875,212925,0.0,0.0,0.9480126935967831,16536.91796875,185.1406189979898,-2.3215193499024056,0.27380501424021775
2025-12-29 00:00:00+05:30,16434.94282545944,16516.12748279002,16334.94708899128,16377.51953125,251796,0.0,0.0,0.8126955994976804,16430.982421875,181.1803937987388,-2.3427117194055342,0.24864450426847926
2025-12-30 00:00:00+05:30,16410.1924685191,16650.776285704633,16318.117180460444,16481.4765625,1055843,0.0,0.0,0.9972231600323861,16377.51953125,332.65910524418905,-2.1754134280839788,0.22088395413259432
2025-12-31 00:00:00+05:30,16416.13192594946,16609.19300342127,16416.13192594946,16530.978515625,314427,0.0,0.0,1.0740806839990136,16481.4765625,193.0610774718116,-2.2322691497215463,0.19099268448687548
2026-01-01 00:00:00+05:30,16533.948686164564,16630.97425330493,16436.923119024195,16541.869140625,171293,0.0,0.0,1.0703038421866164,16530.978515625,194.0511342807331,-2.2646990201937682,0.277975119989418
2026-01-02 00:00:00+05:30,16583.451353828863,16829.975496342497,16556.719820303286,16791.36328125,388562,0.0,0.0,1.4952023563825148,16541.869140625,288.1063557174966,-2.2447634526558726,0.39983440734486714
2026-01-05 00:00:00+05:30,16855.71644848896,17197.28603290768,16811.16389399956,16984.423828125,305668,0.0,0.0,1.809028856887793,16791.36328125,405.9227516576793,-2.0188435294231293,0.3758068666356984
2026-01-06 00:00:00+05:30,16999.27556818182,17133.923295454548,16971.553977272728,17120.0625,192182,0.0,0.0,2.023223539904943,16984.423828125,162.36931818181984,-2.1752787527644544,0.4672306009269798
2026-01-07 00:00:00+05:30,17058.679159276653,17077.49023902281,16359.69903818267,16641.865234375,427979,0.0,0.0,0.7677185784888882,17120.0625,760.3634618173292,-1.1444087360842607,0.29429350875353427
2026-01-08 00:00:00+05:30,16640.874820908844,16640.874820908844,16376.529653299214,16498.306640625,238421,0.0,0.0,0.49138531392691387,16641.865234375,265.33558107578574,-1.0644863303248802,0.22831878800363822
2026-01-09 00:00:00+05:30,16497.316940663633,16537.909270650263,16253.762960743856,16336.927734375,286302,0.0,0.0,0.19263204662065717,16498.306640625,284.1463099064076,-0.9492101789704397,0.09169996875359744
2026-01-12 00:00:00+05:30,16292.373942754191,16449.792966629855,16109.213443276218,16417.12109375,288686,0.0,0.0,0.32730341830320125,16336.927734375,340.57952335363734,-0.8673271851255465,0.02338230850901073
2026-01-13 00:00:00+05:30,16496.326254275806,16559.68988890992,16130.995298338476,16262.6728515625,312205,0.0,0.0,0.04080042757824291,16417.12109375,428.6945905714456,-0.561251694206968,0.004206508168215063
2026-01-14 00:00:00+05:30,16227.030979740319,16248.812229377554,15930.013939232564,15991.3974609375,240043,0.0,0.0,-0.4301708135712725,16262.6728515625,332.65891232993636,-0.347916868741684,0.07142859634198362
2026-01-16 00:00:00+05:30,15840.908553502743,16035.949740067745,15613.195493046142,15701.310546875,703056,0.0,0.0,-0.887520157284548,15991.3974609375,422.7542470216031,-0.006482570114889481,0.17517087597619374
2026-01-19 00:00:00+05:30,15701.31116658408,16080.502930049728,15655.768552695255,16015.1591796875,385141,0.0,0.0,-0.29555980421563915,15701.310546875,424.7343773544726,0.031137551557200587,0.04601503081334535
2026-01-20 00:00:00+05:30,16038.920545118553,16071.592420303054,15692.40065679809,15721.1123046875,289609,0.0,0.0,-0.7323629848139686,16015.1591796875,379.1917635049631,0.29129800408450607,0.15125836930553274
2026-01-21 00:00:00+05:30,15519.140889730797,15814.177826581821,15519.140889730797,15613.1962890625,345738,0.0,0.0,-0.8848879819829528,15721.1123046875,295.0369368510237,0.34544171437439075,0.25769555867027594
2026-01-22 00:00:00+05:30,15791.406609280844,15812.197802935696,15557.75319487393,15608.24609375,352320,0.0,0.0,-0.8709656913564694,15613.1962890625,254.4446080617654,0.2956241246969511,0.24462998732313299
2026-01-23 00:00:00+05:30,15661.70835288268,15688.439886198808,15285.486772877914,15315.1884765625,338669,0.0,0.0,-1.2864100134597416,15608.24609375,402.9531133208948,0.5841438681024846,0.3495750084456226
2026-01-27 00:00:00+05:30,15147.869139984421,15234.00408215296,14863.722836508896,15093.416015625,565768,0.0,0.0,-1.5936104364970718,15315.1884765625,451.46564005360415,0.8899294859828226,0.37044145146554575
2026-01-28 00:00:00+05:30,15010.251329981369,15141.928886005873,14287.509857064912,14729.0751953125,1584483,0.0,0.0,-2.0370072767161376,15093.416015625,854.4190289409617,1.7244990478562907,0.4203484145982813
2026-01-29 00:00:00+05:30,14722.144613269937,14722.144613269937,14210.285247764856,14357.8037109375,716545,0.0,0.0,-2.4519699821401018,14729.0751953125,518.7899475476443,2.1050526837335966,0.5069727842389595
2026-01-30 00:00:00+05:30,14357.804330026886,14533.044391150508,14157.812847840605,14453.83984375,946509,0.0,0.0,-2.1902226653766497,14357.8037109375,375.2315433099029,2.065684060346081,0.4904159770760003
2026-02-02 00:00:00+05:30,14109.29997978168,14302.361062937769,13918.219010298986,14240.9775390625,621514,0.0,0.0,-2.4540687650968898,14453.83984375,535.6208334510138,2.349851493528348,0.5185184288588762
2026-02-03 00:00:00+05:30,15048.863271208227,15129.05787153506,14338.00249300247,14635.01953125,638870,0.0,0.0,-1.5182690538017847,14240.9775390625,888.0803324725603,2.6414895139961074,0.4706137107172924
2026-02-04 00:00:00+05:30,14652.84108345498,15019.162110541354,14576.606707547817,14921.146484375,451065,0.0,0.0,-1.0017117452053999,14635.01953125,442.5554029935374,2.5213061785311095,0.441338137761763
2026-02-05 00:00:00+05:30,14939.957386363638,14999.360795454546,14751.846590909092,14909.265625,374759,0.0,0.0,-0.993393554349079,14921.146484375,247.51420454545405,2.364827748983682,0.48575159606584845
2026-02-06 00:00:00+05:30,14934.016777574265,14967.678708788631,14723.134679084254,14847.8818359375,276529,0.0,0.0,-1.0571014649370154,14909.265625,244.54402970437695,2.239756763936954,0.43390812538899143
2026-02-09 00:00:00+05:30,14974.609643949147,14975.599700785111,14756.797140037159,14829.0712890625,200034,0.0,0.0,-1.0587470153349587,14847.8818359375,218.80256074795216,2.086007711782581,0.4162962501123366
2026-02-10 00:00:00+05:30,14849.862040075557,15196.381922336137,14834.021131172216,14995.400390625,360240,0.0,0.0,-0.7632782896150361,14829.0712890625,367.310633273637,2.0010049178948015,0.33415551131686644
2026-02-11 00:00:00+05:30,15029.062674884019,15278.55699596905,15023.122333905803,15258.755859375,360742,0.0,0.0,-0.3351917804758422,14995.400390625,283.15660534404924,1.7939746612552,0.27594304178812123
2026-02-12 00:00:00+05:30,15305.287904528559,15305.287904528559,15113.216887420172,15173.6103515625,201895,0.0,0.0,-0.44977471087791615,15258.755859375,192.0710171083865,1.6620149440711176,0.26378883268710746
2026-02-13 00:00:00+05:30,15156.780186337124,15280.537291523102,15038.963422200071,15085.49609375,208645,0.0,0.0,-0.5690722074396908,15173.6103515625,241.57386932303052,1.5860571959217993,0.22961079605858023
2026-02-16 00:00:00+05:30,15085.495289258708,15146.878810157443,14811.249558791775,14901.3447265625,210175,0.0,0.0,-0.8263645229175438,15085.49609375,335.6292513656681,1.6524059549201155,0.2083546881426314
2026-02-17 00:00:00+05:30,14881.543858265326,15059.754083432497,14811.249825004941,15028.072265625,166765,0.0,0.0,-0.599309750090911,14901.3447265625,248.50425842755612,1.487047930358614,0.270262891991047
2026-02-18 00:00:00+05:30,15056.784179945102,15087.47594149023,14924.116565524228,15013.2216796875,280772,0.0,0.0,-0.6078858166238769,15028.072265625,163.3593759660016,1.3067872918997434,0.20986196034834168
2026-02-19 00:00:00+05:30,15012.231172781907,15127.077760926912,14705.313566532326,14754.81640625,152788,0.0,0.0,-0.9772878576130465,15013.2216796875,421.7641943945855,1.5146879659372248,0.2436077901856919
2026-02-20 00:00:00+05:30,14754.816849703398,14927.086737098447,14700.363724377377,14828.0810546875,515847,0.0,0.0,-0.8286488023085709,14754.81640625,226.7230127210696,1.3597840289297702,0.21719947745256768
2026-02-23 00:00:00+05:30,14900.355468231654,14967.679333470176,14835.011716676618,14922.13671875,242968,0.0,0.0,-0.6477165255081084,14828.0810546875,139.59827878267606,1.108836615723044,0.11584445697434087
2026-02-24 00:00:00+05:30,14851.84215109645,14912.235616279897,14755.806640886707,14777.587890625,300991,0.0,0.0,-0.8635992400179994,14922.13671875,166.3300778632929,1.0037034010968948,0.09525223251101529
2026-02-25 00:00:00+05:30,14712.24431818182,14982.529829545456,14689.473011363638,14920.15625,356495,0.0,0.0,-0.5891032385758782,14777.587890625,293.056818181818,0.9112923544403853,0.0617599666686131
2026-02-26 00:00:00+05:30,14994.410511363638,15072.625,14896.394886363638,15061.734375,308213,0.0,0.0,-0.33003391789900194,14920.15625,176.23011363636215,0.6917543668306017,0.2457654828077528
2026-02-27 00:00:00+05:30,14959.758793597926,15040.943454158814,14656.801401748755,14709.2744140625,478164,0.0,0.0,-0.854152092637537,15061.734375,404.93297325124513,0.9625260132467738,0.08185270987186272
2026-03-02 00:00:00+05:30,14263.748579545456,14537.994318181818,14062.767045454546,14244.9375,603744,0.0,0.0,-1.4272018228206138,14709.2744140625,646.507368607954,1.5344696752427662,0.0011743183668315733
2026-03-04 00:00:00+05:30,14009.304154729216,14042.966086973796,13656.84392299186,14017.224609375,710366,0.0,0.0,-1.71204235987459,14244.9375,588.0935770081396,1.8929608349463387,0.19271122407886568
2026-03-05 00:00:00+05:30,14157.812411929848,14425.127751176076,13940.989970096796,14271.6689453125,448650,0.0,0.0,-1.204252726714833,14017.224609375,484.1377810792801,1.8922197997162151,0.2046163080795852
2026-03-06 00:00:00+05:30,14196.425075537203,14322.162294631507,13974.652342646463,14018.21484375,390629,0.0,0.0,-1.5191656297581,14271.6689453125,347.5099519850446,1.9901844165594973,0.2608693663274508
2026-03-09 00:00:00+05:30,13662.784090909092,13662.784090909092,13232.109375,13373.6875,676224,0.0,0.0,-2.078803642042882,14018.21484375,786.10546875,2.6733622849341714,0.3686554184525643
2026-03-10 00:00:00+05:30,13584.569865803818,13770.700551232805,13370.717588927962,13729.1181640625,353715,0.0,0.0,-1.4291627608480768,13373.6875,399.98296230484266,2.4950830089788374,0.2537107682105601
2026-03-11 00:00:00+05:30,13712.286931818182,13809.3125,13307.353693181818,13362.796875,392182,0.0,0.0,-1.793875584823818,13729.1181640625,501.958806818182,2.7430233419503125,0.3599648085052141
2026-03-12 00:00:00+05:30,13296.462701632272,13296.462701632272,12837.076350660018,12881.62890625,544683,0.0,0.0,-2.2223572658518544,13362.796875,525.7205243399821,3.04509852591912,0.500103958134046
2026-03-13 00:00:00+05:30,12770.74317057757,12833.116751455653,12358.879525414359,12465.8056640625,939594,0.0,0.0,-2.5905098697037254,12881.62890625,522.7493808356412,3.2887997822535064,0.5326189723390008
2026-03-16 00:00:00+05:30,12407.391522179,12745.99093971692,12276.70402769068,12630.154296875,1416170,0.0,0.0,-2.250994519878849,12465.8056640625,469.2869120262403,3.195119879549415,0.47582504387756147
2026-03-17 00:00:00+05:30,12662.826266881311,12969.74386990971,12559.860361349203,12843.0166015625,1178941,0.0,0.0,-1.860466791585729,12630.154296875,409.883508560506,3.039587983276962,0.3966799550270993
2026-03-18 00:00:00+05:30,12969.744674710682,13044.988994960913,12885.589842851874,12918.26171875,458827,0.0,0.0,-1.70689545619689,12843.0166015625,201.97239339841326,2.8033100531048682,0.41067621367786517
2026-03-19 00:00:00+05:30,12641.045184637669,12710.34916043064,12380.660247015512,12473.7255859375,569346,0.0,0.0,-2.1122396204095795,12918.26171875,537.6014717344879,3.0561174637897186,0.4561620656543703
2026-03-20 00:00:00+05:30,12479.66628198841,12629.16486259771,12431.153497552277,12475.7060546875,725481,0.0,0.0,-2.051596368727103,12473.7255859375,198.0113650454332,2.8533237069442063,0.42915708232417693
2026-03-23 00:00:00+05:30,12376.70064340095,12376.70064340095,12155.917966536828,12232.15234375,517985,0.0,0.0,-2.2913032221463707,12475.7060546875,319.7880881506717,2.861546978250022,0.47362698861950797
2026-03-24 00:00:00+05:30,12474.716088585124,12524.218930206494,12209.380857494583,12340.068359375,583568,0.0,0.0,-2.0579679845992227,12232.15234375,314.8380727119111,2.7137743392175584,0.46990985111678407
2026-03-25 00:00:00+05:30,12424.223099010576,12652.926225623967,12381.65065552843,12584.6123046875,540649,0.0,0.0,-1.613786616970428,12340.068359375,312.8578662489672,2.5162574920643572,0.39196594501008625
2026-03-27 00:00:00+05:30,12500.456933979993,12520.258069627038,12219.280807791944,12265.8134765625,775339,0.0,0.0,-1.9346037837989452,12584.6123046875,365.3314968955565,2.6039147433003893,0.4599416841933908
2026-03-30 00:00:00+05:30,12177.698331225622,12300.465371312774,12079.682710510879,12183.638671875,635675,0.0,0.0,-1.9948855228574773,12265.8134765625,220.78266080189496,2.4878575670634797,0.5039001709434443
2026-04-01 00:00:00+05:30,12771.733320759053,12771.733320759053,12210.371088753596,12384.62109375,501882,0.0,0.0,-1.6213422708781255,12183.638671875,588.0946488840527,2.5174957669844558,0.41809099858525484
2026-04-02 00:00:00+05:30,12265.813485067121,12546.989611450128,12117.30496761131,12505.4072265625,438227,0.0,0.0,-1.4024922668389475,12384.62109375,429.6846438388184,2.4630572703173246,0.33345988222341905
2026-04-06 00:00:00+05:30,12505.407582074968,12593.522638270413,12296.50559491498,12561.8408203125,382650,0.0,0.0,-1.2866868957561095,12505.4072265625,297.017043355434,2.347922938499605,0.2884615049611733
2026-04-07 00:00:00+05:30,12514.318094135802,12707.379172328561,12371.749913316533,12670.7470703125,359542,0.0,0.0,-1.0972733277384255,12561.8408203125,335.62925901202834,2.246448050990695,0.3267325548671938
2026-04-08 00:00:00+05:30,13217.258609860912,13608.331055620842,13078.650654401696,13466.7529296875,1026292,0.0,0.0,-0.02198732647652809,12670.7470703125,937.5839853083417,2.275432945552245,0.10132800139817953
2026-04-09 00:00:00+05:30,13435.070756764433,13636.052286876678,13197.457125104635,13453.8818359375,549914,0.0,0.0,-0.03469534196107318,13466.7529296875,438.59516177204387,2.272350445702237,0.016670033058304213
2026-04-10 00:00:00+05:30,13514.27512620017,13659.813473713095,13454.871719052036,13572.6884765625,471921,0.0,0.0,0.0907253585070221,13453.8818359375,205.93163777559494,2.0806079473184274,0.03419927486879361
2026-04-13 00:00:00+05:30,13268.740931322174,13286.56195331619,12837.076176356015,12945.982421875,1347910,0.0,0.0,-0.5369233864650907,13572.6884765625,735.6123002064851,2.485249084054625,0.08621756776520076
2026-04-15 00:00:00+05:30,13118.253017944822,13339.035691378913,13068.750176367672,13156.865234375,699458,0.0,0.0,-0.30319325334892033,12945.982421875,393.0532695039128,2.36543993594054,0.06030377619121793
2026-04-16 00:00:00+05:30,13246.959781882733,13301.412905051908,13105.381661642881,13202.4072265625,527309,0.0,0.0,-0.248782678971681,13156.865234375,196.0312434090265,2.19607777880152,0.17563713518759652
2026-04-17 00:00:00+05:30,13167.755681818182,13511.305397727274,13124.193181818182,13319.234375,549308,0.0,0.0,-0.12017281638497558,13202.4072265625,387.1122159090919,2.1223170415803208,0.1661891049993476
2026-04-20 00:00:00+05:30,13340.025034560875,13398.43838449698,13196.466801667055,13316.263671875,348629,0.0,0.0,-0.12035591497079032,13319.234375,201.97158282992496,1.9839512315733565,0.12022118882792993
2026-04-21 00:00:00+05:30,13322.204012981949,13408.338952721057,13287.552025730583,13327.154296875,292879,0.0,0.0,-0.10553462413112691,13316.263671875,120.78692699047315,1.7986556635805788,0.10559927930218212
2026-04-22 00:00:00+05:30,13318.244228637906,13395.468659936876,13167.755593286065,13204.3876953125,434640,0.0,0.0,-0.23930886714932828,13327.154296875,227.71306665081102,1.7344637956205842,0.20580027143043397
2026-04-23 00:00:00+05:30,13118.252572752423,13225.178706930328,12994.495473009474,13029.1474609375,541086,0.0,0.0,-0.4320265403588648,13204.3876953125,230.68323392085404,1.6948098845824704,0.14863051708745828
2026-04-24 00:00:00+05:30,13068.75035925046,13121.22337205654,12848.957739572155,12918.26171875,464098,0.0,0.0,-0.55134858819265,13029.1474609375,272.2656324843847,1.6629056375823423,0.1910669219389087
2026-04-27 00:00:00+05:30,13022.217329545456,13138.053977272728,12913.311079545456,13090.53125,312786,0.0,0.0,-0.32464133633068015,12918.26171875,224.74289772727207,1.5044959211632092,0.20530865734548964
2026-04-28 00:00:00+05:30,13090.53125,13174.686079545456,12700.448863636364,12763.8125,836679,0.0,0.0,-0.693710684440651,13090.53125,474.2372159090919,1.6852075071712185,0.04794697903016985
2026-04-29 00:00:00+05:30,12959.844100640228,13413.29013563589,12959.844100640228,13125.18359375,754798,0.0,0.0,-0.22453599148486855,12763.8125,649.4776356358907,1.7248667057088474,0.2273443012081093
2026-04-30 00:00:00+05:30,13003.40598726552,13227.158823653674,12841.036672364382,13181.6162109375,612975,0.0,0.0,-0.15307504519493592,13125.18359375,386.12215128929165,1.700128966772014,0.2658228243218251
2026-05-04 00:00:00+05:30,13424.180486368396,13837.034182276326,13301.413440103208,13444.9716796875,722127,0.0,0.0,0.1568881909735938,13181.6162109375,655.4179713388257,1.7656338728445284,0.2778209483533503
2026-05-05 00:00:00+05:30,13425.170544209928,13433.090998808282,13227.15917925108,13292.5029296875,419490,0.0,0.0,-0.025611608775333597,13444.9716796875,217.8125004364192,1.704921803982294,0.20452801422687067
2026-05-06 00:00:00+05:30,13420.22008275659,13625.16184278098,13245.970083895272,13585.5595703125,435208,0.0,0.0,0.31324270044764496,13292.5029296875,379.1917588857086,1.5981126380507402,0.25060590282509215
2026-05-07 00:00:00+05:30,13585.559305215142,13732.08771048929,13536.056465595499,13633.08203125,726199,0.0,0.0,0.36077475185749974,13585.5595703125,196.03124489379115,1.4671659140670354,0.23917316743027026
2026-05-08 00:00:00+05:30,13536.056464465248,13651.893109165543,13490.513852018978,13589.51953125,270505,0.0,0.0,0.299446952671658,13633.08203125,161.37925714656558,1.348378023185831,0.0375301337003363
2026-05-11 00:00:00+05:30,13412.2991807102,13521.20542636445,13099.4412386489,13348.935546875,634354,0.0,0.0,-0.005312535805485725,13589.51953125,490.07829260109975,1.4977535344206732,0.02999442061631117
2026-05-12 00:00:00+05:30,13308.34365940181,13321.214397950553,13019.247070460779,13041.0283203125,302512,0.0,0.0,-0.38018916490273386,13348.935546875,329.68847641422144,1.5680312426285588,0.14416100529806655
2026-05-13 00:00:00+05:30,13055.879618753816,13152.905189591602,12856.878192851827,12972.71484375,307027,0.0,0.0,-0.4568593926924392,13041.0283203125,296.0269967397744,1.5406421028687853,0.008541887827731834
2026-05-14 00:00:00+05:30,13102.412201392208,13102.412201392208,12797.474695118308,12944.9931640625,286648,0.0,0.0,-0.4816721348283322,12972.71484375,304.9375062739,1.5077861206751704,0.07190861751981442
2026-05-15 00:00:00+05:30,12948.952949350229,13192.506923319199,12948.952949350229,13089.541015625,268206,0.0,0.0,-0.2743723062688441,12944.9931640625,247.5137592566989,1.3851513264923119,0.03706105140831995
2026-05-18 00:00:00+05:30,12996.475404595185,13008.356086004125,12722.22967540551,12886.5791015625,373184,0.0,0.0,-0.5327986071439794,13089.541015625,367.3113402194904,1.454307875292644,0.1381601987086433
2026-05-19 00:00:00+05:30,12904.400210930264,12973.704186284347,12771.732600966734,12827.17578125,342737,0.0,0.0,-0.6009226448844797,12886.5791015625,201.97158531761306,1.373878933834155,0.15341621299730554
2026-05-20 00:00:00+05:30,12722.230289103956,12942.022905771744,12626.19477641578,12873.708984375,300695,0.0,0.0,-0.5192628003019937,12827.17578125,315.82812935596485,1.333760302660638,0.14066325556878392
2026-05-21 00:00:00+05:30,12972.713952158196,13019.246620688413,12804.404300027623,12880.638671875,213095,0.0,0.0,-0.49630137436387534,12873.708984375,214.84232066078948,1.2444395875663967,0.10417352082863951
2026-05-22 00:00:00+05:30,12969.744586834431,13021.227542446293,12844.997425159534,12857.8681640625,387975,0.0,0.0,-0.5176615828209155,12880.638671875,176.2301172867592,1.1431738702108962,0.0579563313467123
2026-05-25 00:00:00+05:30,13014.296431950575,13104.391599337985,12970.733933433585,13039.0478515625,276553,0.0,0.0,-0.22721620596331527,12857.8681640625,246.5234352754851,1.0266089264209095,0.039921245229123124
2026-05-26 00:00:00+05:30,13056.868786317951,13196.466791995146,13003.40572031392,13076.669921875,256901,0.0,0.0,-0.16509432173749933,13039.0478515625,193.06107168122617,0.9245743653030414,0.004794709807569791
2026-05-27 00:00:00+05:30,13076.670279061284,13283.592151284467,12971.72425774235,13231.119140625,322020,0.0,0.0,0.07298408630417258,13076.669921875,311.8678935421176,0.8684196482225168,0.17188648326725198
2026-05-29 00:00:00+05:30,13322.2042724442,13373.68722593462,12920.241212499763,12996.4755859375,963291,0.0,0.0,-0.2815405344604427,13231.119140625,453.4460134348574,1.0299061381989016,0.04965652201269473
2026-06-01 00:00:00+05:30,13068.749818959524,13135.083624858788,12784.603516077601,12817.275390625,295359,0.0,0.0,-0.5439601090633992,12996.4755859375,350.4801087811866,1.1000966926819034,0.13420869265549284
2026-06-02 00:00:00+05:30,12573.721244576485,12921.231178186434,12573.721244576485,12892.51953125,586599,0.0,0.0,-0.40989392315784234,12817.275390625,347.50993360994835,1.083537212531703,0.21865246683655032
2026-06-03 00:00:00+05:30,12884.599077521274,13074.68998138512,12782.62322805265,12914.30078125,607808,0.0,0.0,-0.3646483741922597,12892.51953125,292.0667533324704,1.0478987380484661,0.15785161795473043
2026-06-04 00:00:00+05:30,12860.83833300841,13132.113906776256,12820.246002627091,12934.1025390625,465070,0.0,0.0,-0.3230338795567328,12914.30078125,311.86790414916504,1.0266574176757508,0.30690312583961166
2026-06-05 00:00:00+05:30,13020.236947512572,13043.998310659123,12786.583543238146,12920.2412109375,295703,0.0,0.0,-0.33828818530469956,12934.1025390625,257.4147674209762,0.981824288566084,0.3412324025140768
2026-06-08 00:00:00+05:30,12771.73259976185,12899.449925759469,12713.319249111775,12783.61328125,372902,0.0,0.0,-0.5594530327890088,12920.2412109375,206.9219618257248,0.9456644261248969,0.369328704014493
2026-06-09 00:00:00+05:30,12948.952593994141,13026.177022645532,12723.219648705459,12989.544921875,428323,0.0,0.0,-0.179265701579629,12783.61328125,302.957373940073,0.866005374884209,0.16735835413852848
2026-06-10 00:00:00+05:30,12987.565251825088,13073.700194416091,12920.24138865051,12943.0126953125,203885,0.0,0.0,-0.25440547971556376,12989.544921875,153.45880576558193,0.7682775235519371,0.05196854796869709
2026-06-11 00:00:00+05:30,12940.042082104615,13085.580428399135,12839.056290798213,12967.763671875,308710,0.0,0.0,-0.20441088497661078,12943.0126953125,246.52413760092168,0.7153922442340989,0.0026872117342639106
2026-06-12 00:00:00+05:30,13100.431993958551,13284.582564611233,12999.446197149016,13233.099609375,559038,0.0,0.0,0.25896627032859293,12967.763671875,316.81889273623347,0.6368501709806504,0.13850549592940198
2026-06-15 00:00:00+05:30,13415.269886363638,13822.183238636364,13385.568181818182,13667.734375,613280,0.0,0.0,0.8778138649470839,13233.099609375,589.083629261364,0.689007423647755,0.2439433393213244
2026-06-16 00:00:00+05:30,13723.177826460473,13736.048565349729,13525.166458933447,13554.8681640625,280511,0.0,0.0,0.6766027241632687,13667.734375,210.8821064162821,0.6493542962044947,0.2930964330471445
2026-06-17 00:00:00+05:30,13563.778587559611,13603.380860807962,13425.170631190389,13494.474609375,241534,0.0,0.0,0.5638753314815868,13554.8681640625,178.21022961757262,0.574219662286815,0.2925350923609363
2026-06-18 00:00:00+05:30,13510.314981529034,13577.638843374556,13299.43288486586,13349.92578125,373512,0.0,0.0,0.3138915270158755,13494.474609375,278.2059585086954,0.5965752860064627,0.20016632433080317
2026-06-19 00:00:00+05:30,13349.925600153974,13372.69690605753,13220.228162181551,13261.810546875,719756,0.0,0.0,0.16196426380109388,13349.92578125,152.46874387597927,0.5159962536503114,0.1549295886459062
2026-06-22 00:00:00+05:30,13316.264382485935,13360.816939899458,13246.960404287123,13287.552734375,254533,0.0,0.0,0.20061761341307238,13261.810546875,113.85653561233448,0.3753685987553392,0.17443716869101059
2026-06-23 00:00:00+05:30,13286.562145704782,13414.279471844566,13104.391696017026,13317.25390625,398558,0.0,0.0,0.24597273018365096,13287.552734375,309.8877758275394,0.37901192086752594,0.12034257225737528
2026-06-24 00:00:00+05:30,13306.363366168478,13306.363366168478,13069.739791427834,13116.2724609375,327495,0.0,0.0,-0.10844146264673515,13317.25390625,247.51411482216645,0.4094049012481082,0.016000097847859992
2026-06-25 00:00:00+05:30,13225.179063551519,13778.620828525714,13193.497245163015,13608.3310546875,981556,0.0,0.0,0.6342817046821649,13116.2724609375,662.3483675882144,0.5154764906528864,0.134107731283888
2026-06-29 00:00:00+05:30,13603.38022707044,13702.38590557896,13238.049273374007,13278.6416015625,1358592,0.0,0.0,0.11589367918633553,13608.3310546875,464.3366322049533,0.7183877657079472,0.09703766742589466
2026-06-30 00:00:00+05:30,13607.341254870706,14059.797232277277,13375.667953529048,13974.65234375,1511415,0.0,0.0,0.9057050260912957,13278.6416015625,781.1556307147766,0.7984100808870603,0.3379588228584465
2026-07-01 00:00:00+05:30,14010.294295911666,14404.336916911796,13930.099692140282,14251.8681640625,1397790,0.0,0.0,1.1816595642776995,13974.65234375,474.23722477151387,0.7947229431962737,0.3748292433876496
2026-07-02 00:00:00+05:30,14287.5096753059,14345.923026483439,14133.060814565293,14205.3349609375,327088,0.0,0.0,1.0952972435194381,14251.8681640625,212.86221191814548,0.7231906023583373,0.3535788647393062
2026-07-03 00:00:00+05:30,14306.321022727274,14375.625,14190.484375,14223.15625,384188,0.0,0.0,1.0889809167921607,14205.3349609375,185.140625,0.6186539042769998,0.3532280581663539
2026-07-06 00:00:00+05:30,14205.335579733328,14381.565697742286,14148.902339696751,14312.26171875,214686,0.0,0.0,1.1687075891774648,14223.15625,232.66335804553455,0.5269618829050438,0.3737372466135831
2026-07-07 00:00:00+05:30,14319.192026324868,14452.849699252605,14270.679241336282,14393.4462890625,524759,0.0,0.0,1.2390206725180466,14312.26171875,182.17045791632336,0.40834388696663243,0.43874781653315903
2026-07-08 00:00:00+05:30,14331.071982617173,14355.82340227627,13741.988194730664,13812.2822265625,481076,0.0,0.0,0.4029526598050493,14393.4462890625,651.458094331836,0.7850450490974471,0.2034270114508176
2026-07-09 00:00:00+05:30,13860.795454545456,13897.427556818182,13563.77840909091,13591.5,576451,0.0,0.0,0.1311991316798707,13812.2822265625,333.64914772727207,0.844981797067414,0.15371967250038948
2026-07-10 00:00:00+05:30,13662.784002476721,13847.924626278398,13639.022638994153,13716.2470703125,430154,0.0,0.0,0.2744605366683003,13591.5,256.42462627839814,0.7530926476952947,0.17331493557959596
2026-07-13 00:00:00+05:30,13545.957386363638,13703.376420454546,13401.409090909092,13558.828125,458633,0.0,0.0,0.076289534839336,13716.2470703125,314.8379794034081,0.7849885155879636,0.07735705876841355
2026-07-14 00:00:00+05:30,13483.583358648135,13553.877390402597,13336.06489764229,13354.8759765625,368645,0.0,0.0,-0.17664424531062634,13558.828125,222.76322735770918,0.7742061600814775,0.07860700130755262
2026-07-15 00:00:00+05:30,13368.736862886974,13470.712712466871,13301.4130010284,13447.94140625,456369,0.0,0.0,-0.05468988875858587,13354.8759765625,169.2997114384707,0.6407799301496369,0.02700012847457769
2026-07-16 00:00:00+05:30,13469.723011363638,13707.336647727274,13448.931818181818,13645.953125,356847,0.0,0.0,0.19580891629844113,13447.94140625,259.3952414772739,0.538326660283717,0.03696536722051724
2026-07-17 00:00:00+05:30,13613.28089624991,13746.938563231271,13563.778056627181,13665.75390625,237330,0.0,0.0,0.21621533633005782,13645.953125,183.1605066040902,0.4412941324544211,0.07949158108137337
2026-07-20 00:00:00+05:30,13686.545545360366,13694.465999958376,13243.990144696587,13379.6279296875,517730,0.0,0.0,-0.16100960699116612,13665.75390625,450.47585526178955,0.6185046193612348,0.028246034680029286
2026-07-21 00:00:00+05:30,13385.568358369494,13519.22603058694,13215.278583396153,13461.802734375,341101,0.0,0.0,-0.04876873762093959,13379.6279296875,303.947447190787,0.5812911073882147,0.04121777608993843
2026-07-22 00:00:00+05:30,13460.81223266196,13582.589218879775,13356.856268817482,13410.3193359375,299404,0.0,0.0,-0.11656361590554293,13461.802734375,225.73295006229273,0.5336511638148709,0.021901215518725276
2026-07-23 00:00:00+05:30,13406.35928530751,13433.090819219578,13239.0396841542,13269.7314453125,327912,0.0,0.0,-0.30570119367717435,13410.3193359375,194.05113506537782,0.4943118019002751,0.03663437983451561
2026-07-24 00:00:00+05:30,13207.357954545456,13360.816761363638,13065.779829545456,13308.34375,223369,0.0,0.0,-0.24329300608222004,13269.7314453125,295.036931818182,0.47130901163750966,0.08030740843666073
2026-07-27 00:00:00+05:30,13443.98188529907,13623.182174071377,13366.757451463493,13593.48046875,333477,0.0,0.0,0.16333869324425482,13308.34375,314.8384240713767,0.38649277406287713,0.08530058205850112
2026-07-28 00:00:00+05:30,13592.489526965068,13710.306283736052,13533.086120189782,13664.763671875,481068,0.0,0.0,0.25763779784987806,13593.48046875,177.22016354626976,0.27267572104858817,0.10106580172724597
2026-07-29 00:00:00+05:30,13642.982954545456,13840.994318181818,13583.579545454546,13809.3125,515674,0.0,0.0,0.450717088511202,13664.763671875,257.41477272727207,0.1961616888697943,0.15086061828695266
2026-07-30 00:00:00+05:30,13800.401639754988,14108.309302425465,13687.535165335583,14046.92578125,626000,0.0,0.0,0.7565933260083016,13809.3125,420.77413708988206,0.2077081033018151,0.05069710036626327
2026-07-31 00:00:00+05:30,14108.30965909091,14205.335227272728,13983.5625,14092.46875,535417,0.0,0.0,0.8014629990205894,14046.92578125,221.77272727272793,0.13372551493635584,0.04145727475667581
2026-08-03 00:00:00+05:30,14157.812230841431,14296.420182751766,13762.779567896974,14009.3037109375,961183,0.0,0.0,0.6581164554386756,14092.46875,533.6406148547921,0.3161447667073949,0.09628714599857538
2026-08-04 00:00:00+05:30,13983.5625,14112.269886363638,13875.646306818182,14027.125,619717,0.0,0.0,0.6679821755033591,14009.3037109375,236.62357954545587,0.2564335276190891,0.11881828211379616
2026-08-05 00:00:00+05:30,14098.409090909092,14107.319602272728,13948.910511363638,14048.90625,312540,0.0,0.0,0.6841790612651176,14027.125,158.40909090909008,0.14289242670411806,0.0937624191101155
2026-08-06 00:00:00+05:30,14039.995738636364,14039.995738636364,13845.944602272728,13940.0,333510,0.0,0.0,0.49412488484608486,14048.90625,202.96164772727207,0.10322572051346783,0.1444991257913026
2026-08-07 00:00:00+05:30,13811.0,14038.0,13811.0,14037.0,324104,140.0,0.0,0.6314216906457943,13940.0,227.0,0.02173524369641038,0.1345421954089894
2026-08-10 00:00:00+05:30,14039.0,14119.0,13954.0,14097.0,299446,0.0,0.0,0.7106135354661426,14037.0,165.0,-0.09083348121176707,0.235357626675641
2026-08-11 00:00:00+05:30,14120.0,14175.0,13980.0,13990.0,334931,0.0,0.0,0.5126732565650516,14097.0,195.0,-0.12776290334290835,0.2900558510721328
2026-08-12 00:00:00+05:30,13990.0,14067.0,13875.0,13875.0,354408,0.0,0.0,0.30442971469834323,13990.0,192.0,-0.16217225922737735,0.19309975740437696
2026-08-13 00:00:00+05:30,13884.0,13938.0,13825.0,13905.0,220061,0.0,0.0,0.34771350780599247,13875.0,113.0,-0.3005844414539662,0.12676106143943267
2026-08-14 00:00:00+05:30,13905.0,13943.0,13760.0,13834.0,216810,0.0,0.0,0.21437550215405451,13905.0,183.0,-0.348626896390752,0.0803167093850143
2026-08-17 00:00:00+05:30,13834.0,13920.0,13760.0,13760.0,177071,0.0,0.0,0.0764760051303945,13834.0,160.0,-0.41223370549177013,0.2020400022615973
2026-08-18 00:00:00+05:30,13762.0,13890.0,13691.0,13691.0,267433,0.0,0.0,-0.05161241074939255,13760.0,199.0,-0.441731887072705,0.1225993156946222
2026-08-19 00:00:00+05:30,13744.0,13745.0,13628.0,13690.0,175646,0.0,0.0,-0.052213228427268304,13691.0,117.0,-0.5594371229987001,0.15375525795168724
2026-08-20 00:00:00+05:30,13758.0,13826.0,13681.0,13809.0,186272,0.0,0.0,0.17461604551045043,13690.0,145.0,-0.6866070729440288,0.3000251555378314
2026-08-21 00:00:00+05:30,13809.0,13809.0,13565.0,13565.0,224951,0.0,0.0,-0.2882403975135659,13809.0,244.0,-0.6115667726642726,0.1281487917786925
2026-08-24 00:00:00+05:30,13623.0,13694.0,13505.0,13620.0,230499,0.0,0.0,-0.1759214855794764,13565.0,189.0,-0.6751212835418431,0.014960285499276665
2026-08-25 00:00:00+05:30,13609.0,13678.0,13450.0,13678.0,296429,0.0,0.0,-0.05914967186057464,13620.0,228.0,-0.7027483389154717,0.007523295907424717
2026-08-26 00:00:00+05:30,13750.0,13750.0,13514.0,13520.0,197113,0.0,0.0,-0.3624855516407113,13678.0,236.0,-0.6557475107006329,0.16319245909116448
2026-08-27 00:00:00+05:30,13520.0,13580.0,13404.0,13440.0,315555,0.0,0.0,-0.5112889735775492,13520.0,176.0,-0.6865760293377426,0.37575499612450436
2026-08-28 00:00:00+05:30,13500.0,13525.0,13318.0,13376.0,277509,0.0,0.0,-0.6284573879553806,13440.0,207.0,-0.6926381761638313,0.43856291119158436
2026-08-31 00:00:00+05:30,13375.0,13547.0,13268.0,13547.0,443131,0.0,0.0,-0.2458166549558527,13376.0,279.0,-0.7071606454046552,0.2685456582474154
2026-09-01 00:00:00+05:30,13540.0,13540.0,12851.0,12950.0,915975,0.0,0.0,-1.1230098884471234,13547.0,696.0,-0.12360602709118938,0.4681752736953628
2026-09-02 00:00:00+05:30,12763.0,12888.0,12640.0,12849.0,614156,0.0,0.0,-1.2593122385389224,12950.0,310.0,-0.0519513063048049,0.5041821500321704
2026-09-03 00:00:00+05:30,12853.0,12927.0,12780.0,12857.0,362982,0.0,0.0,-1.2127864133150081,12849.0,147.0,-0.15228319088515094,0.47520842474769637
2026-09-04 00:00:00+05:30,12880.0,12880.0,12656.0,12694.0,322752,0.0,0.0,-1.450889515412441,12857.0,224.0,-0.12787028456684338,0.5727078891257996
2026-09-07 00:00:00+05:30,12691.0,12833.0,12618.0,12760.0,413778,0.0,0.0,-1.2855843334133932,12694.0,215.0,-0.18681816351558803,0.5686941726924712
2026-09-08 00:00:00+05:30,12758.0,12758.0,12582.0,12641.0,356860,0.0,0.0,-1.4618149088767944,12760.0,178.0,-0.21381119826000422,0.5708844688954718
2026-09-09 00:00:00+05:30,12609.0,12692.0,12537.0,12618.0,534832,0.0,0.0,-1.4682592864570136,12641.0,155.0,-0.28906694429907337,0.5535006605019815
2026-09-10 00:00:00+05:30,12679.0,12693.0,12517.0,12590.0,338613,0.0,0.0,-1.4854736431883868,12618.0,176.0,-0.34129039698846175,0.5795504627589246
2026-09-11 00:00:00+05:30,12520.0,12541.0,12381.0,12400.0,514868,0.0,0.0,-1.7848325868967094,12590.0,209.0,-0.3057276078581099,0.6005025125628141
2026-09-15 00:00:00+05:30,12470.0,12470.0,12231.0,12231.0,286167,0.0,0.0,-2.0491660737981947,12400.0,239.0,-0.24898006419968907,0.6157873540072493
2026-09-16 00:00:00+05:30,12231.0,12367.0,12159.0,12166.0,312876,0.0,0.0,-2.1315206818755628,12231.0,208.0,-0.2557098181588294,0.6151674062121824
2026-09-17 00:00:00+05:30,12165.0,12409.0,12127.0,12338.0,249064,0.0,0.0,-1.6317284365003462,12166.0,282.0,-0.27807938170116236,0.510188679245283
2026-09-18 00:00:00+05:30,12350.0,12458.0,12103.0,12103.0,659773,0.0,0.0,-1.9942662819349357,12338.0,355.0,-0.09603193028363625,0.6167751265365148
2026-09-21 00:00:00+05:30,12129.0,12229.0,12129.0,12153.0,339171,0.0,0.0,-1.824899689642245,12103.0,126.0,-0.22272675968283395,0.5489891135303266
2026-09-22 00:00:00+05:30,12155.0,12275.0,12142.0,12190.0,246724,0.0,0.0,-1.691905313788223,12153.0,133.0,-0.33544502150043226,0.5599060297572436
2026-09-23 00:00:00+05:30,12240.0,12255.0,12106.0,12230.0,220483,0.0,0.0,-1.5556424559892479,12190.0,149.0,-0.4316001093491529,0.5709779179810726
2026-09-24 00:00:00+05:30,12180.0,12184.0,11975.0,11990.0,393665,0.0,0.0,-1.9412634145782237,12230.0,255.0,-0.32571820669525636,0.5844155844155844
2026-09-25 00:00:00+05:30,11997.0,12098.0,11975.0,12065.0,283642,0.0,0.0,-1.7070695910891605,11990.0,123.0,-0.45822572993940314,0.5262150784538844
2026-09-28 00:00:00+05:30,12065.0,12116.0,11944.0,12008.0,301830,0.0,0.0,-1.7858411850124625,12065.0,172.0,-0.49267915356376946,0.5249424405218726
2026-09-29 00:00:00+05:30,12046.0,12046.0,11831.0,11877.0,519770,0.0,0.0,-2.010393521790599,12008.0,215.0,-0.45539529910570176,0.6508183943881528
2026-09-30 00:00:00+05:30,11901.0,12065.0,11879.0,11967.0,430286,0.0,0.0,-1.7203451179436782,11877.0,188.0,-0.5245105244277009,0.4774162214667314
2026-10-01 00:00:00+05:30,11900.0,11907.0,11305.0,11386.0,885820,0.0,0.0,-2.2583745092226817,11967.0,662.0,0.10203409207137858,0.576211106734935
