Date,Open,High,Low,Close,Volume,Dividends,Stock Splits,obs_mom,Prev_Close,TR,obs_vol,obs_er
2022-10-04 00:00:00+05:30,2666.612972771875,2726.502788091317,2660.496426210475,2720.47412109375,2145875,0.0,0.0,-0.22137078054319903,2627.009033203125,99.49375488819214,-0.0911339029445789,0.05299738360867074
2022-10-06 00:00:00+05:30,2737.9443040294004,2749.385408482111,2721.6186850874424,2729.9794921875,1790816,0.0,0.0,-0.14275430847963366,2720.47412109375,28.91128738836096,-0.3395851997526709,0.0715835701476813
2022-10-07 00:00:00+05:30,2725.9750757219967,2732.6638073798995,2691.3879086023094,2697.372314453125,1939879,0.0,0.0,-0.39022647373679464,2729.9794921875,41.2758987775901,-0.3450590799899072,0.1534441029175356
2022-10-10 00:00:00+05:30,2649.055370612203,2752.0252969781927,2644.6549464085288,2744.588623046875,3064063,0.0,0.0,-0.005571711275240594,2697.372314453125,107.37035056966397,-0.08075538777077759,0.14397791075069513
2022-10-11 00:00:00+05:30,2728.2628948012457,2767.8667110161023,2687.2070246042927,2701.46435546875,4730645,0.0,0.0,-0.333892754492719,2744.588623046875,80.65968641180962,0.2361633394508496,0.24353970812435397
2022-10-12 00:00:00+05:30,2714.9736648998382,2736.97578612618,2694.8638550176415,2728.923095703125,1665247,0.0,0.0,-0.10904167079506843,2701.46435546875,42.111931108538556,0.0219802000270962,0.17626084328073047
2022-10-13 00:00:00+05:30,2728.9232210277037,2737.064006255312,2686.3271983230893,2731.16748046875,2054781,0.0,0.0,-0.0886405686201783,2728.923095703125,50.736807932222746,-0.032312895808764855,0.027439169600446556
2022-10-14 00:00:00+05:30,2767.866621375349,2772.2670452567086,2702.740347931223,2727.5146484375,2245977,0.0,0.0,-0.11596793238050143,2731.16748046875,69.52669732548566,0.07970725894650396,0.008507299523469609
2022-10-17 00:00:00+05:30,2711.19142977343,2760.3831460488755,2710.1326377090127,2745.69189453125,1517005,8.0,0.0,0.03694035787471779,2727.5146484375,50.25050833986279,-0.03323581226029167,0.20716520249440332
2022-10-18 00:00:00+05:30,2779.4417007596876,2784.162426006963,2760.515069405285,2774.76513671875,1793722,0.0,0.0,0.27491266405045073,2745.69189453125,38.47053147571296,-0.2700622553488539,0.22583646267642804
2022-10-19 00:00:00+05:30,2787.3834440777728,2787.3834440777728,2745.91240201647,2754.603759765625,1194289,0.0,0.0,0.09736339458984743,2774.76513671875,41.471042061302796,-0.32025585693155967,0.15986818667616673
2022-10-20 00:00:00+05:30,2739.7354565904398,2788.265392214425,2739.7354565904398,2785.883056640625,1587601,0.0,0.0,0.3564073764765067,2754.603759765625,48.52993562398524,-0.47391212241899044,0.29487325043371915
2022-10-21 00:00:00+05:30,2786.3247900140686,2788.6188036276535,2759.1479775951516,2768.324462890625,1021913,0.0,0.0,0.1951956957739988,2785.883056640625,29.47082603250192,-0.6233630899146236,0.24195894319274674
2022-10-24 00:00:00+05:30,2797.17735486645,2804.147932217598,2783.853595389088,2789.765380859375,260949,0.0,0.0,0.37504231605245025,2768.324462890625,35.82346932697283,-0.836427130882204,0.32961578641451605
2022-10-25 00:00:00+05:30,2806.354036786087,2809.66289628552,2780.4566102689723,2790.11865234375,2069643,0.0,0.0,0.36889061404404305,2789.765380859375,29.206286016547892,-1.0316671406390348,0.31525775328319944
2022-10-27 00:00:00+05:30,2788.8825418652286,2800.6180038058537,2765.6324239844766,2785.970703125,2438421,0.0,0.0,0.32179134525653946,2790.11865234375,34.98557982137709,-1.1550258492471732,0.2745180198545127
2022-10-28 00:00:00+05:30,2779.4417540244904,2804.58908417995,2775.0299417165147,2791.133056640625,1355739,0.0,0.0,0.3618584483745536,2785.970703125,29.559142463435364,-1.3484006601245355,0.2575458306017197
2022-10-31 00:00:00+05:30,2822.6775315995496,2822.6775315995496,2803.9714903854647,2817.515625,1919414,0.0,0.0,0.5955246017487952,2791.133056640625,31.54447495892464,-1.58093917021693,0.39338806301309076
2022-11-01 00:00:00+05:30,2836.3545585212883,2878.7962854625307,2826.604408773105,2876.2373046875,2991060,0.0,0.0,1.0653827379899734,2817.515625,61.280660462530705,-1.6369431283312788,0.45576851035090776
2022-11-02 00:00:00+05:30,2885.325640459638,2885.325640459638,2843.0163977761526,2860.354736328125,1405955,0.0,0.0,0.8871297454368836,2876.2373046875,42.309242683485536,-1.6369905113772434,0.45969011038903573
2022-11-03 00:00:00+05:30,2848.310478720669,2848.310478720669,2819.148353296513,2829.51611328125,1422652,0.0,0.0,0.5649968670187878,2860.354736328125,41.20638303161195,-1.59840474429168,0.24504436887781358
2022-11-04 00:00:00+05:30,2838.559982987403,2841.251231526313,2793.6917665316887,2838.912841796875,1464013,0.0,0.0,0.637567452826554,2829.51611328125,47.55946499462425,-1.6228315225109373,0.24486000387437584
2022-11-07 00:00:00+05:30,2849.148593513063,2861.325239443402,2819.2365900807545,2853.295654296875,1474498,0.0,0.0,0.7557430607168698,2838.912841796875,42.08864936264763,-1.7085733000816261,0.365454668221577
2022-11-09 00:00:00+05:30,2867.501904513535,2867.501904513535,2825.0160177906464,2837.72216796875,1162267,0.0,0.0,0.5813731816892388,2853.295654296875,42.48588672288861,-1.6984701005481668,0.2357734028936206
2022-11-10 00:00:00+05:30,2797.0887887002486,2845.618720365395,2797.0887887002486,2828.544921875,1573092,0.0,0.0,0.4747458504365194,2837.72216796875,48.52993166514625,-1.6523667190950346,0.3519594624747959
2022-11-11 00:00:00+05:30,2884.972259916198,2948.5023542732615,2872.133843597439,2925.86962890625,3265394,0.0,0.0,1.1894159296965965,2828.544921875,119.95743239826152,-1.3213385486393,0.4570247414164774
2022-11-14 00:00:00+05:30,2932.9736783395483,2955.032746317433,2919.7382375528173,2943.120849609375,1342074,0.0,0.0,1.3010415960772024,2925.86962890625,35.294508764615784,-1.4965007837845647,0.4752970740159808
2022-11-15 00:00:00+05:30,2930.3257883875335,2947.046514255534,2904.7372765347063,2940.561279296875,1400708,0.0,0.0,1.2448665838158475,2943.120849609375,42.309237720827696,-1.5493597162210615,0.4789227956733131
2022-11-16 00:00:00+05:30,2946.1199747492524,2971.7084864646695,2930.72279268046,2960.635009765625,1748235,0.0,0.0,1.383521178671968,2940.561279296875,40.985693784209616,-1.6735213370972406,0.4811348440176954
2022-11-17 00:00:00+05:30,2947.090720002706,2964.7379698230816,2927.4581545775386,2955.031982421875,1417986,0.0,0.0,1.295373754448747,2960.635009765625,37.27981524554298,-1.7525182609875136,0.4258891713257208
2022-11-18 00:00:00+05:30,2955.9147721418635,2967.1648955283736,2930.326256203919,2950.13525390625,1164540,0.0,0.0,1.215560841385484,2955.031982421875,36.83863932445456,-1.833159301472935,0.47923554194987183
2022-11-21 00:00:00+05:30,2931.6494426143504,2941.531859652826,2887.9724983225788,2897.2373046875,1304194,0.0,0.0,0.644689492446481,2950.13525390625,62.16275558367124,-1.5637692777677998,0.2591889629588799
2022-11-22 00:00:00+05:30,2894.149505432855,2928.5174877257564,2872.311029743995,2924.988037109375,1149739,0.0,0.0,0.8667897784458938,2897.2373046875,56.20645798176156,-1.5775315823921106,0.3562010198202159
2022-11-23 00:00:00+05:30,2938.267587507952,2938.267587507952,2903.8554445911927,2919.120361328125,1150011,0.0,0.0,0.7905903093131328,2924.988037109375,34.41214291675942,-1.6772021800236747,0.30490658373741014
2022-11-24 00:00:00+05:30,2926.1349389357706,2993.8121065011505,2919.120199429745,2982.517822265625,1296591,0.0,0.0,1.261845839417931,2919.120361328125,74.6919070714057,-1.6304442579777234,0.3948360041784928
2022-11-25 00:00:00+05:30,2985.0327653272407,3002.9889309440055,2954.1500734010056,2990.900390625,1588981,0.0,0.0,1.3031859573527567,2982.517822265625,48.838857542999904,-1.6529570087288636,0.4169276007311452
2022-11-28 00:00:00+05:30,2970.031963168903,3015.0324474593413,2969.6349431563262,2995.841064453125,2195437,0.0,0.0,1.314585689590824,2990.900390625,45.39750430301501,-1.6943863838331887,0.4166645133205988
2022-11-29 00:00:00+05:30,2985.0323478503824,3025.6210229911208,2985.0323478503824,2997.6943359375,1576028,0.0,0.0,1.2981432997344429,2995.841064453125,40.58867514073836,-1.762240024833875,0.38600972854228777
2022-11-30 00:00:00+05:30,2985.0320807890316,3013.1793559501702,2977.973181396093,2991.91455078125,3410702,0.0,0.0,1.2081207484375258,2997.6943359375,35.20617455407728,-1.846283771296906,0.27952803752101707
2022-12-01 00:00:00+05:30,3022.0916277039573,3070.6215662510285,3017.679815108769,3066.783203125,2180856,0.0,0.0,1.7127364031982457,2991.91455078125,78.70701546977853,-1.787090724284612,0.4365930570049317
2022-12-02 00:00:00+05:30,3051.298091486406,3060.827434912216,3011.503453385087,3034.5771484375,2411749,0.0,0.0,1.345834065443005,3066.783203125,55.27974973991286,-1.6526109231068549,0.4324502717970527
2022-12-05 00:00:00+05:30,3029.1508470416434,3034.5772909373013,3006.2094191292977,3022.885986328125,1475065,0.0,0.0,1.2023147008922888,3034.5771484375,28.367871808003656,-1.7836374048616623,0.38611005218132705
2022-12-06 00:00:00+05:30,3000.07664261676,3007.047220155349,2971.7968815829117,2987.10595703125,1166999,0.0,0.0,0.8239990880035148,3022.885986328125,51.08910474521326,-1.6677650183121244,0.26876245219558287
2022-12-07 00:00:00+05:30,2972.061449685332,2994.4733694927418,2959.4436237094437,2982.91455078125,1167505,0.0,0.0,0.7651658438626265,2987.10595703125,35.02974578329804,-1.7555368523549357,0.29844661305037745
2022-12-08 00:00:00+05:30,2964.737940576892,2982.914693880783,2946.6053484812223,2956.399658203125,1285619,0.0,0.0,0.493756639676186,2982.91455078125,36.3093453995607,-1.7698928053914311,0.25376497376305485
2022-12-09 00:00:00+05:30,2977.1794466521255,2977.1794466521255,2890.928510850785,2905.399169921875,1797896,0.0,0.0,0.005267359583151185,2956.399658203125,86.25093580134035,-1.3287830256297841,0.04474348021210823
2022-12-12 00:00:00+05:30,2872.5314962917028,2908.2671822385046,2855.413747710101,2899.840576171875,1527610,0.0,0.0,-0.04546163461837428,2905.399169921875,52.853434528403795,-1.285648115977476,0.09708136004591315
2022-12-13 00:00:00+05:30,2891.6785277132994,2943.958509197416,2883.3844058485947,2940.120361328125,1378016,0.0,0.0,0.3182954013231398,2899.840576171875,60.574103348821154,-1.3059970033097292,0.0009118642322012282
2022-12-14 00:00:00+05:30,2954.8555977030205,2979.7381772420185,2947.8848046662138,2969.458740234375,1213311,0.0,0.0,0.5681112145985163,2940.120361328125,39.61781591389354,-1.4571858046378068,0.017905322055024854
2022-12-15 00:00:00+05:30,2963.679209913898,2968.929223708033,2910.86972808808,2916.29638671875,1415694,0.0,0.0,0.060572981822689304,2969.458740234375,58.58901214629486,-1.2501716163654886,0.0716849748498741
2022-12-16 00:00:00+05:30,2889.7370465513122,2904.7372083196706,2845.795353110489,2859.074951171875,2703680,0.0,0.0,-0.4298166843429143,2916.29638671875,70.50103360826097,-0.9482245230161992,0.15364073040754547
2022-12-19 00:00:00+05:30,2847.384289941205,2863.7079990716397,2818.7075036309825,2825.369384765625,2120965,0.0,0.0,-0.7036598557600858,2859.074951171875,45.00049544065723,-0.9054045010598437,0.1253165683206479
2022-12-20 00:00:00+05:30,2822.5893692776544,2866.7958175446647,2791.4860905554474,2862.33984375,1529971,0.0,0.0,-0.3465390043490419,2825.369384765625,75.30972698921732,-0.8269245083396822,0.10751165899874433
2022-12-21 00:00:00+05:30,2866.796154401474,2896.8406447177717,2858.854890815874,2884.04638671875,1432566,0.0,0.0,-0.1468674210767637,2862.33984375,37.985753901897624,-0.9859262825966171,0.05859827977708156
2022-12-22 00:00:00+05:30,2906.5023847469665,2906.5023847469665,2863.3549400669413,2876.2373046875,1384101,0.0,0.0,-0.2120542507994733,2884.04638671875,43.147444680025274,-1.0245036501483171,0.19574238669693686
2022-12-23 00:00:00+05:30,2838.56029430426,2882.54615313989,2838.56029430426,2848.5751953125,1360281,0.0,0.0,-0.4522560348532088,2876.2373046875,43.9858588356301,-1.0033700561524994,0.2531392508178683
2022-12-26 00:00:00+05:30,2848.575232221792,2887.09027146601,2845.6633927147495,2870.237060546875,870157,0.0,0.0,-0.23851751121437045,2848.5751953125,41.426878751260574,-1.1297572781158716,0.21694691974624572
2022-12-27 00:00:00+05:30,2884.619175108632,2888.67812840142,2851.3541550195223,2876.060302734375,835883,0.0,0.0,-0.17833285933941426,2870.237060546875,37.32397338189776,-1.241462774439616,0.20865908416045809
2022-12-28 00:00:00+05:30,2867.501582014755,2881.884133279231,2846.5013122623786,2873.94287109375,910795,0.0,0.0,-0.19405770459374608,2876.060302734375,35.382821016852176,-1.3436480669330526,0.20365593790671171
2022-12-29 00:00:00+05:30,2851.0013089364893,2886.6486646301387,2848.2658992590823,2884.22216796875,1037927,0.0,0.0,-0.08892094833066037,2873.94287109375,38.382765371056394,-1.4518934248570396,0.354707726753094
2022-12-30 00:00:00+05:30,2899.487515031026,2910.9140670266365,2864.3252810692306,2873.590087890625,1163131,0.0,0.0,-0.192052922880435,2884.22216796875,46.58878595740589,-1.4400340922998518,0.3264754330087243
2023-01-02 00:00:00+05:30,2877.3839858359584,2882.5458924019413,2854.61899125398,2877.781005859375,709547,0.0,0.0,-0.1445048293395558,2873.590087890625,27.926901147961416,-1.6118727296967734,0.29881219199996784
2023-01-03 00:00:00+05:30,2869.443455975652,2929.4441186467293,2863.5316690612935,2921.811767578125,1245178,0.0,0.0,0.2993372931453366,2877.781005859375,65.91244958543575,-1.584128912627023,0.1322128278254748
2023-01-04 00:00:00+05:30,2917.707917742617,2935.9288318835124,2899.6194872236865,2924.72265625,1231668,0.0,0.0,0.3210618187866739,2921.811767578125,36.30934465982591,-1.6873848970997996,0.11813785938881598
2023-01-05 00:00:00+05:30,2938.4433252143804,2944.708184643928,2895.8693379101937,2921.59033203125,1826057,0.0,0.0,0.2808277200445819,2924.72265625,48.838846733734044,-1.6727728436949683,0.07418968611475495
2023-01-06 00:00:00+05:30,2911.7963885995287,2913.1640936237372,2823.560134399543,2833.75146484375,2488376,0.0,0.0,-0.5511106264922878,2921.59033203125,98.03019763170687,-1.0619856498258917,0.14158730587584256
2023-01-09 00:00:00+05:30,2849.148823161941,2935.6203575905165,2842.2221906134705,2929.399658203125,2885060,0.0,0.0,0.2790550287990624,2833.75146484375,101.8688927467665,-0.939328586368585,0.04958565990939152
2023-01-10 00:00:00+05:30,2898.5606771633866,2910.031389127808,2850.1190643433856,2899.7958984375,3864655,0.0,0.0,0.041531418838644266,2929.399658203125,79.28059385973938,-0.6809187105817872,0.0688782456937804
2023-01-11 00:00:00+05:30,2903.061535323691,2955.4737922696013,2886.3405902260693,2937.12060546875,2720512,0.0,0.0,0.32632779698855474,2899.7958984375,69.13320204353204,-0.6779369109644287,0.054493423079882024
2023-01-12 00:00:00+05:30,2937.3844994888523,2955.914110329725,2925.516768010586,2942.105224609375,2250391,0.0,0.0,0.35719108049651244,2937.12060546875,30.39734231913917,-0.866992013578508,0.047333592733104946
2023-01-13 00:00:00+05:30,2949.6497555026567,2981.5031305171833,2916.208300195114,2977.57666015625,1742837,0.0,0.0,0.6199687283548269,2942.105224609375,65.29483032206917,-0.8781298914321435,0.22636250141656403
2023-01-16 00:00:00+05:30,2993.323430799437,3025.8105105428135,2976.2226370534986,3008.709716796875,1843607,75.0,0.0,0.8418773991604902,2977.57666015625,49.587873489314916,-0.9924893010217696,0.35194700750233393
2023-01-17 00:00:00+05:30,3005.0549468178974,3051.800290054043,2996.9331766913624,3048.73193359375,1688475,0.0,0.0,1.1180334921798893,3008.709716796875,54.86711336268081,-1.0875949489541574,0.3557213652179909
2023-01-18 00:00:00+05:30,3050.1762493662427,3076.3012356043387,3043.1825020489086,3059.200439453125,2421189,0.0,0.0,1.1732283135077115,3048.73193359375,33.118733555430026,-1.262041215024448,0.3416004628119636
2023-01-19 00:00:00+05:30,3050.1760655484736,3056.4929982286035,3033.030105416692,3043.949462890625,1585044,0.0,0.0,1.011756846255685,3059.200439453125,26.170334036432905,-1.4163475253805804,0.3224072799054953
2023-01-20 00:00:00+05:30,3036.6398008661617,3063.3964349074176,3028.157150767711,3034.92529296875,1529349,0.0,0.0,0.9082401688772529,3043.949462890625,35.2392841397068,-1.5082046523027044,0.3715489016942618
2023-01-23 00:00:00+05:30,3057.3954283238595,3085.370416009231,3028.1571422247093,3081.67041015625,1067916,0.0,0.0,1.2427116654890935,3034.92529296875,57.21327378452179,-1.565471269012566,0.4014817204869345
2023-01-24 00:00:00+05:30,3090.7850432164355,3115.1051909529156,3083.8364610513177,3100.982421875,1387863,0.0,0.0,1.3690832863713613,3081.67041015625,33.434780796665564,-1.7300269128026766,0.41642887136995854
2023-01-25 00:00:00+05:30,3091.055812758132,3099.80923290407,3072.736663184384,3095.071533203125,874110,0.0,0.0,1.2806859684584517,3100.982421875,28.245758690616185,-1.8624174474004576,0.4065501879593783
2023-01-27 00:00:00+05:30,3091.6874086767493,3109.7357881786565,3052.251743528508,3078.1962890625,1785879,0.0,0.0,1.0903576892324236,3095.071533203125,57.48404465014846,-1.741135393356645,0.3523530173507201
2023-01-30 00:00:00+05:30,3086.27313262084,3120.971100823279,3055.1848405969054,3098.591064453125,1953798,0.0,0.0,1.2382487974144392,3078.1962890625,65.78626022637354,-1.6531237520525315,0.4015913686118664
2023-01-31 00:00:00+05:30,3112.4430679566062,3112.4430679566062,3024.0060077479234,3030.95458984375,2820375,0.0,0.0,0.536451666855753,3098.591064453125,88.43706020868285,-1.206190137929345,0.24558107965819004
2023-02-01 00:00:00+05:30,3034.834977460141,3085.3704394695874,3027.615625744506,3075.759765625,2205161,0.0,0.0,0.8740375843616098,3030.95458984375,57.754813725081476,-1.2661267607788194,0.24651661014298698
2023-02-02 00:00:00+05:30,3092.5897637316407,3130.491359902265,3086.363161059032,3122.73046875,1813847,0.0,0.0,1.2050850084887232,3075.759765625,54.731594277264776,-1.351729056775979,0.2961735966409509
2023-02-03 00:00:00+05:30,3162.076345772332,3162.076345772332,3115.9626442696253,3142.493896484375,1804469,0.0,0.0,1.332781212639969,3122.73046875,46.11370150270659,-1.432247890239233,0.3224002009609783
2023-02-06 00:00:00+05:30,3134.236104127505,3134.236104127505,3101.478474418645,3122.32421875,1138714,0.0,0.0,1.1167468289062066,3142.493896484375,41.015422065730036,-1.4526903766766817,0.4673128426286362
2023-02-07 00:00:00+05:30,3130.401350781037,3152.1497379876287,3123.6332079139006,3133.6953125,1455647,0.0,0.0,1.1845577211548188,3122.32421875,29.82551923762867,-1.6201680907757772,0.38312280835091844
2023-02-08 00:00:00+05:30,3138.658702645944,3194.473190151551,3138.658702645944,3176.60546875,1986946,0.0,0.0,1.4879295408896713,3133.6953125,60.77787765155108,-1.6316418559411145,0.5064722157947259
2023-02-09 00:00:00+05:30,3172.0029459457633,3201.421894965321,3163.249525265047,3195.33056640625,1655427,0.0,0.0,1.607437196461803,3176.60546875,38.172369700273975,-1.7478833609980016,0.48908512612013527
2023-02-10 00:00:00+05:30,3176.514554888765,3196.6837056013396,3165.820802706398,3192.35205078125,1187821,0.0,0.0,1.5375655311263559,3195.33056640625,30.862902894941726,-1.8617904872317412,0.47580985449658697
2023-02-13 00:00:00+05:30,3202.6851807113194,3202.6851807113194,3134.462212995343,3142.583984375,1087939,0.0,0.0,0.9891520250165403,3192.35205078125,68.22296771597621,-1.604694610714136,0.30543599885032746
2023-02-14 00:00:00+05:30,3162.978405332995,3180.8915095356965,3153.9542158741274,3158.556640625,1579818,0.0,0.0,1.1007282725822254,3142.583984375,38.307525160696514,-1.7100236515400515,0.2853819697429729
2023-02-15 00:00:00+05:30,3146.7350075745903,3181.929348066534,3122.504969647513,3177.101318359375,1429449,0.0,0.0,1.233200694395363,3158.556640625,59.424378419021195,-1.6686573183912694,0.25490477448630094
2023-02-16 00:00:00+05:30,3183.012093754283,3226.147763863208,3182.831654026723,3210.851806640625,1618931,0.0,0.0,1.482891100242272,3177.101318359375,49.04644550383318,-1.7346195162579716,0.28782937568173456
2023-02-17 00:00:00+05:30,3182.064379197295,3193.570220400415,3149.4420234423537,3159.50390625,1061369,0.0,0.0,0.9172988776093486,3210.851806640625,61.40978319827127,-1.5340338962201139,0.2052563129051745
2023-02-20 00:00:00+05:30,3160.271129596154,3178.319508405955,3135.9509832133717,3147.005615234375,1296082,0.0,0.0,0.7804945802676279,3159.50390625,42.36852519258309,-1.5519826484569086,0.19786430455210174
2023-02-21 00:00:00+05:30,3153.0518176626792,3166.497771917962,3108.6076842854936,3114.247802734375,1139541,0.0,0.0,0.4542499940678111,3147.005615234375,57.890087632468294,-1.4195290805989722,0.05896754105040062
2023-02-22 00:00:00+05:30,3081.715617084995,3110.6381891326687,3063.712402699568,3069.623291015625,1218430,0.0,0.0,0.036036287460424414,3114.247802734375,50.535400034807026,-1.3124843061736429,0.05427562010657623
2023-02-23 00:00:00+05:30,3087.1751064959585,3115.510972284333,3075.443660607491,3080.677734375,1441570,0.0,0.0,0.13391416804830317,3069.623291015625,45.88768126870809,-1.3581676789749941,0.024692614497094825
2023-02-24 00:00:00+05:30,3088.529243781861,3098.861897992003,3052.2520415048884,3068.630859375,977592,0.0,0.0,0.02006772796181792,3080.677734375,46.609856487114484,-1.3463075716524002,0.016546586369126554
2023-02-27 00:00:00+05:30,3059.1999337888974,3059.1999337888974,2992.420938184066,3006.724365234375,1128022,0.0,0.0,-0.5240659879992268,3068.630859375,76.20992119093398,-1.0279003895806014,0.14826714454358184
2023-02-28 00:00:00+05:30,3003.701626574845,3061.0052327901076,2977.892355176233,2989.578857421875,4116217,0.0,0.0,-0.6643093119557681,3006.724365234375,83.11287761387439,-0.7783746446792073,0.0727023213693561
2023-03-01 00:00:00+05:30,2998.7384391945475,3058.2980952242915,2991.5190869485177,3055.320068359375,1669307,0.0,0.0,-0.038413728654622975,2989.578857421875,68.7192378024165,-0.8213283822685761,0.03464075950571719
2023-03-02 00:00:00+05:30,3033.029821695641,3041.061261510807,2994.2258102904307,2997.339111328125,1556538,0.0,0.0,-0.5057303537847867,3055.320068359375,61.09425806894433,-0.6396112772413565,0.20861778123125202
2023-03-03 00:00:00+05:30,3026.7137743923313,3030.3234509270865,3006.0484643577256,3016.02001953125,1043190,0.0,0.0,-0.3340941299023378,2997.339111328125,32.98433959896147,-0.8113393231824284,0.21079845810720574
2023-03-06 00:00:00+05:30,3033.8422880766893,3072.6914693231265,3031.22536115521,3042.821533203125,1334132,0.0,0.0,-0.09792390632526783,3016.02001953125,56.67144979187651,-0.8433004397158632,0.1310612344611724
2023-03-08 00:00:00+05:30,3035.7372636633854,3064.6146692630373,3005.8221644268447,3059.56103515625,1844590,0.0,0.0,0.04616424760118991,3042.821533203125,58.79250483619262,-0.8399136058463121,0.12113927262340365
2023-03-09 00:00:00+05:30,3054.6884491786423,3054.6884491786423,3005.82254630904,3011.237060546875,1648500,0.0,0.0,-0.35929972719618597,3059.56103515625,53.73848884721019,-0.7238126146858633,0.2678510629631841
2023-03-10 00:00:00+05:30,2989.623891239265,3011.5978825619827,2968.9585837527675,3005.957763671875,1024404,0.0,0.0,-0.3958316686291197,3011.237060546875,42.639298809215234,-0.7766645729728568,0.31356040801163254
2023-03-13 00:00:00+05:30,3007.762627347276,3040.97169171865,2952.7150665107374,2961.694091796875,1901233,0.0,0.0,-0.7542327033594605,3005.957763671875,88.25662520791275,-0.4439191117886032,0.35748245175580823
2023-03-14 00:00:00+05:30,2959.934084802029,2981.9530185255367,2896.223220337673,2901.231689453125,2670334,0.0,0.0,-1.2041926778071772,2961.694091796875,85.72979818786371,-0.10435625418205943,0.3679582202592735
2023-03-15 00:00:00+05:30,2932.861497795797,2942.2016217694713,2880.521200296672,2886.747802734375,1780522,0.0,0.0,-1.3002516813469995,2901.231689453125,61.68042147279948,-0.0335161658599494,0.41533401751796173
2023-03-16 00:00:00+05:30,2894.959981480573,2905.608569116776,2862.4728993941326,2874.204345703125,1901060,0.0,0.0,-1.3807353269544813,2886.747802734375,43.13566972264334,-0.0828125481231553,0.4671213886238687
2023-03-17 00:00:00+05:30,2843.0708376396906,2907.0522516200167,2837.205114597425,2869.060546875,6739966,0.0,0.0,-1.3942798615017484,2874.204345703125,69.8471370225916,0.01867067275025716,0.5514306117553546
2023-03-20 00:00:00+05:30,2860.3523392948427,2860.3523392948427,2793.0320130478685,2836.57373046875,2289468,0.0,0.0,-1.6474814622013432,2869.060546875,76.02853382713147,0.21854354990842498,0.5373524204628458
2023-03-21 00:00:00+05:30,2836.5736038648693,2848.7110949967246,2795.197605797223,2803.003662109375,1815297,0.0,0.0,-1.9071512479268955,2836.57373046875,53.51348919950169,0.27941753597411945,0.5530248082315226
2023-03-22 00:00:00+05:30,2824.616398697249,2836.753889168361,2803.003509518878,2825.293212890625,1123939,0.0,0.0,-1.5992712501820523,2803.003662109375,33.750379649482966,0.0805814876725594,0.4724808841247017
2023-03-23 00:00:00+05:30,2810.9445796742175,2839.3258306983194,2798.4010449295647,2819.7431640625,1372218,0.0,0.0,-1.6144690455859052,2825.293212890625,40.924785768754646,0.0002395688896911414,0.4364761185481742
2023-03-24 00:00:00+05:30,2841.6271470449155,2860.668276380488,2802.9134594440998,2815.99853515625,1329577,0.0,0.0,-1.6119325112917422,2819.7431640625,57.754816936388124,0.02533567707510852,0.46830577677024066
2023-03-27 00:00:00+05:30,2829.083969892425,2845.101909434878,2802.913815147009,2817.623291015625,1524217,0.0,0.0,-1.5515047341216655,2815.99853515625,42.18809428786926,-0.06136396448826254,0.45245954881976774
2023-03-28 00:00:00+05:30,2821.8643516283278,2842.2139451414596,2806.6585026044622,2811.847412109375,1303530,0.0,0.0,-1.5747110742500807,2817.623291015625,35.55544253699736,-0.1695075681887488,0.39082332711188233
2023-03-29 00:00:00+05:30,2823.6689236329594,2842.6197217781473,2801.1987796733742,2832.602783203125,1740616,0.0,0.0,-1.279934773035245,2811.847412109375,41.420942104773076,-0.3011994713784162,0.31255085840727753
2023-03-31 00:00:00+05:30,2878.6711597054764,2899.47195965751,2844.4244061128143,2893.064697265625,2382581,0.0,0.0,-0.5323152205481898,2832.602783203125,66.86917645438507,-0.3595653439112718,0.32649425857676373
2023-04-03 00:00:00+05:30,2910.256032039784,2910.256032039784,2864.0522245407105,2887.74072265625,1521830,0.0,0.0,-0.5710746302252822,2893.064697265625,46.203807499073264,-0.3966474867106243,0.24667353527027955
2023-04-05 00:00:00+05:30,2874.655108871209,2945.810919909518,2874.655108871209,2923.656494140625,2655065,0.0,0.0,-0.19222167300232737,2887.74072265625,71.15581103830891,-0.36968719752720414,0.20012018181731622
2023-04-06 00:00:00+05:30,2910.3008553601517,2939.4941939275836,2901.2766666613607,2906.42041015625,1703464,0.0,0.0,-0.35447062559610293,2923.656494140625,38.21752726622299,-0.43444023463253545,0.3017891858051336
2023-04-10 00:00:00+05:30,2905.78896386189,2952.7147483714607,2901.276869197508,2944.953857421875,2203187,0.0,0.0,0.03692804744036993,2906.42041015625,51.43787917395275,-0.5423586063330385,0.24190528801782168
2023-04-11 00:00:00+05:30,2945.4957273871946,2953.572333679193,2880.6568316583844,2900.1943359375,2348779,0.0,0.0,-0.386056246693056,2944.953857421875,72.91550202080862,-0.30945645683586726,0.23615843967440603
2023-04-12 00:00:00+05:30,2912.9628337609006,2942.7426553096243,2886.8378525565763,2925.325927734375,2417727,0.0,0.0,-0.13143067471398678,2900.1943359375,55.90480275304799,-0.3610626777324487,0.16453574802019855
2023-04-13 00:00:00+05:30,2896.7647832987404,2914.8131620108825,2869.6922152305283,2877.6787109375,4174070,0.0,0.0,-0.5651004805041224,2925.325927734375,55.63371250384671,-0.2393003141203141,0.17026456968895137
2023-04-17 00:00:00+05:30,2828.2710691965544,2854.7117658395036,2770.6515362079326,2833.14404296875,5505048,0.0,0.0,-0.9450446125326204,2877.6787109375,107.02717472956738,0.19713701291422758,0.14258821171527453
2023-04-18 00:00:00+05:30,2847.08654077672,2848.8012689229336,2807.064393679631,2825.248046875,2617302,0.0,0.0,-0.9976444928513084,2833.14404296875,41.73687524330262,0.11902666172943108,0.1305936470757792
2023-04-19 00:00:00+05:30,2825.2479750497077,2833.595349886156,2771.7796551513784,2788.113525390625,3298034,0.0,0.0,-1.3099126898745144,2825.248046875,61.81569473477748,0.24292422159589744,0.17373987008482325
2023-04-20 00:00:00+05:30,2788.4744781128575,2809.230113386837,2777.6454510133904,2801.830322265625,2419999,0.0,0.0,-1.1287564641531196,2788.113525390625,31.584662373446463,0.05151707834868109,0.13336985112461722
2023-04-21 00:00:00+05:30,2806.5227991505576,2855.659464544931,2798.2205892743714,2852.410888671875,1929184,0.0,0.0,-0.5507587760688581,2801.830322265625,57.43887527055949,-0.05941552085725583,0.030328787451627245
2023-04-24 00:00:00+05:30,2843.612470588807,2870.5495443318514,2821.09694130206,2864.999755859375,1640676,0.0,0.0,-0.41588502311618686,2852.410888671875,49.45260302979159,-0.1267453604311344,0.12369502951892913
2023-04-25 00:00:00+05:30,2872.399207357796,2879.79899788449,2840.3633380957153,2866.082275390625,2024090,0.0,0.0,-0.39510343815580834,2864.999755859375,39.4356597887745,-0.22842339941574039,0.08497825087383065
2023-04-26 00:00:00+05:30,2870.5944053958196,2895.3205941340657,2870.5944053958196,2886.07080078125,2000029,0.0,0.0,-0.18676592661337987,2866.082275390625,29.238318743440686,-0.43933697712191233,0.1341489910112404
2023-04-27 00:00:00+05:30,2874.20436323212,2887.018668292053,2861.254563139059,2876.866455078125,2434446,0.0,0.0,-0.27319026058931245,2886.07080078125,25.764105152994034,-0.596461886283647,0.12176205911526847
2023-04-28 00:00:00+05:30,2888.101133346039,2912.3311670411026,2884.356183331048,2905.11181640625,2931312,0.0,0.0,0.01957778391676456,2876.866455078125,35.46471196297762,-0.7720624084842177,0.16616595497443426
2023-05-02 00:00:00+05:30,2919.3251374002,2919.3251374002,2896.7646649318835,2905.247314453125,2321159,0.0,0.0,0.02046585167078186,2905.11181640625,22.560472468316675,-0.9647904827504739,0.17931430789118694
2023-05-03 00:00:00+05:30,2902.179217450923,2902.179217450923,2863.5104789920574,2869.601806640625,2468285,0.0,0.0,-0.3406045304618154,2905.247314453125,41.736835461067585,-0.9273796891791233,0.06905860329808738
2023-05-04 00:00:00+05:30,2869.8272809192304,2909.8044809182966,2867.8871684758333,2906.42041015625,1953253,0.0,0.0,0.04706180915146314,2869.601806640625,41.9173124424633,-1.0612884021461864,0.026079295742217092
2023-05-05 00:00:00+05:30,2905.789472292151,2927.4475304707257,2896.8104464023822,2915.4453125,1710027,0.0,0.0,0.1370929586585067,2906.42041015625,30.637084068343484,-1.2055468214225777,0.05370976902688376
2023-05-08 00:00:00+05:30,2928.349442012585,2937.238356642924,2915.9863466752167,2933.403076171875,928235,0.0,0.0,0.3165729545124694,2915.4453125,21.793044142923918,-1.4292656947161737,0.019576862798174225
2023-05-09 00:00:00+05:30,2935.207649500147,2976.1773773009786,2929.251596943292,2962.86669921875,1107375,0.0,0.0,0.6030263868885236,2933.403076171875,46.92578035768656,-1.4831748237019973,0.11065950391704893
2023-05-10 00:00:00+05:30,2968.9584975056696,2983.8484109430083,2947.3456066100516,2966.07080078125,1559987,0.0,0.0,0.6214664723608982,2962.86669921875,36.50280433295666,-1.5517427515785622,0.044479149900314666
2023-05-11 00:00:00+05:30,2986.1040583661356,2986.7357075154237,2952.7145599800533,2961.8740234375,1719623,0.0,0.0,0.5605398957858101,2966.07080078125,34.021147535370346,-1.6174876054214622,0.14205436795814838
2023-05-12 00:00:00+05:30,2959.1668827295052,2968.958216036899,2941.885648717414,2954.790283203125,1027479,0.0,0.0,0.46787256894065044,2961.8740234375,27.072567319485188,-1.7239498174460883,0.0708022645272946
2023-05-15 00:00:00+05:30,2963.5434380996776,2970.7627887406024,2931.372294932895,2937.41845703125,1150390,0.0,0.0,0.2580593758502577,2954.790283203125,39.39049380770757,-1.7058366865169021,0.15481651231033405
2023-05-16 00:00:00+05:30,2938.456635647952,2964.446346309158,2933.2677265181874,2940.21630859375,986306,0.0,0.0,0.2835949000857755,2937.41845703125,31.178619790970515,-1.7949748259591505,0.31113204709461206
2023-05-17 00:00:00+05:30,2938.2308468250335,2959.9340659758723,2886.161319057114,2895.591552734375,1588815,0.0,0.0,-0.23293637793993954,2940.21630859375,73.77274691875846,-1.4476454312879674,0.18469336146956242
2023-05-18 00:00:00+05:30,2911.1587181306295,2913.865975306526,2883.228892329398,2887.605712890625,1369364,0.0,0.0,-0.3176545226361519,2895.591552734375,30.637082977127648,-1.5245631133851387,0.2828750635136148
2023-05-19 00:00:00+05:30,2896.764912019686,2918.8741769245094,2890.4931442019483,2908.361083984375,1152449,0.0,0.0,-0.06719976918378887,2887.605712890625,31.268464033884356,-1.6572502187686224,0.2969446043664842
2023-05-22 00:00:00+05:30,2914.8134278455905,2985.6081557371112,2903.1271456270997,2976.8095703125,1333243,0.0,0.0,0.6326991337017146,2908.361083984375,82.48101011001154,-1.5089440934540954,0.33029916643600343
2023-05-23 00:00:00+05:30,2983.3976520944498,3003.2057079897186,2969.04927601433,2975.321044921875,1687418,0.0,0.0,0.6015367189610236,2976.8095703125,34.15643197538839,-1.5798955735662004,0.30181687512440003
2023-05-24 00:00:00+05:30,2956.324611866416,2993.5042301988665,2956.324611866416,2981.005859375,1016555,0.0,0.0,0.646018103419219,2975.321044921875,37.179618332450445,-1.639106596172013,0.31049835854929664
2023-05-25 00:00:00+05:30,2972.567908676655,2983.3969356663692,2948.2929279682253,2972.11669921875,1374917,0.0,0.0,0.532511962900027,2981.005859375,35.10400769814396,-1.6775036462240933,0.2396642399498427
2023-05-26 00:00:00+05:30,2972.1169557498865,3012.861085188572,2969.860908265637,3004.0625,1791115,0.0,0.0,0.8463959406797557,2972.11669921875,43.00017692293477,-1.74309567723579,0.33317601646838985
2023-05-29 00:00:00+05:30,3032.84972720672,3042.9567756365113,2988.8116372799896,2996.346923828125,1210372,0.0,0.0,0.7387034420847798,3004.0625,54.145138356521784,-1.6405155051230966,0.25256195286263555
2023-05-30 00:00:00+05:30,2991.5191919697595,3002.3030557024185,2979.2012598943925,2992.60205078125,1344224,0.0,0.0,0.6777696338127337,2996.346923828125,23.101795808026054,-1.7824647070992026,0.23942781700154642
2023-05-31 00:00:00+05:30,2986.104740447233,3002.979933206516,2946.5335755997253,2968.507568359375,5815424,0.0,0.0,0.3765297285053232,2992.60205078125,56.44635760679057,-1.6175119853130029,0.279950853566848
2023-06-01 00:00:00+05:30,2990.6164353941035,3014.0793283694343,2975.7265225443743,2999.640625,1177314,0.0,0.0,0.7037321721938841,2968.507568359375,45.57176001005928,-1.6641348993619287,0.26817369660124624
2023-06-02 00:00:00+05:30,3001.671241441304,3010.379496788302,2975.6815298082374,2983.036376953125,2030661,0.0,0.0,0.4911853668317517,2999.640625,34.69796698006439,-1.6858527603083233,0.1902951553447374
2023-06-05 00:00:00+05:30,2991.518798732182,3002.347826057909,2964.491395428479,2967.965576171875,1861468,0.0,0.0,0.3014056836932416,2983.036376953125,37.85643062943018,-1.6828828855873317,0.0981042745988319
2023-06-06 00:00:00+05:30,2959.9342573409676,2967.920753448757,2906.330658002561,2916.888916015625,2022849,0.0,0.0,-0.2872232653048505,2967.965576171875,61.634918169314005,-1.4173700327135614,0.12296262053862622
2023-06-07 00:00:00+05:30,2935.5691423655453,2958.896762718088,2924.740113866195,2955.33203125,1567196,0.0,0.0,0.14314600606804095,2916.888916015625,42.00784670246321,-1.5102437794708485,0.0262461647518769
2023-06-08 00:00:00+05:30,2942.7882185183284,2950.9099891306146,2917.520487724549,2920.6337890625,1759366,0.0,0.0,-0.23143586754437295,2955.33203125,37.811543525450816,-1.4679964086664936,0.0938008791472405
2023-06-09 00:00:00+05:30,2928.3496145730646,2932.8617095107734,2892.5687898438873,2896.13330078125,1775689,0.0,0.0,-0.48556609340410944,2920.6337890625,40.292919666886064,-1.4283616893764524,0.12833148610573264
2023-06-12 00:00:00+05:30,2901.2771305591828,2936.8323515906563,2897.6674545025,2930.064208984375,2324605,0.0,0.0,-0.09633375873646138,2896.13330078125,40.699050809406344,-1.5167002442870023,0.015527311583860007
2023-06-13 00:00:00+05:30,2941.885987673672,2946.398082746791,2922.9351883665713,2927.176513671875,1371928,0.0,0.0,-0.12514072962450576,2930.064208984375,23.462894380219495,-1.650696127360734,0.02752620764400998
2023-06-14 00:00:00+05:30,2927.1762148240855,2938.140736922636,2911.068169247874,2933.80908203125,1658544,0.0,0.0,-0.04853900885873894,2927.176513671875,27.072567674762013,-1.7713562314657862,0.08770905553877764
2023-06-15 00:00:00+05:30,2950.4006679163926,2952.3552093195044,2918.3083232724543,2924.035888671875,2273810,24.0,0.0,-0.15770790040387353,2933.80908203125,34.046886047050066,-1.7997585044127333,0.0832655347937641
2023-06-16 00:00:00+05:30,2906.490065201059,2908.671889511213,2869.2157165388,2886.398193359375,4156189,0.0,0.0,-0.5678220710872903,2924.035888671875,54.820172133075175,-1.5981433451433016,0.048333784649241575
2023-06-19 00:00:00+05:30,2900.1259479423184,2922.7632059010452,2886.4889920742507,2918.672119140625,1468186,0.0,0.0,-0.17667691774915054,2886.398193359375,36.36501254167024,-1.7058372863443507,0.13900970956531994
2023-06-20 00:00:00+05:30,2921.9451044006205,2938.7640167937166,2910.171910116586,2934.400146484375,1528452,0.0,0.0,0.004245677987387361,2918.672119140625,28.592106677130687,-1.8370627022045465,0.094622378735651
2023-06-21 00:00:00+05:30,2954.673593600641,2965.0375906543964,2930.9907039438817,2962.12841796875,1645987,0.0,0.0,0.31075352285607255,2934.400146484375,34.04688671051463,-1.949367570275581,0.041533721372446646
2023-06-22 00:00:00+05:30,2963.7648075039565,2970.719565585934,2936.5819000456095,2944.218505859375,1529603,0.0,0.0,0.09912038762903304,2962.12841796875,34.13766554032463,-1.9537887754562027,0.060186440972560554
2023-06-23 00:00:00+05:30,2943.128516947668,2954.1288639638847,2917.536357547921,2924.082275390625,1119505,0.0,0.0,-0.13397777636902813,2944.218505859375,36.592506415963726,-1.930210437940475,0.17705709243910941
2023-06-26 00:00:00+05:30,2913.762857251765,2921.8540288219324,2884.670685198081,2899.8076171875,1978803,0.0,0.0,-0.4084090089351793,2924.082275390625,39.41159019254383,-1.8713580257668434,0.20615764484213567
2023-06-27 00:00:00+05:30,2911.035472947951,2917.9902315635795,2893.1256488765357,2906.80810546875,863542,0.0,0.0,-0.31438127469870514,2899.8076171875,24.86458268704382,-2.005349464933758,0.18194620913469256
2023-06-28 00:00:00+05:30,2916.4899632002866,2937.354458913725,2903.2165722164345,2923.262939453125,1575872,0.0,0.0,-0.10645941879619712,2906.80810546875,34.13788669729047,-2.0748982849487634,0.09753204281427325
2023-06-30 00:00:00+05:30,2927.39956983638,3009.221296943608,2922.035789841607,3002.175537109375,2672406,0.0,0.0,0.7021474129230274,2923.262939453125,87.18550710200134,-1.8401816171577112,0.004954149189409963
2023-07-03 00:00:00+05:30,3013.130987303054,3017.2220741820643,2971.720052392161,2974.947509765625,1687264,0.0,0.0,0.39884545188643833,3002.175537109375,45.50202178990321,-1.7348670700462276,0.015487062796178624
2023-07-04 00:00:00+05:30,2991.0388296361334,3013.7670882199945,2979.4929186666623,3008.176025390625,1656681,0.0,0.0,0.7087759012211843,2974.947509765625,38.81957845436955,-1.8226906054637173,0.07440095983752149
2023-07-05 00:00:00+05:30,3018.31307903841,3026.495253047851,3004.676122356007,3018.267578125,1453008,0.0,0.0,0.7921819582215314,3008.176025390625,21.81913069184384,-1.9944617988453799,0.20297209009728556
2023-07-06 00:00:00+05:30,3006.085313308048,3025.9951812448,3001.9487253976645,3020.949462890625,1848238,0.0,0.0,0.8002346603533048,3018.267578125,24.04645584713535,-2.121884388789977,0.14150540578248932
2023-07-07 00:00:00+05:30,3001.9483663386086,3051.8595329506525,3001.9483663386086,3026.72216796875,1789326,0.0,0.0,0.8413042619243911,3020.949462890625,49.91116661204387,-2.0341190294850224,0.24400238983511485
2023-07-10 00:00:00+05:30,3022.6310315390187,3022.6310315390187,2968.492276589758,2974.62890625,1407431,0.0,0.0,0.23187252904678604,3026.72216796875,58.22989137899185,-1.7549934228551631,0.16976539366469964
2023-07-11 00:00:00+05:30,2995.58452074979,2995.58452074979,2964.4923069892843,2975.0380859375,1110172,0.0,0.0,0.23037995816966958,2974.62890625,31.09221376050573,-1.8280395706725134,0.10486960254265222
2023-07-12 00:00:00+05:30,2982.811557100714,2990.2663825284512,2954.7650154067746,2963.67431640625,1515240,0.0,0.0,0.10337702511269939,2975.0380859375,35.501367121676594,-1.831770426970205,0.08345572986011905
2023-07-13 00:00:00+05:30,2985.583996893055,3061.4508783669453,2975.356280703942,3036.995361328125,4585146,0.0,0.0,0.7775740552240135,2963.67431640625,97.77656196069529,-1.5194562636154416,0.2047266483083995
2023-07-14 00:00:00+05:30,3059.223400226424,3204.547964647963,3047.4047065554155,3195.274658203125,6306101,0.0,0.0,1.5662162592303126,3036.995361328125,167.552603319838,-0.9436376968695938,0.4156751146573599
2023-07-17 00:00:00+05:30,3191.047775615765,3227.3219906075915,3161.0919726546085,3174.41064453125,2743228,0.0,0.0,1.375169927102345,3195.274658203125,66.23001795298296,-0.7776802725470008,0.4530262772360343
2023-07-18 00:00:00+05:30,3160.137072859517,3203.775329331685,3150.136639084645,3179.092529296875,2600090,0.0,0.0,1.3718710846855637,3174.41064453125,53.638690247039904,-0.7618217557731127,0.4282102460674807
2023-07-19 00:00:00+05:30,3181.9561925165294,3197.2751275399046,3132.5448697161914,3154.727783203125,2405370,0.0,0.0,1.1554606210649923,3179.092529296875,64.73025782371315,-0.6029258238815899,0.3572126345788474
2023-07-20 00:00:00+05:30,3147.4816096060504,3170.9979886535184,3131.940584552698,3156.77880859375,1715404,9.0,0.0,1.1406246659207557,3154.727783203125,39.05740410082035,-0.6915289100451043,0.3292910285946046
2023-07-21 00:00:00+05:30,3102.772693816824,3130.8921637786366,3061.7554440058743,3070.186767578125,3770223,0.0,0.0,0.4395803333762104,3156.77880859375,95.02336458787568,-0.15986042388794441,0.19091834816624903
2023-07-24 00:00:00+05:30,3081.762606135278,3111.3405552900845,3073.6503948838067,3094.295654296875,1680132,0.0,0.0,0.5880559855117381,3070.186767578125,41.15378771195947,-0.2945491978354672,0.2564325700119905
2023-07-25 00:00:00+05:30,3096.8027636160755,3105.2797075197404,3081.033863241791,3098.306640625,1272980,0.0,0.0,0.600944019658642,3094.295654296875,24.245844277949345,-0.5059160429984969,0.3084626416067865
2023-07-26 00:00:00+05:30,3099.400300884362,3118.0859374639376,3085.408771798231,3088.416748046875,1066803,0.0,0.0,0.5154674591559961,3098.306640625,32.677165665706525,-0.6155158370992593,0.2809539007159165
2023-07-27 00:00:00+05:30,3094.4777574436316,3109.6996688694317,3085.454052221402,3096.255126953125,1701769,0.0,0.0,0.5588555040691364,3088.416748046875,24.24561664802968,-0.8349632216485829,0.271239590837717
2023-07-28 00:00:00+05:30,3085.4085459262187,3093.338502704607,3036.1878482954903,3058.42822265625,2599831,0.0,0.0,0.2593824563479794,3096.255126953125,60.06727865763469,-0.6404273892104904,0.09427329357732475
2023-07-31 00:00:00+05:30,3066.6320067687398,3123.3725393934046,3063.441776018759,3118.6328125,2743678,0.0,0.0,0.6669130214642643,3058.42822265625,64.94431673715462,-0.6647973759026579,0.2281897852274415
2023-08-01 00:00:00+05:30,3112.753983723864,3153.7712397319387,3112.753983723864,3146.52490234375,1956167,0.0,0.0,0.8436856905546403,3118.6328125,41.01725600807458,-0.8049100265293759,0.2215928665082437
2023-08-02 00:00:00+05:30,3130.9375831694133,3141.374149337502,3111.477311631999,3136.133056640625,1914899,0.0,0.0,0.7449876653785752,3146.52490234375,35.04759071175113,-0.8931463509531542,0.18869392801069682
2023-08-03 00:00:00+05:30,3117.3109079687597,3129.3882090010948,3069.913198256954,3099.035400390625,2026351,0.0,0.0,0.43914096793916624,3136.133056640625,66.21985838367118,-0.6448932081208009,0.11848181468620322
2023-08-04 00:00:00+05:30,3100.2203533858487,3163.7970883064404,3100.2203533858487,3138.776611328125,2248493,0.0,0.0,0.7116284938564112,3099.035400390625,64.7616879158154,-0.6201677021481166,0.16168942595718133
2023-08-07 00:00:00+05:30,3148.2563099923013,3179.292741496562,3136.680374620139,3175.6923828125,1853889,0.0,0.0,0.9545570897541051,3138.776611328125,42.61236687642304,-0.7765903227490916,0.29662151795059455
2023-08-08 00:00:00+05:30,3175.692662780692,3181.070391665635,3150.6721816427894,3163.43310546875,1634225,0.0,0.0,0.8353089501248467,3175.6923828125,30.398210022845433,-0.9038597433899189,0.2731568797362966
2023-08-09 00:00:00+05:30,3158.2370582327517,3160.1512856075137,3121.9141376043485,3156.049560546875,1794589,0.0,0.0,0.7563713481518509,3163.43310546875,41.518967864401475,-0.9427752259244391,0.2805469028432838
2023-08-10 00:00:00+05:30,3144.656039836463,3158.237218937404,3126.4717689822373,3137.455322265625,1096701,0.0,0.0,0.5866494218517304,3156.049560546875,31.765449955166787,-1.033386788105086,0.15921050187887303
2023-08-11 00:00:00+05:30,3133.8088225124093,3159.831808251447,3111.841719602854,3143.561767578125,1679974,0.0,0.0,0.6209843664758183,3137.455322265625,47.99008864859297,-1.0406776428442295,0.10800172137048829
2023-08-14 00:00:00+05:30,3136.1792226802268,3149.2136391229633,3109.1078793193715,3144.51953125,1190425,0.0,0.0,0.613417831279844,3143.561767578125,40.10575980359181,-1.1036524972743516,0.0651351391610966
2023-08-16 00:00:00+05:30,3144.6560351883286,3159.2399472355787,3131.1658720380547,3152.3125,1328445,0.0,0.0,0.6634708911193513,3144.51953125,28.074075197524053,-1.2891042774637322,0.05796288908205566
2023-08-17 00:00:00+05:30,3149.213505497685,3154.5002181176783,3111.112990794358,3131.667236328125,1843241,0.0,0.0,0.46398360245699055,3152.3125,43.387227323320076,-1.2515284961678192,0.05031749414020882
2023-08-18 00:00:00+05:30,3108.1962872876197,3108.1962872876197,3059.431330874163,3069.09326171875,2526749,0.0,0.0,-0.09425137486404052,3131.667236328125,72.235905453962,-0.8409726205650377,0.16900835818704232
2023-08-21 00:00:00+05:30,3076.293480989737,3107.967910164372,3073.558997895524,3100.584716796875,1375579,0.0,0.0,0.17110461600144863,3069.09326171875,38.874648445621915,-0.9979487750337237,0.06555193454809652
2023-08-22 00:00:00+05:30,3099.0813009996327,3109.1077405028673,3067.2246127209246,3082.81103515625,1222012,0.0,0.0,0.015853368932242647,3100.584716796875,41.883127781942676,-0.9896891071656014,0.025109142917840298
2023-08-23 00:00:00+05:30,3088.143265662933,3100.9041882483175,3077.2053320183186,3097.486083984375,1330046,0.0,0.0,0.1419248710332732,3082.81103515625,23.69885622999891,-1.2314323339570161,0.0017531313554923712
2023-08-24 00:00:00+05:30,3106.372799977861,3110.975891033685,3079.1192074418814,3087.9150390625,1152881,0.0,0.0,0.05376882559709289,3097.486083984375,31.85668359180363,-1.3232820895284083,0.0010726393452463287
2023-08-25 00:00:00+05:30,3076.294160820315,3086.1383466415105,3053.7346703076323,3082.03662109375,1158046,0.0,0.0,-0.0008171150440834484,3087.9150390625,34.180368754867686,-1.3968986190756594,0.030526672771407172
2023-08-28 00:00:00+05:30,3093.6119488049294,3093.6119488049294,3062.7123781054756,3076.794921875,1037485,0.0,0.0,-0.049509890648577574,3082.03662109375,30.89957069945376,-1.4977403003902603,0.042398911594070575
2023-08-29 00:00:00+05:30,3081.8084975473785,3089.556200731551,3067.178966440109,3077.342041015625,944517,0.0,0.0,-0.04306925768061207,3076.794921875,22.377234291442164,-1.6887282547746256,0.1105418956183116
2023-08-30 00:00:00+05:30,3097.258356216005,3106.464539813538,3083.6315577486384,3090.832275390625,1188200,0.0,0.0,0.08919488521893636,3077.342041015625,29.122498797913067,-1.8379119274948017,0.155077087487279
2023-08-31 00:00:00+05:30,3099.9928470608975,3114.941268101216,3047.7185475864435,3059.704833984375,3417652,0.0,0.0,-0.2184907606160542,3090.832275390625,67.22272051477239,-1.4996526651108841,0.2011987732048609
2023-09-01 00:00:00+05:30,3068.090387808054,3089.054760630272,3059.704683185733,3080.1220703125,1277950,0.0,0.0,-0.008595996201774777,3059.704833984375,29.350077444539238,-1.6748922842148193,0.052076464051852615
2023-09-04 00:00:00+05:30,3079.0283215980144,3129.023882322115,3071.7819850635196,3115.94384765625,1828332,0.0,0.0,0.3409171338647951,3080.1220703125,57.241897258595145,-1.6197186244828687,0.06355420520037756
2023-09-05 00:00:00+05:30,3117.310690729968,3141.9210382883625,3103.7749105597304,3125.833251953125,1501842,0.0,0.0,0.4298690596058505,3115.94384765625,38.14612772863211,-1.6833960634001632,0.1500705075588953
2023-09-06 00:00:00+05:30,3130.0721774776193,3139.0958842003674,3097.3496132666887,3126.3349609375,1314818,0.0,0.0,0.42430953211026123,3125.833251953125,41.746270933678716,-1.6838745346476531,0.1157578952500518
2023-09-07 00:00:00+05:30,3127.155409983017,3153.771005173287,3119.4077066466084,3149.44140625,1885092,0.0,0.0,0.6454018837029779,3126.3349609375,34.36329852667859,-1.8112691062185673,0.019655229255334986
2023-09-08 00:00:00+05:30,3149.441490267216,3158.328561978411,3131.029345177259,3137.27294921875,1518917,0.0,0.0,0.4988683963727772,3149.44140625,27.299216801151942,-1.9089820067068113,0.0005530183177138356
2023-09-11 00:00:00+05:30,3155.5934925384777,3177.1958644886363,3140.0980883290167,3172.5927734375,1783604,0.0,0.0,0.8366841247778536,3137.27294921875,39.92291526988629,-1.996484003160237,0.0808683464054999
2023-09-12 00:00:00+05:30,3182.938880368982,3272.174105327243,3174.7354296463814,3263.879638671875,4476016,0.0,0.0,1.4848385708720988,3172.5927734375,99.58133188974307,-1.6643317659529013,0.2656460635237161
2023-09-13 00:00:00+05:30,3255.0380406666054,3271.2170677568156,3231.247945622234,3252.07568359375,1754929,0.0,0.0,1.3331343131220343,3263.879638671875,39.96912213458154,-1.6608165091608296,0.2200669523126337
2023-09-14 00:00:00+05:30,3254.0807646975677,3279.2834969091505,3231.794770182642,3244.9658203125,2604721,0.0,0.0,1.2307806965081698,3252.07568359375,47.4887267265085,-1.5991375752632782,0.25761642453132366
2023-09-15 00:00:00+05:30,3252.0760887002252,3288.080125301439,3247.153884354014,3279.8310546875,2952897,0.0,0.0,1.495561548213384,3244.9658203125,43.114304988938784,-1.6838270941262432,0.511391616130737
2023-09-18 00:00:00+05:30,3263.195724267092,3298.971881144957,3258.820506435336,3286.985595703125,1395753,0.0,0.0,1.5243908105529087,3279.8310546875,40.151374709620995,-1.7246155457525891,0.4807243814474533
2023-09-20 00:00:00+05:30,3263.1500568604156,3304.167306178493,3263.1500568604156,3286.89453125,1649396,0.0,0.0,1.483684693777377,3286.985595703125,41.017249318077575,-1.7415421282247614,0.5514765839202637
2023-09-21 00:00:00+05:30,3270.943558229628,3285.937597907689,3215.752523000923,3267.981201171875,2004073,0.0,0.0,1.2437518544056916,3286.89453125,71.14200824907721,-1.4419116096478866,0.4554970270474759
2023-09-22 00:00:00+05:30,3266.7962535271386,3312.143104423616,3249.523477440977,3284.70703125,1989083,0.0,0.0,1.372765025927129,3267.981201171875,62.61962698263915,-1.3230544458880116,0.5158909464678181
2023-09-25 00:00:00+05:30,3283.658965024994,3299.6101189147753,3243.6898418366063,3260.552490234375,1238778,0.0,0.0,1.0720586873214812,3284.70703125,55.920277078168965,-1.1717931320482806,0.44658377923449344
2023-09-26 00:00:00+05:30,3251.847543695411,3276.7767822705646,3223.0442313478416,3268.345458984375,1726062,0.0,0.0,1.1235962050468087,3260.552490234375,53.73255092272302,-1.123397507887989,0.4761529363000077
2023-09-27 00:00:00+05:30,3272.2654430863545,3294.141312343756,3241.0011354327476,3271.62744140625,1541134,0.0,0.0,1.1294032433363694,3268.345458984375,53.14017691100844,-1.0723077055119286,0.4796901456503512
2023-09-28 00:00:00+05:30,3281.380300372871,3283.932529557507,3215.160311935428,3223.728271484375,1755753,0.0,0.0,0.5515843453819718,3271.62744140625,68.7722176220791,-0.7638372140253444,0.302427007542591
2023-09-29 00:00:00+05:30,3224.138279675587,3252.6224826131343,3195.289567953573,3216.299560546875,2243791,0.0,0.0,0.4611125155693609,3223.728271484375,57.332914659561084,-0.6642814822767886,0.3766714704006596
2023-10-03 00:00:00+05:30,3221.404005246326,3221.404005246326,3172.0922834404655,3202.855224609375,1948148,0.0,0.0,0.3072680179664859,3216.299560546875,49.31172180586054,-0.6205199021307019,0.30025724475162774
2023-10-04 00:00:00+05:30,3177.7433011944777,3233.982467007632,3169.5398507426544,3224.6396484375,1788138,0.0,0.0,0.5250196788290916,3202.855224609375,64.44261626497746,-0.5404765948289622,0.2753725915150076
2023-10-05 00:00:00+05:30,3239.4511904452584,3303.2558002739493,3236.8989615455466,3271.672607421875,2990768,0.0,0.0,0.9604471168478786,3224.6396484375,78.61615183644926,-0.41587659477753,0.33769568392989185
2023-10-06 00:00:00+05:30,3273.176643439127,3313.2367809094894,3258.638351141779,3300.885986328125,2075691,0.0,0.0,1.2167252046049382,3271.672607421875,54.59842976771051,-0.45651958951080485,0.3789826490688975
2023-10-09 00:00:00+05:30,3322.4429058385053,3353.388098061812,3309.636364246382,3316.3359375,4233074,0.0,0.0,1.342044501471225,3300.885986328125,52.50211173368689,-0.48048840159891265,0.36848454531831654
2023-10-10 00:00:00+05:30,3317.885464751515,3325.13180122624,3282.610673537835,3307.72216796875,1848148,0.0,0.0,1.2110847487177556,3316.3359375,42.52112768840516,-0.5264328535025442,0.3793098577316384
2023-10-11 00:00:00+05:30,3326.9545791162677,3326.9545791162677,3285.9373308805875,3290.403564453125,2426417,0.0,0.0,0.9806002185307215,3307.72216796875,41.0172482356802,-0.5595857595812133,0.273111310207355
2023-10-12 00:00:00+05:30,3258.592598284596,3271.0344082830998,3224.9585427168286,3229.0146484375,4241281,0.0,0.0,0.25207255153074626,3290.403564453125,65.44502173629644,-0.26199175348023923,0.08684386081095298
2023-10-13 00:00:00+05:30,3217.57493845634,3260.4151713479687,3213.0174668721243,3254.8095703125,2890357,0.0,0.0,0.4980502980473827,3229.0146484375,47.39770447584442,-0.3571822655599282,0.006580408739873469
2023-10-16 00:00:00+05:30,3250.3892477395666,3258.2735858136334,3207.6402465342494,3212.152099609375,1671104,0.0,0.0,0.048271958315400904,3254.8095703125,50.63333927938402,-0.23653070873601084,0.07275671093437469
2023-10-17 00:00:00+05:30,3217.5752462064243,3221.3578589700005,3193.2840093522973,3196.656494140625,1672065,0.0,0.0,-0.10771896069664035,3212.152099609375,28.073849617703218,-0.38964893486271485,0.19269585736966927
2023-10-18 00:00:00+05:30,3200.2571247966926,3210.9215657245095,3175.6467737942685,3178.609130859375,1408245,0.0,0.0,-0.28821069413761025,3196.656494140625,35.27479193024101,-0.4651890101223195,0.24490235021516055
2023-10-19 00:00:00+05:30,3170.6127629599455,3177.3296712861907,3154.5288620352453,3157.955810546875,1514545,9.0,0.0,-0.49325917420284876,3178.609130859375,24.08026882412969,-0.6356171781414678,0.2784303016148581
2023-10-20 00:00:00+05:30,3153.1578999999892,3198.028165823499,3147.355068054905,3193.504638671875,1481211,0.0,0.0,-0.09858318222576393,3157.955810546875,50.673097768593834,-0.7061429177577971,0.15524778596227307
2023-10-23 00:00:00+05:30,3173.810985687688,3179.248365587948,3108.2877801873806,3116.375244140625,1106272,0.0,0.0,-0.7907873984989809,3193.504638671875,85.21685848449442,-0.11959784628979073,0.3116501497259732
2023-10-25 00:00:00+05:30,3098.418186283159,3129.946110609001,3086.2638983706042,3098.052734375,1518537,0.0,0.0,-0.9418839121903676,3116.375244140625,43.682212238396914,-0.11553566133990344,0.3041366021365446
2023-10-26 00:00:00+05:30,3077.9024700555783,3083.065649974906,3043.1303207181386,3049.298828125,1984471,0.0,0.0,-1.3375631841354292,3098.052734375,54.92241365686141,0.09174841965910538,0.38077880100820666
2023-10-27 00:00:00+05:30,3061.407274974717,3072.3735099895516,3049.5271870419792,3062.275390625,1108851,0.0,0.0,-1.1676602736319384,3049.298828125,23.07468186455162,-0.20039032337581278,0.35789483349555
2023-10-30 00:00:00+05:30,3061.407257455826,3091.427414880595,3046.5571476248833,3087.497802734375,910972,0.0,0.0,-0.8713304567499871,3062.275390625,44.8702672557115,-0.3086680999099848,0.24228340384735625
2023-10-31 00:00:00+05:30,3106.1860427295915,3106.1860427295915,3061.4529873832034,3078.5419921875,999811,0.0,0.0,-0.937144018577989,3087.497802734375,44.73305534638803,-0.3112305938566185,0.2443357266547239
2023-11-01 00:00:00+05:30,3065.976774735599,3081.146823579833,3025.7672432636564,3043.724365234375,1563475,0.0,0.0,-1.2377425944190463,3078.5419921875,55.37958031617654,-0.12630818539104843,0.2719359436068769
2023-11-02 00:00:00+05:30,3055.193202126613,3085.1218868690776,3055.193202126613,3070.637451171875,1245384,0.0,0.0,-0.9087508591784432,3043.724365234375,41.39752163470257,-0.2775901393424405,0.260885191457859
2023-11-03 00:00:00+05:30,3090.6508984949387,3096.042542043059,3056.198684431494,3062.22998046875,1402598,0.0,0.0,-0.9708388762379238,3070.637451171875,39.843857611565,-0.33072425158371754,0.3796445079734565
2023-11-06 00:00:00+05:30,3084.2537855610026,3100.063486624272,3069.6321379850096,3089.051513671875,1099852,0.0,0.0,-0.6530124899908077,3062.22998046875,37.83350615552217,-0.5102960334527481,0.38565208579271504
2023-11-07 00:00:00+05:30,3086.99533768145,3110.8925036423684,3076.0291020236123,3080.095703125,1191144,0.0,0.0,-0.7283257790804178,3089.051513671875,34.86340161875614,-0.6041495393909182,0.43522926404496404
2023-11-08 00:00:00+05:30,3081.009254460664,3108.8817673622384,3079.273023228274,3090.2392578125,992899,0.0,0.0,-0.6004468927767691,3080.095703125,29.608744133964592,-0.8066634280571968,0.3995462769683982
2023-11-09 00:00:00+05:30,3098.053359598878,3099.332664644226,3054.142675279032,3059.077392578125,2112352,0.0,0.0,-0.9006968826489541,3090.2392578125,45.189989365193924,-0.7100576092803069,0.41443827812808365
2023-11-10 00:00:00+05:30,3050.441278848814,3059.0771449775716,3036.139568807074,3046.283203125,1338557,0.0,0.0,-1.0154093396987978,3059.077392578125,22.93782377105117,-0.905573845726587,0.3585970184149957
2023-11-13 00:00:00+05:30,3066.890781193562,3066.890781193562,3040.389043215429,3044.547119140625,1030990,0.0,0.0,-1.009455088619772,3046.283203125,26.50173797813295,-1.0882785860008868,0.43307149965278247
2023-11-15 00:00:00+05:30,3091.6561463483945,3118.9802615645867,3066.9363782941077,3111.02978515625,2059802,0.0,0.0,-0.20185228827971036,3044.547119140625,74.43314242396173,-0.9563873621187232,0.19853613292718292
2023-11-16 00:00:00+05:30,3134.5614749653105,3225.307120972767,3120.076815913559,3196.520751953125,3951984,0.0,0.0,0.5525323455360351,3111.02978515625,114.27733581651682,-0.5068896962753607,0.00023430691508818536
2023-11-17 00:00:00+05:30,3196.5207753389523,3220.8748683172735,3191.6773098626118,3200.724365234375,2021292,0.0,0.0,0.5747233393145681,3196.520751953125,29.197558454661703,-0.7076554989538989,0.039108007246189104
2023-11-20 00:00:00+05:30,3190.4893941274177,3229.4651366518156,3190.4893941274177,3216.397216796875,1475621,0.0,0.0,0.6951166348637576,3200.724365234375,38.9757425243979,-0.8364380786498955,0.1042645606075653
2023-11-21 00:00:00+05:30,3216.396747586853,3234.1711418231757,3199.398994448308,3207.806396484375,1807236,0.0,0.0,0.5996317520682658,3216.397216796875,34.77214737486793,-0.9315677319395647,0.02680476903422298
2023-11-22 00:00:00+05:30,3198.485265113703,3228.3224741290987,3181.2135339255397,3226.037841796875,1798051,0.0,0.0,0.7470224712405512,3207.806396484375,47.10894020355909,-0.9742099014806838,0.23103653662766835
2023-11-23 00:00:00+05:30,3225.9009601530765,3238.694901638103,3198.485371256592,3206.024658203125,2729804,0.0,0.0,0.5363322604300078,3226.037841796875,40.209530381511286,-0.9736224173169172,0.2266672680334435
2023-11-24 00:00:00+05:30,3193.230799217134,3202.643529603171,3155.5343635105573,3159.28125,1989733,0.0,0.0,0.07533097491644344,3206.024658203125,50.49029469256766,-0.7851852283491146,0.23186657305973207
2023-11-28 00:00:00+05:30,3159.2809411434473,3181.350399374295,3137.25699707058,3171.20654296875,1689195,0.0,0.0,0.18367765639181957,3159.28125,44.093402303715266,-0.8402289648259168,0.23016037594721883
2023-11-29 00:00:00+05:30,3181.12233920591,3214.9349006970383,3176.370348158616,3211.051025390625,1441634,0.0,0.0,0.5366571530735736,3171.20654296875,43.7283577282883,-0.9794423355903122,0.25323173520437214
2023-11-30 00:00:00+05:30,3197.9823428265554,3213.7005673797357,3181.121802199618,3187.1533203125,3266235,0.0,0.0,0.2960137933879975,3211.051025390625,32.5787651801179,-1.0423898721193647,0.21599251139991765
2023-12-01 00:00:00+05:30,3198.4852942750963,3213.9750570070746,3189.3925021316686,3209.131591796875,1172141,0.0,0.0,0.49115884359263673,3187.1533203125,26.82173669457461,-1.2942112927893095,0.33756005010278645
2023-12-04 00:00:00+05:30,3239.288567355795,3242.1673378334053,3196.657419148335,3209.862548828125,1625213,0.0,0.0,0.4859606283605653,3209.131591796875,45.50991868507026,-1.2770926615267144,0.3001665410415237
2023-12-05 00:00:00+05:30,3233.2116065096975,3233.2116065096975,3201.044028590681,3227.363037109375,1377656,0.0,0.0,0.6411099726265701,3209.862548828125,32.16757791901637,-1.4488458969898341,0.3491781689628239
2023-12-06 00:00:00+05:30,3228.276947197519,3301.613644771774,3221.468564387526,3293.617431640625,1896572,0.0,0.0,1.168686924112573,3227.363037109375,80.1450803842481,-1.2533546649441631,0.39926827199544074
2023-12-07 00:00:00+05:30,3294.4397617823906,3317.788748405097,3282.2854733793333,3303.48681640625,1967653,0.0,0.0,1.2294580886009918,3293.617431640625,35.50327502576374,-1.37588513613348,0.43523490060580233
2023-12-08 00:00:00+05:30,3320.027826121142,3330.9940617152665,3291.74412143969,3314.2705078125,1641155,0.0,0.0,1.299021856547549,3303.48681640625,39.24994027557659,-1.4564471520050617,0.4359383892695246
2023-12-11 00:00:00+05:30,3310.797405863893,3338.304465932567,3303.5780575817766,3329.074462890625,1102503,0.0,0.0,1.4056728338188447,3314.2705078125,34.72640835079028,-1.5893842535138836,0.5426554842204641
2023-12-12 00:00:00+05:30,3325.4651621953826,3379.7936756866497,3318.2000758331174,3355.759521484375,2236866,0.0,0.0,1.6149219223181248,3329.074462890625,61.593599853532396,-1.4746482557651361,0.6051092845178158
2023-12-13 00:00:00+05:30,3329.6689659326335,3335.5632728478577,3256.058066070388,3283.976318359375,3850968,0.0,0.0,0.7543454812135978,3355.759521484375,99.70145541398688,-0.7361767827946355,0.411754135376859
2023-12-14 00:00:00+05:30,3317.286368548256,3361.151312264597,3315.093210605896,3351.327392578125,3290396,0.0,0.0,1.2393024960221688,3283.976318359375,77.17499390522198,-0.6438288123426014,0.4126313291742879
2023-12-15 00:00:00+05:30,3350.824558139156,3560.3253463636993,3350.824558139156,3528.38623046875,8531230,0.0,0.0,1.8971892354495143,3351.327392578125,209.50078822454316,0.26106971779539306,0.4924389170351237
2023-12-18 00:00:00+05:30,3525.7356184295736,3590.5276934688904,3500.1932538820056,3526.74072265625,2521612,0.0,0.0,1.835742330752249,3528.38623046875,90.33443958688486,0.5252676243390278,0.48560296766399735
2023-12-19 00:00:00+05:30,3513.7643200390503,3522.9943233611416,3463.502411689987,3487.4453125,2004435,0.0,0.0,1.5147405394532807,3526.74072265625,63.238310966262816,0.6594984971220917,0.39000479508477465
2023-12-20 00:00:00+05:30,3497.543727025331,3562.929950670811,3442.0728971992326,3454.409912109375,2586083,0.0,0.0,1.2538229401170389,3487.4453125,120.85705347157864,1.2085557985936357,0.3427756983022204
2023-12-21 00:00:00+05:30,3432.660113142662,3478.763949441548,3420.871499435154,3461.218017578125,1517562,0.0,0.0,1.264337537726234,3454.409912109375,57.89245000639403,1.156920085391406,0.33217172413793106
2023-12-22 00:00:00+05:30,3472.6415019653828,3514.6330039266295,3437.915086945729,3494.573974609375,2413058,0.0,0.0,1.4334824758237217,3461.218017578125,76.71791698090055,1.1756261310645986,0.40001259031520464
2023-12-26 00:00:00+05:30,3490.7808875582864,3503.711816102494,3463.6392795100446,3468.57421875,1285231,0.0,0.0,1.216086191237569,3494.573974609375,40.072536592449524,1.0778340368256016,0.44146432745603525
2023-12-27 00:00:00+05:30,3471.727259647645,3489.2731911736523,3443.3978189924524,3482.876220703125,1293976,0.0,0.0,1.27772267717056,3468.57421875,45.875372181199964,0.9219378276520124,0.4433526740271742
2023-12-28 00:00:00+05:30,3494.5735047759663,3507.367445431527,3465.421686382815,3472.549560546875,1682889,0.0,0.0,1.1730365875178759,3482.876220703125,41.94575904871181,0.8059658834456643,0.3882877605205117
2023-12-29 00:00:00+05:30,3465.3303142807017,3493.2943032121766,3441.0217370731516,3466.609619140625,1574996,0.0,0.0,1.1013414425955552,3472.549560546875,52.272566139025,0.7640321085985846,0.426320158840296
2024-01-01 00:00:00+05:30,3463.5022836894645,3501.884103192092,3447.966785319353,3482.78466796875,825907,0.0,0.0,1.1845829567161132,3466.609619140625,53.91731787273875,0.6779604851099813,0.4211959983330772
2024-01-02 00:00:00+05:30,3482.785206409597,3482.785206409597,3442.7126637044803,3457.28857421875,1344068,0.0,0.0,0.9615502938821915,3482.78466796875,40.072542705116575,0.595457593938156,0.36684513193773033
2024-01-03 00:00:00+05:30,3442.4842348014154,3446.9165110740164,3369.421732416939,3373.716796875,1803075,0.0,0.0,0.3007883170951658,3457.28857421875,87.866841801811,1.0497865578526955,0.1976307975222673
2024-01-04 00:00:00+05:30,3382.8548848897744,3398.6188470061647,3336.4768514169155,3350.915771484375,3598144,0.0,0.0,0.13599635358671802,3373.716796875,62.14199558924929,1.1253377618748464,0.08219672241383658
2024-01-05 00:00:00+05:30,3358.409607550091,3424.8924099852666,3358.2726188503784,3415.890869140625,1963127,0.0,0.0,0.5566029333578206,3350.915771484375,73.97663850089157,1.051209256147884,0.1494350021178292
2024-01-08 00:00:00+05:30,3415.890793989658,3417.5815111616193,3356.0334267910252,3361.42529296875,1067805,0.0,0.0,0.1673471641622917,3415.890869140625,61.5480843705941,1.19914275119724,0.05924894766904322
2024-01-09 00:00:00+05:30,3390.3484295340677,3429.0959253055153,3365.491675951761,3372.025634765625,1370944,0.0,0.0,0.23434722869456903,3361.42529296875,67.67063233676527,1.2157864359605235,0.05425375490950717
2024-01-10 00:00:00+05:30,3372.1172861265227,3407.9860133570014,3370.2895802803837,3393.181640625,1292227,0.0,0.0,0.3721127241041053,3372.025634765625,37.69643307661772,0.9764977136923543,0.04760218891622808
2024-01-11 00:00:00+05:30,3403.188362082459,3447.9671563203865,3387.6528620407294,3413.743408203125,1777909,0.0,0.0,0.5041496376013009,3393.181640625,60.31429427965713,0.9201233696140638,0.17657274939722375
2024-01-12 00:00:00+05:30,3516.505979741258,3568.824058571868,3492.3803522837784,3548.30810546875,6813450,0.0,0.0,1.2002351501376283,3413.743408203125,155.08065036874314,1.2622094241432196,0.24557052178557895
2024-01-15 00:00:00+05:30,3618.85751219593,3623.4267767315314,3550.3185441619166,3567.4990234375,2801505,0.0,0.0,1.2822653542919582,3548.30810546875,75.11867126278139,1.2849591287380915,0.06070897238944143
2024-01-16 00:00:00+05:30,3563.1128581170137,3563.1128581170137,3523.4059897648553,3528.66064453125,1432672,0.0,0.0,0.9946901794610683,3567.4990234375,44.09303367264465,1.2385496149318764,0.0028173656341580504
2024-01-17 00:00:00+05:30,3490.0045245140536,3573.1194082779125,3484.1102174250937,3549.953369140625,3458696,0.0,0.0,1.0974495923155032,3528.66064453125,89.00919085281885,1.3603953394504076,0.09421564727558683
2024-01-18 00:00:00+05:30,3562.1990189583394,3572.068676049219,3529.3003107278364,3566.40283203125,2239110,0.0,0.0,1.1712281599065106,3549.953369140625,42.76836532138259,1.1596531814846824,0.17313013169987
2024-01-19 00:00:00+05:30,3630.2658185854475,3647.3359347309056,3602.705290319906,3628.471435546875,2941975,27.0,0.0,1.4905995014034155,3566.40283203125,80.93310269965559,1.1209578059866967,0.23820799657293706
2024-01-23 00:00:00+05:30,3588.8559304230384,3620.051280568456,3536.173365803367,3550.436767578125,2618854,0.0,0.0,0.8968017692417539,3628.471435546875,92.29806974350822,1.504701531349669,0.07480182651745575
2024-01-24 00:00:00+05:30,3570.4516563375996,3573.8103676439687,3501.9874154730123,3535.29931640625,2657709,0.0,0.0,0.7795867175991223,3550.436767578125,71.82295217095634,1.5735930054170542,0.09066547595510151
2024-01-25 00:00:00+05:30,3533.550617096936,3552.9673375818998,3477.2332310375527,3506.312255859375,2205154,0.0,0.0,0.573649523591582,3535.29931640625,75.73410654434701,1.6984254405466837,0.03122168325313846
2024-01-29 00:00:00+05:30,3497.570151432114,3515.2383200453005,3479.211818227295,3497.754150390625,1646747,0.0,0.0,0.5045264294002754,3506.312255859375,36.02650181800527,1.498484536578511,0.03365706554517743
2024-01-30 00:00:00+05:30,3503.6897568365657,3540.8207042314343,3484.871312637016,3497.34033203125,1411621,0.0,0.0,0.4892910624797688,3497.754150390625,55.9493915944181,1.4236951788831542,0.04134147202611739
2024-01-31 00:00:00+05:30,3507.140188249078,3528.1212358360913,3493.566951882729,3511.51123046875,2459358,0.0,0.0,0.5704402735868628,3497.34033203125,34.5542839533623,1.1674436726163495,0.03874979993453002
2024-02-01 00:00:00+05:30,3515.238654965433,3593.3652043166217,3501.4814177274175,3546.6640625,2363107,0.0,0.0,0.7848047190830268,3511.51123046875,91.88378658920419,1.266897335072779,0.1190100323140641
2024-02-02 00:00:00+05:30,3565.896430136547,3666.522292350957,3563.089715877142,3649.866455078125,2826510,0.0,0.0,1.3232938485071646,3546.6640625,119.85822985095683,1.3690151476144121,0.3583465311058218
2024-02-05 00:00:00+05:30,3665.233944757109,3701.1225020871434,3646.001448771063,3656.307861328125,1691523,0.0,0.0,1.3299845206910732,3649.866455078125,55.12105331608018,1.260998421133923,0.4048884950046254
2024-02-06 00:00:00+05:30,3678.1173222023467,3818.818793148955,3671.675785736143,3806.02783203125,4474396,0.0,0.0,1.899303321100078,3656.307861328125,162.51093182083014,1.5021465641074225,0.4649984155727232
2024-02-07 00:00:00+05:30,3821.670890609285,3823.5113292756027,3748.927507390482,3757.62353515625,2124267,0.0,0.0,1.5464702021882495,3806.02783203125,74.58382188512087,1.6211506906617206,0.47565909068260065
2024-02-08 00:00:00+05:30,3763.697287955064,3826.272206190014,3760.0624663137096,3804.279052734375,2345173,0.0,0.0,1.7434557762008922,3757.62353515625,68.648671033764,1.4826674604017935,0.4974141912689342
2024-02-09 00:00:00+05:30,3806.533642964029,3850.888400846203,3772.8998012950433,3803.911376953125,2100596,0.0,0.0,1.6950585646721323,3804.279052734375,77.9885995511595,1.510444834845028,0.48422967758202495
2024-02-12 00:00:00+05:30,3800.5063475256047,3827.7449332471438,3778.006802130109,3791.948486328125,1013716,0.0,0.0,1.5783801300506646,3803.911376953125,49.738131117034754,1.3918569070865898,0.4504512572919677
2024-02-13 00:00:00+05:30,3796.3195851121786,3837.3151826933213,3755.875759751269,3818.45068359375,1257415,0.0,0.0,1.6858947217514872,3791.948486328125,81.43942294205226,1.385285812772994,0.36927360989763164
2024-02-14 00:00:00+05:30,3779.3416123963243,3786.611256823303,3726.4289893837145,3772.9921875,1391283,0.0,0.0,1.3431105282234423,3818.45068359375,92.02169421003555,1.5980725434062504,0.2711639657657507
2024-02-15 00:00:00+05:30,3798.6657441778602,3815.505579737829,3757.255870513131,3775.844482421875,1091582,0.0,0.0,1.3255269602392272,3772.9921875,58.24970922469811,1.4933195161094808,0.34243920521594373
2024-02-16 00:00:00+05:30,3785.0930143565315,3817.024812052794,3772.99221729805,3798.942138671875,1307556,0.0,0.0,1.4269906569878386,3775.844482421875,44.03259475474397,1.2632216845685518,0.34407932470091296
2024-02-19 00:00:00+05:30,3794.110954472966,3798.942107006786,3731.49019516973,3776.396728515625,772291,0.0,0.0,1.2426190884578012,3798.942138671875,67.45194350214479,1.28540315935513,0.28776787067466625
2024-02-20 00:00:00+05:30,3756.4282382838423,3771.059638965151,3690.0803202172415,3709.082763671875,1193648,0.0,0.0,0.7534822395082974,3776.396728515625,86.31640829838352,1.5223101572958246,0.10967840944648584
2024-02-21 00:00:00+05:30,3692.840871691211,3739.174013609637,3663.0258496095253,3673.05615234375,1885939,0.0,0.0,0.5070544563689358,3709.082763671875,76.14816400011159,1.6195671551484803,0.17694736734557986
2024-02-22 00:00:00+05:30,3654.191483338692,3768.252640712782,3654.191483338692,3761.029052734375,2982052,0.0,0.0,0.9699665344321137,3673.05615234375,114.06115737409027,1.6522706497820132,0.2947608395077314
2024-02-23 00:00:00+05:30,3800.5062936958448,3800.5062936958448,3723.5758585151752,3728.8212890625,2538072,0.0,0.0,0.7475005256900568,3761.029052734375,76.93043518066952,1.7259712379549246,0.28933835142629927
2024-02-26 00:00:00+05:30,3714.0061108225923,3726.889184546952,3665.0044196924378,3681.844482421875,1379284,0.0,0.0,0.43768277733387967,3728.8212890625,63.81686937006225,1.7576673813404682,0.22799094608347964
2024-02-27 00:00:00+05:30,3679.9574496143205,3794.984876771557,3679.9574496143205,3776.948486328125,2960475,0.0,0.0,0.9254532582929946,3681.844482421875,115.02742715723662,1.7614983320547246,0.3099401404381799
2024-02-28 00:00:00+05:30,3768.850434938022,3823.4192623037893,3762.776897402796,3790.337646484375,1939225,0.0,0.0,0.9773599253102359,3776.948486328125,60.64236490099347,1.6365573493846892,0.3093416563130511
2024-02-29 00:00:00+05:30,3771.97987960793,3807.9605533454464,3740.2783615123485,3768.39111328125,3772719,0.0,0.0,0.8208642124255741,3790.337646484375,67.68219183309793,1.6319164246084026,0.24965103052513926
2024-03-01 00:00:00+05:30,3779.525838576427,3809.7088594718166,3760.7532253406666,3767.700927734375,2043265,0.0,0.0,0.7961406280315994,3768.39111328125,48.955634131149964,1.4812980146075039,0.14998614030486357
2024-03-04 00:00:00+05:30,3777.5010270993284,3789.371768720034,3750.722549928762,3755.1396484375,1749271,0.0,0.0,0.6985343481840885,3767.700927734375,38.64921879127223,1.3058244808873873,0.12482612716313843
2024-03-05 00:00:00+05:30,3737.931557869195,3739.7719968440197,3662.4735599013775,3692.0126953125,2070859,0.0,0.0,0.27660835501366027,3755.1396484375,92.66608853612252,1.553157673214632,0.16168630766535588
2024-03-06 00:00:00+05:30,3675.4026769184316,3747.1337408010263,3642.642773405773,3740.048095703125,1744204,0.0,0.0,0.5526717280130143,3692.0126953125,104.49096739525339,1.6165273842598527,0.024936998477571456
2024-03-07 00:00:00+05:30,3740.6923043829674,3794.985255418292,3715.5702668526733,3780.81396484375,2688905,0.0,0.0,0.7773356629274973,3740.048095703125,79.41498856561884,1.5499535620413143,0.03357411907803477
2024-03-11 00:00:00+05:30,3762.777145723229,3821.671187622541,3762.777145723229,3793.466552734375,2304068,0.0,0.0,0.8351580436116627,3780.81396484375,58.894041899312015,1.4346327543003208,0.014686426161076268
2024-03-12 00:00:00+05:30,3793.4675087521005,3892.4832315141252,3792.27095362894,3857.790771484375,4039801,0.0,0.0,1.1764876952998227,3793.466552734375,100.21227788518536,1.4371873044072345,0.08623175940415066
2024-03-13 00:00:00+05:30,3869.5230148878118,3902.650917036673,3802.2548792703546,3817.99072265625,2837260,0.0,0.0,0.8827802432974451,3857.790771484375,100.39603776631839,1.6434446688481337,0.0005920860347520561
2024-03-14 00:00:00+05:30,3822.085732966261,3887.927256237985,3760.016750056428,3871.91552734375,2919608,0.0,0.0,1.1686702169743772,3817.99072265625,127.91050618155714,1.7833568866575635,0.12596653410631192
2024-03-15 00:00:00+05:30,3858.1122273965675,3900.8103208022567,3843.7567138454883,3882.635986328125,3373143,0.0,0.0,1.2054758824046383,3871.91552734375,57.05360695676836,1.6420547246638169,0.13463671743704592
2024-03-18 00:00:00+05:30,3878.9551986813763,3915.303868475081,3789.3259103717037,3821.21142578125,1526904,0.0,0.0,0.7504341170127766,3882.635986328125,125.9779581033772,1.9888805915844932,0.026781758397210927
2024-03-19 00:00:00+05:30,3728.0391998604628,3734.250681402964,3650.142710085243,3659.989013671875,8931209,0.0,0.0,-0.23513196824471633,3821.21142578125,171.06871569600708,2.7141313080520035,0.11998488128994203
2024-03-20 00:00:00+05:30,3667.994768950826,3697.441791681991,3644.2530619412323,3654.099365234375,1817913,0.0,0.0,-0.2607134299630728,3659.989013671875,53.188729740758845,2.55379943042256,0.0605036147102993
2024-03-21 00:00:00+05:30,3671.7214372024437,3688.607328281086,3633.026166760164,3655.985595703125,3829582,0.0,0.0,-0.24392193553558503,3654.099365234375,55.58116152092225,2.401145062540639,0.01951764308848886
2024-03-22 00:00:00+05:30,3586.095269718309,3623.824267937054,3547.4460520308135,3598.88623046875,5852485,0.0,0.0,-0.5475649400001477,3655.985595703125,108.53954367231154,2.6124207758769127,0.1921696600658624
2024-03-26 00:00:00+05:30,3565.850086322836,3631.8297707294355,3562.583262601489,3568.150634765625,3440925,0.0,0.0,-0.7062421712856088,3598.88623046875,69.24650812794653,2.585763019426794,0.19075769798110878
2024-03-27 00:00:00+05:30,3578.273237663649,3584.254663932085,3523.888179726998,3534.470703125,1968575,0.0,0.0,-0.8814974417071539,3568.150634765625,60.36648420508709,2.5339453923038833,0.17777740473491524
2024-03-28 00:00:00+05:30,3542.937169152786,3602.659324539871,3534.102972131641,3567.046875,4311783,0.0,0.0,-0.6547531274398589,3534.470703125,68.55635240822994,2.392276177701004,0.2738616002815838
2024-04-01 00:00:00+05:30,3586.7395487458493,3619.499453254275,3577.8595203158884,3604.269775390625,1569676,0.0,0.0,-0.40814486153037777,3567.046875,52.45257825427507,2.17344717975583,0.2354439655385467
2024-04-02 00:00:00+05:30,3579.653557681035,3597.920003104046,3564.0098274803727,3573.9482421875,2142666,0.0,0.0,-0.5779508075863307,3604.269775390625,40.25994791025232,2.0417906990673913,0.24346133905906867
2024-04-03 00:00:00+05:30,3543.7651451703696,3663.3936751293795,3543.7651451703696,3632.38232421875,3973090,0.0,0.0,-0.19715299943982462,3573.9482421875,119.62852995900994,2.10718123352846,0.15800789718774935
2024-04-04 00:00:00+05:30,3658.700888118243,3707.2424702980325,3621.2940525690565,3683.9150390625,3394637,0.0,0.0,0.11341219992455238,3632.38232421875,85.94841772897598,2.0227837057013955,0.07954719590517464
2024-04-05 00:00:00+05:30,3660.6334169539646,3682.7186864378496,3644.529574621965,3661.78369140625,1636819,0.0,0.0,-0.021297210530903898,3683.9150390625,39.38546444053509,1.8714030850895798,0.035381221531972776
2024-04-08 00:00:00+05:30,3665.2341685019233,3710.9229755652163,3644.0691205793664,3655.617919921875,2302538,0.0,0.0,-0.05842819133435375,3661.78369140625,66.85385498584992,1.8220751134489697,0.10391275110109788
2024-04-09 00:00:00+05:30,3666.1545588206272,3695.4636403269888,3611.9076631803105,3631.6923828125,1876992,0.0,0.0,-0.20633536478099027,3655.617919921875,83.55597714667829,1.8846666705728288,0.1874163870362779
2024-04-10 00:00:00+05:30,3640.756241235992,3671.859704425388,3605.419903259126,3666.75244140625,2101965,0.0,0.0,0.022962244323765917,3631.6923828125,66.43980116626199,1.7549591409719663,0.1548925718736617
2024-04-12 00:00:00+05:30,3654.191918795021,3693.163307517169,3630.7263197194047,3682.16650390625,4354821,0.0,0.0,0.12125832145720247,3666.75244140625,62.43698779776423,1.6499053793649983,0.22833040629307835
2024-04-15 00:00:00+05:30,3682.166211852168,3739.9560412971437,3606.3862709398386,3626.76904296875,4200329,0.0,0.0,-0.24004999952961112,3682.16650390625,133.56977035730506,1.9980082277083484,0.24366755060670808
2024-04-16 00:00:00+05:30,3590.6965366993572,3615.2663527431537,3554.670032660961,3563.826171875,3051420,0.0,0.0,-0.628219153012204,3626.76904296875,72.09901030778883,2.0683275289046636,0.38812807296943347
2024-04-18 00:00:00+05:30,3567.5069887926393,3621.983938050233,3542.84506135503,3553.8876953125,3476284,0.0,0.0,-0.6784551173003129,3563.826171875,79.13887669520318,2.070970371177537,0.4145624052724474
2024-04-19 00:00:00+05:30,3531.8022379238537,3545.191475811575,3497.6620065717075,3520.943603515625,2957749,0.0,0.0,-0.8791230749105182,3553.8876953125,56.22568874079252,2.018202054300512,0.3927532552551114
2024-04-22 00:00:00+05:30,3530.8821260588365,3568.6111245390066,3507.876639180684,3556.2802734375,1728883,0.0,0.0,-0.5993587333354223,3520.943603515625,60.73448535832267,1.8628454233650187,0.1623913783948373
2024-04-23 00:00:00+05:30,3567.7368242988855,3584.254718312047,3552.599259445536,3565.57421875,1807586,0.0,0.0,-0.518918902043324,3556.2802734375,31.6554588665108,1.6396570215722501,0.13788129931237883
2024-04-24 00:00:00+05:30,3579.653877353025,3587.0156333989953,3519.3334438187635,3525.406982421875,1317312,0.0,0.0,-0.7793527333923952,3565.57421875,67.6821895802318,1.680677737870012,0.19193709874793205
2024-04-25 00:00:00+05:30,3507.1403866301107,3564.6080473941747,3506.9563876693583,3544.869384765625,2856271,0.0,0.0,-0.6148685937128048,3525.406982421875,57.651659724816454,1.5663951845551223,0.08404899049509028
2024-04-26 00:00:00+05:30,3547.5837045158246,3567.5065891802196,3499.1802992219073,3516.48046875,2039178,0.0,0.0,-0.8018315223879624,3544.869384765625,68.32628995831237,1.593528404066255,0.0806922480676311
2024-04-29 00:00:00+05:30,3531.802085484041,3568.426862829934,3514.5019156929066,3561.43310546875,1110693,0.0,0.0,-0.4320796074949259,3516.48046875,53.92494713702763,1.4159523008191344,0.041378199243908745
2024-04-30 00:00:00+05:30,3563.0900328204652,3572.0621732698455,3506.0364217577408,3515.836669921875,2203078,0.0,0.0,-0.7400493908101311,3561.43310546875,66.02575151210476,1.4699550120970484,0.07705079599356579
2024-05-02 00:00:00+05:30,3476.6355119648906,3562.2619859302818,3476.6355119648906,3555.084228515625,2491044,0.0,0.0,-0.42027563053675365,3515.836669921875,85.62647396539114,1.4545267743264194,0.07377974331047889
2024-05-03 00:00:00+05:30,3579.791498256479,3582.966434995953,3494.6253703944135,3536.771240234375,2962234,0.0,0.0,-0.5430814524098931,3555.084228515625,88.34106460153953,1.5533795773497572,0.05678953780953201
2024-05-06 00:00:00+05:30,3545.6058231496777,3625.618865765193,3545.6058231496777,3608.226806640625,2053831,0.0,0.0,0.00415609930624679,3536.771240234375,88.84762553081782,1.4813647237857515,0.036179003445636786
2024-05-07 00:00:00+05:30,3617.1983629119873,3669.834866210911,3601.2785227974928,3661.5068359375,2062112,0.0,0.0,0.3646344841295586,3608.226806640625,68.55634341341829,1.3507886231112873,0.03347435373752699
2024-05-08 00:00:00+05:30,3644.9892925462136,3666.4304509643703,3624.3764664424393,3659.666748046875,1247685,0.0,0.0,0.34286465930979093,3661.5068359375,42.05398452193094,1.2025764001504924,0.0032612370886642016
2024-05-09 00:00:00+05:30,3645.9096138402,3654.191589237616,3598.1042563399305,3644.253173828125,1726486,0.0,0.0,0.2243419201645725,3659.666748046875,61.562491706944456,1.1748490288699533,0.017261928159229514
2024-05-10 00:00:00+05:30,3646.4619361248674,3656.5843507790987,3575.098867879944,3583.24267578125,1672489,0.0,0.0,-0.21613638718747563,3644.253173828125,81.4854828991547,1.3220593346244673,0.06966614313206622
2024-05-13 00:00:00+05:30,3574.5928311660427,3639.4683092448704,3561.2496477313903,3632.8427734375,931326,0.0,0.0,0.13890896860244617,3583.24267578125,78.21866151348013,1.2501210909035456,0.04776039134265108
2024-05-14 00:00:00+05:30,3621.983888045264,3631.0020839186186,3582.322338430397,3589.960205078125,1058317,0.0,0.0,-0.16438584976583445,3632.8427734375,50.52043500710306,1.2185513263468624,0.12503157429866985
2024-05-15 00:00:00+05:30,3592.9972050666793,3613.656088871118,3566.3108383239633,3570.81982421875,1115021,0.0,0.0,-0.29606407827578235,3589.960205078125,47.34525054715459,1.133961245342434,0.07978987125993683
2024-05-16 00:00:00+05:30,3606.691382121437,3623.7463967829854,3562.5704760290073,3615.8212890625,2599399,28.0,0.0,0.037784600863929825,3570.81982421875,61.17592075397806,1.0029549962158628,0.07609795559011183
2024-05-17 00:00:00+05:30,3632.551806574356,3633.4787144096645,3550.0570092318917,3553.857421875,2765804,0.0,0.0,-0.39408862068608025,3615.8212890625,83.42170517777276,1.1699998852964997,4.117204869458043e-05
2024-05-21 00:00:00+05:30,3550.6128766567804,3563.7285306494523,3531.564877355128,3540.972900390625,1908117,0.0,0.0,-0.47619307633417096,3553.857421875,32.16365329432438,1.0068628314783257,0.028003937755069996
2024-05-22 00:00:00+05:30,3554.6913678959663,3560.484541572459,3538.5168722503677,3551.91064453125,1311168,0.0,0.0,-0.38299645482217026,3540.972900390625,21.967669322091297,0.7567665654994848,0.006325163889526973
2024-05-23 00:00:00+05:30,3560.2067218121256,3619.575215874568,3545.886040544983,3608.869384765625,2095742,0.0,0.0,0.048216823218859305,3551.91064453125,73.68917532958494,0.6847957271055015,0.058626030411073476
2024-05-24 00:00:00+05:30,3594.780437128097,3599.92482105189,3563.311960285678,3568.1318359375,1309452,0.0,0.0,-0.24367719973712232,3608.869384765625,45.5574244799468,0.6507888218610273,0.057809125927707296
2024-05-27 00:00:00+05:30,3573.229711889253,3622.680335515065,3560.577510431646,3565.86083984375,1841538,0.0,0.0,-0.2543161613007075,3568.1318359375,62.10282508341925,0.6334205663579919,0.02907902279656589
2024-05-28 00:00:00+05:30,3576.0100306264594,3587.132923412234,3550.0566141263193,3559.23291015625,1801993,0.0,0.0,-0.29784205159978966,3565.86083984375,37.076309285914704,0.4993786885471045,0.0610648637640567
2024-05-29 00:00:00+05:30,3567.5756380844864,3567.5756380844864,3522.2499334071467,3525.633056640625,1568095,0.0,0.0,-0.543139711835244,3559.23291015625,45.32570467733967,0.46205665281529934,0.05197735266667636
2024-05-30 00:00:00+05:30,3500.930948347214,3517.0590544137885,3443.8797249385125,3463.0205078125,2919230,0.0,0.0,-0.9748878091352515,3525.633056640625,81.75333170211252,0.6690486104959099,0.07483389942608952
2024-05-31 00:00:00+05:30,3466.635356473782,3475.7190986563346,3386.6895544695403,3402.63232421875,10956800,0.0,0.0,-1.3654135959545477,3463.0205078125,89.02954418679428,0.9023041420426005,0.2097233179544585
2024-06-03 00:00:00+05:30,3459.961527315394,3477.3410487975398,3425.8512745605985,3432.20068359375,2156773,0.0,0.0,-1.0785297276949468,3402.63232421875,74.70872457878977,0.8865301812604954,0.14166101384360108
2024-06-04 00:00:00+05:30,3429.559028800051,3471.2698818530243,3328.989527550103,3443.462646484375,3395997,0.0,0.0,-0.959942661682852,3432.20068359375,142.2803543029213,1.2224407417961702,0.2430218112286236
2024-06-05 00:00:00+05:30,3444.389229413079,3507.2336206771465,3429.5587052821297,3472.613525390625,2799670,0.0,0.0,-0.6941568577628415,3443.462646484375,77.6749153950168,1.1960290391163517,0.2888931538132095
2024-06-06 00:00:00+05:30,3504.63809516768,3559.2328694484427,3468.02524016659,3550.42724609375,4328036,0.0,0.0,-0.06518537458916503,3472.613525390625,91.20762928185286,1.1413421725459267,0.14967894519404623
2024-06-07 00:00:00+05:30,3556.8232840964106,3628.8439736397468,3556.8232840964106,3609.33251953125,4552445,0.0,0.0,0.3414035124722147,3550.42724609375,78.41672754599676,1.0605788259615083,0.04515696413614871
2024-06-10 00:00:00+05:30,3610.305978999996,3620.409183775903,3561.0870829656333,3576.6591796875,1734661,0.0,0.0,0.10346733246773274,3609.33251953125,59.3221008102696,1.056225720327391,0.008837144978859148
2024-06-11 00:00:00+05:30,3563.960611925237,3596.3559953752433,3560.2529805994373,3570.541748046875,1419898,0.0,0.0,0.05752473770501695,3576.6591796875,36.10301477580606,0.9006061593437802,0.08881149522175119
2024-06-12 00:00:00+05:30,3591.211490093849,3608.9155195936296,3547.693214139478,3551.586181640625,2177001,0.0,0.0,-0.08163244388031755,3570.541748046875,61.22230545415141,0.8913572675159388,0.05663474731635324
2024-06-13 00:00:00+05:30,3574.898153664247,3605.6714482720763,3570.4489508339425,3594.6875,1932323,0.0,0.0,0.23373853341795675,3551.586181640625,54.085266631451304,0.7396002871662013,0.03402225600249454
2024-06-14 00:00:00+05:30,3604.7443844726295,3604.7443844726295,3548.2030094526167,3551.95703125,1860730,0.0,0.0,-0.08621401501690777,3594.6875,56.541375020012765,0.7565043545953855,0.09133117098496249
2024-06-18 00:00:00+05:30,3546.395689059985,3561.179823442644,3517.661546809407,3536.24609375,1774045,0.0,0.0,-0.20062107063473478,3551.95703125,43.51827663323729,0.6648876728893742,0.026969572119378567
2024-06-19 00:00:00+05:30,3547.8781606822567,3553.6251694480566,3515.714508812201,3523.824951171875,1509050,0.0,0.0,-0.2902028171883055,3536.24609375,37.91066063585549,0.5440665446145146,0.02627861210257331
2024-06-20 00:00:00+05:30,3518.5418393437685,3531.4721572718627,3503.757705904956,3510.431396484375,2846526,0.0,0.0,-0.38753172968258254,3523.824951171875,27.714451366906815,0.37763735507150603,0.06332711985892767
2024-06-21 00:00:00+05:30,3547.2761188024833,3594.363079879569,3520.4421834921905,3532.2138671875,4642195,0.0,0.0,-0.20106172275137607,3510.431396484375,83.93168339519389,0.4398564242026307,0.12367314125548438
2024-06-24 00:00:00+05:30,3530.3601242080126,3575.083426076877,3514.185628169532,3537.82177734375,1702154,0.0,0.0,-0.1503907846409729,3532.2138671875,60.89779790734519,0.4091981105649058,0.05183919535881575
2024-06-25 00:00:00+05:30,3538.007033326123,3566.41666656242,3515.668465075754,3557.88916015625,1338808,0.0,0.0,0.019708530600402542,3537.82177734375,50.74820148666595,0.30130267879832984,0.01323121808898614
2024-06-26 00:00:00+05:30,3563.4970839383795,3584.3061190627222,3560.2529065957383,3574.017578125,1639845,0.0,0.0,0.15404194429934645,3557.88916015625,26.416958906472246,0.07687789601596647,0.024158320414694297
2024-06-27 00:00:00+05:30,3550.9833135558415,3653.870065788861,3539.0262950308725,3646.59375,4526556,0.0,0.0,0.7030067274611144,3574.017578125,114.84377075798875,0.2192745798992193,0.18581692426494387
2024-06-28 00:00:00+05:30,3631.439292021709,3670.554754499888,3612.947527343435,3618.786865234375,2731571,0.0,0.0,0.4576608469889071,3646.59375,57.607227156453064,0.23150466449369528,0.2528012355985842
2024-07-01 00:00:00+05:30,3600.109652784797,3709.2066482395257,3600.109652784797,3687.42431640625,2658723,0.0,0.0,0.930908292131027,3618.786865234375,109.09699545472859,0.33221597748464154,0.456097272975376
2024-07-02 00:00:00+05:30,3701.699052905465,3729.320724102144,3691.4566765329196,3723.75927734375,2307449,0.0,0.0,1.1670265962497033,3687.42431640625,41.89640769589414,0.14208806493459317,0.4619282389446185
2024-07-03 00:00:00+05:30,3726.1690969595234,3731.8233246647856,3665.920094147989,3675.4208984375,1821198,0.0,0.0,0.7354811853844453,3723.75927734375,65.90323051679661,0.22838454330364746,0.34711108237093313
2024-07-04 00:00:00+05:30,3707.492429103772,3751.52055167907,3691.0398148782656,3727.050048828125,2518001,0.0,0.0,1.0722501083474745,3675.4208984375,76.0996532415702,0.18831802994603358,0.3683578405210166
2024-07-05 00:00:00+05:30,3716.900368316538,3732.4260743437953,3696.508396221036,3718.56884765625,1668616,0.0,0.0,0.9794840245257714,3727.050048828125,35.9176781227593,0.04666817046781475,0.27058538800873155
2024-07-08 00:00:00+05:30,3728.023114490228,3736.5970115088844,3687.285562563459,3701.328125,1758882,0.0,0.0,0.8174397186314216,3718.56884765625,49.31144894542558,-0.005051823003465867,0.158685653210612
2024-07-09 00:00:00+05:30,3693.727708193667,3714.0732898340816,3684.551411180989,3694.191162109375,1305801,0.0,0.0,0.7400976203796197,3701.328125,29.5218786530927,-0.17805707292892364,0.2120756106726132
2024-07-10 00:00:00+05:30,3692.5226544204043,3710.6901382951037,3616.794330433944,3623.421630859375,2669716,0.0,0.0,0.14107376491334578,3694.191162109375,93.89580786115948,0.12116427468749047,0.08544854608546906
2024-07-11 00:00:00+05:30,3643.674186345684,3689.092663865638,3610.861744125109,3636.90771484375,4872189,0.0,0.0,0.23993348534739742,3623.421630859375,78.23091974052886,0.1708235489186955,0.139100361445927
2024-07-12 00:00:00+05:30,3689.0931958411575,3892.966755879167,3681.0291429084155,3878.13623046875,13509164,0.0,0.0,1.2654132127294022,3636.90771484375,256.05904103541707,0.6784497976998508,0.3492862983605591
2024-07-15 00:00:00+05:30,3926.1029828505975,3930.088504778696,3853.201332828978,3864.463623046875,4848030,0.0,0.0,1.1662841932038355,3878.13623046875,76.88717194971787,0.7121376302846469,0.3993947425159528
2024-07-16 00:00:00+05:30,3867.059349578485,3887.960939474929,3841.940057628319,3873.0380859375,2029521,0.0,0.0,1.1779062584971134,3864.463623046875,46.02088184660988,0.5616937099066871,0.43439433243714903
2024-07-18 00:00:00+05:30,3855.936374706022,4008.876158798929,3855.936374706022,4000.11669921875,5613364,0.0,0.0,1.636128085554882,3873.0380859375,152.93978409290685,0.7067626051672216,0.5351764438981127
2024-07-19 00:00:00+05:30,4011.125849383663,4049.5425931032996,3981.2566440139753,3997.18994140625,3903354,10.0,0.0,1.579047295940489,4000.11669921875,68.28594908932428,0.6693884108769863,0.5534462508997346
2024-07-22 00:00:00+05:30,3994.914996539317,4013.496211739876,3962.444141519161,3983.208740234375,1896386,0.0,0.0,1.468282097675451,3997.18994140625,51.052070220714995,0.5734354461427587,0.5173719512997771
2024-07-23 00:00:00+05:30,3979.1663862285477,4052.283633900068,3963.6508933891937,3997.143798828125,2365208,0.0,0.0,1.497332375247369,3983.208740234375,88.6327405108741,0.6079589068709108,0.5219387422477636
2024-07-24 00:00:00+05:30,3983.3469610338807,4031.2865743722073,3965.323277758002,4000.766845703125,1809793,0.0,0.0,1.4765132457205343,3997.143798828125,65.96329661420532,0.5532363652079845,0.5128355397089659
2024-07-25 00:00:00+05:30,3990.3153350812427,4034.9102445303465,3970.991055777116,4015.864501953125,2810342,0.0,0.0,1.5140665063410295,4000.766845703125,63.91918875323063,0.47168786968570175,0.5122533736651319
2024-07-26 00:00:00+05:30,4041.4138211460827,4108.724446589915,4029.3823042903405,4076.578857421875,3552210,0.0,0.0,1.7566026298177326,4015.864501953125,92.8599446367898,0.4494667235928768,0.505452381027545
2024-07-29 00:00:00+05:30,4101.803173878207,4116.668145742772,4060.924501250656,4070.30810546875,1746803,0.0,0.0,1.6758732543945267,4076.578857421875,55.743644492116346,0.36605170109631413,0.5445542688670287
2024-07-30 00:00:00+05:30,4079.5973785353585,4086.007804826651,4020.3230504270045,4055.674072265625,1797906,0.0,0.0,1.5496739883072645,4070.30810546875,65.68475439964641,0.3473243581879226,0.4750665426573788
2024-07-31 00:00:00+05:30,4041.413477513075,4100.873353963842,4036.768174665359,4074.255859375,2330091,0.0,0.0,1.608319584177417,4055.674072265625,64.10517929848356,0.2680059313893135,0.46276231226110576
2024-08-01 00:00:00+05:30,4087.3092654244533,4105.797481325745,4055.395941895072,4085.172607421875,2202244,0.0,0.0,1.6266563406430907,4074.255859375,50.40153943067298,0.13809334374596222,0.5691159989623724
2024-08-02 00:00:00+05:30,4055.3495895771916,4086.0085899107653,3967.0888310411474,3979.212890625,2811282,0.0,0.0,0.9041813602543184,4085.172607421875,118.91975886961791,0.53961057716065,0.32566143046368473
2024-08-05 00:00:00+05:30,3938.2877856411073,3938.2877856411073,3818.9035015045465,3860.29296875,2787771,0.0,0.0,0.2293726487805841,3979.212890625,160.3093891204535,1.1323158684595913,0.16018576517758346
2024-08-06 00:00:00+05:30,3875.066074658768,3956.1728957972837,3865.63574523415,3875.29833984375,2203067,0.0,0.0,0.2977370436876835,3860.29296875,95.87992704728367,1.1705595939041997,0.19713044300971513
2024-08-07 00:00:00+05:30,3928.0680935195514,3943.8158516524645,3883.7517228332504,3902.47265625,1237666,0.0,0.0,0.4259175289103077,3875.29833984375,68.51751180871452,1.0649404031381071,0.2307698966173066
2024-08-08 00:00:00+05:30,3884.402501608471,3931.7845938309133,3864.8922283404063,3876.5517578125,2441283,0.0,0.0,0.28013581449046626,3902.47265625,66.89236549050702,1.0492033044979336,0.2951259938738686
2024-08-09 00:00:00+05:30,3917.8489177851575,3951.898901241262,3907.2109914599246,3928.765380859375,1302536,0.0,0.0,0.5375993319567334,3876.5517578125,75.34714342876214,0.9353266239467181,0.32557795616561475
2024-08-12 00:00:00+05:30,3929.9262611677764,3938.2878064043034,3889.372857499192,3898.012939453125,936912,0.0,0.0,0.3592203482534282,3928.765380859375,48.91494890511149,0.8517526142020817,0.02897676413380243
2024-08-13 00:00:00+05:30,3914.132187982019,3933.642459984778,3886.260370835221,3899.220947265625,1495593,0.0,0.0,0.3568260661056135,3898.012939453125,47.38208914955703,0.7102330870309734,0.05160787498051555
2024-08-14 00:00:00+05:30,3910.4158901229916,4000.7207578523953,3891.044886752686,3990.54736328125,3226545,0.0,0.0,0.8003736378523371,3899.220947265625,109.67587109970918,0.7001756778060411,0.15538607459673123
2024-08-16 00:00:00+05:30,4041.413561593398,4112.951226936545,4018.280043659057,4102.77783203125,3457058,0.0,0.0,1.2700041714256176,3990.54736328125,122.40386365529503,0.7028114561859987,0.1384706778049121
2024-08-19 00:00:00+05:30,4107.376273881194,4175.429952248486,4078.9006616478773,4171.4814453125,2055210,0.0,0.0,1.5429151330278499,4102.77783203125,96.52929060060887,0.6566544941796261,0.21592926670953605
2024-08-20 00:00:00+05:30,4185.417806867609,4241.161440255413,4180.772504085293,4202.41943359375,2212298,0.0,0.0,1.6514142974865256,4171.4814453125,69.67999494291325,0.5547048833592113,0.26599165012896886
2024-08-21 00:00:00+05:30,4197.495611851862,4236.516155388334,4173.8508391327405,4228.619140625,1896990,0.0,0.0,1.7378206979144413,4202.41943359375,62.6653162555931,0.43236700935457745,0.27675498422730427
2024-08-22 00:00:00+05:30,4236.5168692386715,4237.399658376934,4178.172037672117,4182.63134765625,1829872,0.0,0.0,1.428324863051799,4228.619140625,59.22762070481713,0.4164118753636056,0.20695685899499996
2024-08-23 00:00:00+05:30,4180.773068059991,4186.347432150737,4138.965337379391,4147.23388671875,1809253,0.0,0.0,1.1948154190876523,4182.63134765625,47.3820947713466,0.33329889989431133,0.1461193402037892
2024-08-26 00:00:00+05:30,4170.5527823500615,4229.222864979793,4166.836540173764,4183.048828125,1844164,0.0,0.0,1.3435897157110046,4147.23388671875,81.98897826104258,0.2938992658959051,0.12179744804070221
2024-08-27 00:00:00+05:30,4185.4182168111465,4190.06352004845,4168.509131570201,4178.125,930697,0.0,0.0,1.281989371795041,4183.048828125,21.554388478249166,0.04205060092125261,0.1235286120996043
2024-08-28 00:00:00+05:30,4179.611105918801,4238.838715366386,4141.101365063979,4186.39306640625,1848058,0.0,0.0,1.294266050697873,4178.125,97.73735030240732,0.1363938997079494,0.15086852424843283
2024-08-29 00:00:00+05:30,4143.61019488178,4232.8000107357375,4143.61019488178,4191.7353515625,2133641,0.0,0.0,1.2910381417003123,4186.39306640625,89.18981585395704,0.18855620656294342,0.13769221128318648
2024-08-30 00:00:00+05:30,4180.772468175268,4266.47830377286,4169.437748026632,4230.70947265625,3637222,0.0,0.0,1.46746008918895,4191.7353515625,97.04055574622816,0.21684297097928126,0.1651461570320627
2024-09-02 00:00:00+05:30,4251.381655472286,4262.530383589784,4191.921772178967,4200.32958984375,1216500,0.0,0.0,1.2405855421186394,4230.70947265625,70.6086114108166,0.23373725542927515,0.2744469056716979
2024-09-03 00:00:00+05:30,4200.329136859027,4232.706988670382,4176.9633540945715,4192.24658203125,1717263,0.0,0.0,1.1600740290400753,4200.32958984375,55.743634575810574,0.14547588290536043,0.47773816776888367
2024-09-04 00:00:00+05:30,4159.358459046624,4168.695337572208,4121.963766080883,4161.4951171875,1265505,0.0,0.0,0.9365220171270476,4192.24658203125,70.28281595036697,0.16744472114967782,0.40275917704318526
2024-09-05 00:00:00+05:30,4163.120774045665,4179.843865751271,4138.1754048562225,4158.42919921875,1688793,0.0,0.0,0.894070949564895,4161.4951171875,41.668460895048156,0.006279041170869864,0.3728525550975699
2024-09-06 00:00:00+05:30,4156.5718243873325,4198.379561159503,4125.030028187581,4140.591796875,1649179,0.0,0.0,0.7577224858108236,4158.42919921875,73.3495329719226,0.02915346325255243,0.3892108596763978
2024-09-09 00:00:00+05:30,4138.964928860649,4171.714314661398,4116.202944403391,4133.9013671875,1184938,0.0,0.0,0.6958118480258203,4140.591796875,55.511370258007446,-0.055531222297835685,0.32413337103535644
2024-09-10 00:00:00+05:30,4127.30496423786,4217.888362209953,4125.446843253818,4188.0654296875,1385591,0.0,0.0,1.0013556857090093,4133.9013671875,92.44151895613504,-0.0583263651116131,0.4419599196622511
2024-09-11 00:00:00+05:30,4200.700941634944,4226.621639858806,4154.061921274154,4161.58740234375,1325919,0.0,0.0,0.7979112489877853,4188.0654296875,72.55971858465182,-0.024771698300747286,0.3849516613251556
2024-09-12 00:00:00+05:30,4190.296089653868,4211.060687361837,4116.9465647505085,4197.2177734375,2742216,0.0,0.0,0.9995957213445023,4161.58740234375,94.11412261132864,0.007156406601303495,0.33021783278187933
2024-09-13 00:00:00+05:30,4208.643999833735,4224.438028089181,4185.417487693372,4201.76904296875,1458786,0.0,0.0,1.0045722018972876,4197.2177734375,39.020540395808894,-0.18662437792538547,0.1910357356893283
2024-09-16 00:00:00+05:30,4205.857591838961,4223.556015887551,4175.616848928026,4193.0830078125,1155120,0.0,0.0,0.9187973753048382,4201.76904296875,47.93916695952521,-0.3076384937238441,0.04714809446670645
2024-09-17 00:00:00+05:30,4193.0829242332575,4214.033060161901,4149.184809090063,4186.02197265625,1699364,0.0,0.0,0.8457092401418662,4193.0830078125,64.8482510718377,-0.33990461591423476,0.03775719007892784
2024-09-18 00:00:00+05:30,4178.031319677868,4178.031319677868,4014.4704009082216,4037.836181640625,2961779,0.0,0.0,-0.18647314920114225,4186.02197265625,171.55157174802844,0.4374228734275816,0.34296630012354645
2024-09-19 00:00:00+05:30,4078.621993722427,4108.491652642897,3978.0511914620456,3991.38330078125,2927551,0.0,0.0,-0.4494088142035371,4037.836181640625,130.44046118085134,0.7858197709184493,0.34351517277670585
2024-09-20 00:00:00+05:30,4010.6613336102855,4023.4826411815384,3927.603412493341,3980.931396484375,5447908,0.0,0.0,-0.5009955921225305,3991.38330078125,95.8792286881976,0.8820350616387304,0.31272050657806844
2024-09-23 00:00:00+05:30,3994.960476501186,4003.693555186361,3951.294629432452,3965.695068359375,1702319,0.0,0.0,-0.5821910623114694,3980.931396484375,52.398925753909225,0.7722138074174866,0.4251716745473709
2024-09-24 00:00:00+05:30,3950.0404365312907,3986.5990621222545,3939.216971195143,3968.29638671875,3012026,0.0,0.0,-0.5510191716410017,3965.695068359375,47.382090927111676,0.6054663377602346,0.4123247713992382
2024-09-25 00:00:00+05:30,3950.6905998877737,3985.2981043185428,3939.2166117170595,3971.50146484375,2713073,0.0,0.0,-0.5162813088951852,3968.29638671875,46.081492601483205,0.43380589281991566,0.426517263803241
2024-09-26 00:00:00+05:30,3957.798205900553,4010.5686671887433,3957.798205900553,3987.99267578125,3964251,0.0,0.0,-0.39219305187489967,3971.50146484375,52.77046128819029,0.27395520003879165,0.3956341011535318
2024-09-27 00:00:00+05:30,4027.4778141813813,4067.4274211040574,3995.0069638417276,4003.043701171875,3012477,0.0,0.0,-0.2798394198019593,3987.99267578125,79.43474532280743,0.2643078255396059,0.46362633423471394
2024-09-30 00:00:00+05:30,3982.7896922279247,3993.799150781273,3957.8443250356186,3965.695068359375,2503416,0.0,0.0,-0.523552757709136,4003.043701171875,45.19937613625643,0.17190652037016482,0.47113171557667205
2024-10-01 00:00:00+05:30,3953.663791959934,3991.01221083208,3941.9579909083504,3983.718994140625,1823365,0.0,0.0,-0.38212104867261165,3965.695068359375,49.05421992372976,-0.008348329324022751,0.4105163794847788
2024-10-03 00:00:00+05:30,3960.2137504333123,3975.4502533375357,3911.345072809307,3932.481201171875,3350119,0.0,0.0,-0.7187118798458737,3983.718994140625,72.37392133131789,0.09415100879967055,0.4333687682285278
2024-10-04 00:00:00+05:30,3925.280999271066,3993.1024224537377,3924.398210251953,3950.597900390625,2965463,0.0,0.0,-0.5671650086498433,3932.481201171875,68.70421220178469,0.030471960230457645,0.38239343521483654
2024-10-07 00:00:00+05:30,3970.711416011911,3992.40506851833,3929.3682254716664,3969.736083984375,1472619,0.0,0.0,-0.4111904430192417,3950.597900390625,63.03684304666376,-0.06804295852898742,0.31361065539058997
2024-10-08 00:00:00+05:30,3969.5037776609793,3975.8212072770098,3905.7238683642827,3951.5263671875,1541867,0.0,0.0,-0.5340396880335897,3969.736083984375,70.09733891272708,-0.042489028215266546,0.3278231546869871
2024-10-09 00:00:00+05:30,3957.798231053306,3990.315352669941,3945.4419062961365,3951.24853515625,1082504,0.0,0.0,-0.5228782824852025,3951.5263671875,44.873446373804654,-0.20554400150473848,0.4713383162275131
2024-10-10 00:00:00+05:30,3951.5275410139975,3989.247497296024,3900.754462961907,3927.51123046875,2378875,0.0,0.0,-0.6906376079018338,3951.24853515625,88.49303433411706,-0.0479401387889483,0.4684387135104077
2024-10-11 00:00:00+05:30,3849.0977975212186,3941.028518940875,3820.7151796266107,3854.858154296875,5759183,0.0,0.0,-1.172315119855741,3927.51123046875,120.31333931426434,0.3982575613125364,0.6378773040125219
2024-10-14 00:00:00+05:30,3846.311174442351,3869.909224735711,3829.7740759707513,3843.19873046875,2137590,0.0,0.0,-1.2336196497701706,3854.858154296875,40.13514876495992,0.22320970184398098,0.6593484737204086
2024-10-15 00:00:00+05:30,3837.995460690613,3874.1362795372975,3804.5030088222256,3824.75634765625,2759474,0.0,0.0,-1.3481063881600657,3843.19873046875,69.63327071507183,0.24704103176190415,0.6653521325530216
2024-10-16 00:00:00+05:30,3795.2124356440127,3823.0842527968452,3778.67511210238,3804.45654296875,2359151,0.0,0.0,-1.4780822982485773,3824.75634765625,46.0812355538701,0.13279849483963035,0.6731682356346395
2024-10-17 00:00:00+05:30,3821.0405029589083,3836.9742562004353,3802.5987849412795,3817.51025390625,2522659,0.0,0.0,-1.320583811081699,3804.45654296875,34.3754712591558,-0.12610305703310995,0.5103820562777296
2024-10-18 00:00:00+05:30,3809.127780700298,3861.4217056150137,3799.81450984284,3839.907958984375,2361000,10.0,0.0,-1.0794866941618946,3817.51025390625,61.60719577217378,-0.22645451541453115,0.37159729646366185
2024-10-21 00:00:00+05:30,3848.8025545031073,3855.647899798256,3790.501385728475,3799.675048828125,1595450,0.0,0.0,-1.3704061245243684,3839.907958984375,65.146514069781,-0.15835472899833683,0.4143816196038508
2024-10-22 00:00:00+05:30,3786.7761613201965,3808.941792786158,3731.222588221232,3739.744140625,1928049,0.0,0.0,-1.771739381819358,3799.675048828125,77.71920456492626,0.03774624723250421,0.46867221986745444
2024-10-23 00:00:00+05:30,3724.9356891717393,3831.0601316478997,3720.791101978377,3787.008544921875,1966476,0.0,0.0,-1.2492368007754753,3739.744140625,110.26902966952275,0.18632932177058856,0.3441487687802093
2024-10-24 00:00:00+05:30,3729.033775833075,3798.8833095961822,3729.033775833075,3769.9189453125,2676744,0.0,0.0,-1.3574394841142916,3787.008544921875,69.84953376310705,0.2161572235459658,0.37284784839026647
2024-10-25 00:00:00+05:30,3778.4405864586356,3810.9904225250416,3755.762681044286,3778.90625,1759676,0.0,0.0,-1.2414270909274043,3769.9189453125,55.22774148075541,0.09305164322732704,0.3921701334193
2024-10-28 00:00:00+05:30,3789.5232343448033,3850.1061056967715,3772.8059589205664,3809.91943359375,1532534,0.0,0.0,-0.9199165680801051,3778.90625,77.30014677620511,0.06189504288582711,0.3517012697555946
2024-10-29 00:00:00+05:30,3814.576053505887,3821.700614609533,3781.2811109026725,3795.390625,1445885,0.0,0.0,-1.019992615817621,3809.91943359375,40.41950370686072,-0.1021303320216787,0.3235914223805413
2024-10-30 00:00:00+05:30,3795.158291397516,3824.960761415852,3781.234995410785,3804.1455078125,1935002,0.0,0.0,-0.9143042150964948,3795.390625,43.72576600506727,-0.2915489414502285,0.3473202763138199
2024-10-31 00:00:00+05:30,3790.501362953683,3798.23142349314,3688.055380171151,3695.925048828125,3740372,0.0,0.0,-1.5623665055035019,3804.1455078125,116.09012764134923,0.28206941251959033,0.4121127726232999
2024-11-01 00:00:00+05:30,3715.8558850555814,3724.3308260712956,3703.0035243410357,3710.59375,154895,0.0,0.0,-1.395570588851916,3695.925048828125,28.405777243170633,-0.029324918722799645,0.420646422894162
2024-11-04 00:00:00+05:30,3693.922655669424,3717.764492575113,3644.5157084293937,3691.920166015625,2269192,0.0,0.0,-1.5078340658863192,3710.59375,73.24878414571913,0.04750405920832438,0.48731452709762957
2024-11-05 00:00:00+05:30,3670.453574014962,3712.2700726947464,3670.453574014962,3698.626220703125,967590,0.0,0.0,-1.4097238283284832,3691.920166015625,41.81649867978422,-0.1512282428158824,0.45274570333038605
2024-11-06 00:00:00+05:30,3728.6612931693503,3864.8210432401042,3702.258078759821,3855.3681640625,3792017,0.0,0.0,-0.06714575411407471,3698.626220703125,166.19482253697925,0.11974098931931006,0.1340878905516462
2024-11-07 00:00:00+05:30,3883.3551713111415,3916.975719116069,3804.518188145807,3865.845947265625,3724349,0.0,0.0,-0.0033659761526314332,3855.3681640625,112.45753097026181,0.34580574970693584,0.08786773901666307
2024-11-08 00:00:00+05:30,3869.6642401156896,3883.401315336317,3834.879080725745,3862.213623046875,1648039,0.0,0.0,-0.025316304602689188,3865.845947265625,48.52223461057201,0.19039410067729223,0.01162412948280186
2024-11-11 00:00:00+05:30,3844.704960664376,3943.518408459811,3834.879186284666,3910.363525390625,1406487,0.0,0.0,0.2671654117012378,3862.213623046875,108.63922217514482,0.2973491026323436,0.10035585111524943
2024-11-12 00:00:00+05:30,3926.4748738261633,3928.3375279408815,3878.3719222634713,3909.152099609375,1587640,0.0,0.0,0.253070364767248,3910.363525390625,49.96560567741017,0.14085218967566734,0.12943430970552322
2024-11-13 00:00:00+05:30,3891.1780687289943,3908.5472291817673,3847.358853332509,3865.333740234375,1098813,0.0,0.0,-0.031137269010126898,3909.152099609375,61.79324627686583,0.16682109445934112,0.0901144857609261
2024-11-14 00:00:00+05:30,3851.0375903197846,3874.3207680121654,3833.7616543718636,3861.18896484375,1825432,0.0,0.0,-0.056989029713301574,3865.333740234375,40.5591136403018,-0.04032888386363685,0.0655201938930146
2024-11-18 00:00:00+05:30,3923.681030197514,3923.681030197514,3716.181309069103,3743.46923828125,3313944,0.0,0.0,-0.7374420250086701,3861.18896484375,207.49972112841078,1.115398302006185,0.12656547529218842
2024-11-19 00:00:00+05:30,3743.8418634756777,3848.383334503383,3738.440347986104,3762.142578125,1776233,0.0,0.0,-0.6023299990713255,3743.46923828125,109.94298651727922,1.2575412955846361,0.05069164235671804
2024-11-21 00:00:00+05:30,3767.1252292109634,3811.4098822098795,3747.660582048356,3793.156005859375,2384347,0.0,0.0,-0.39175863526262944,3762.142578125,63.74930016152348,1.0807935065913745,0.07507043804900244
2024-11-22 00:00:00+05:30,3791.4328432690386,3962.750655117127,3775.6002816538157,3953.111328125,3096553,0.0,0.0,0.48377109639170657,3793.156005859375,187.1503734633111,1.3227004862974676,0.20153680041589586
2024-11-25 00:00:00+05:30,3986.0801022933974,4030.8770280377776,3960.1893900708537,4018.769775390625,4052167,0.0,0.0,0.7799930789777795,3953.111328125,77.76569991277756,1.1194854011412756,0.2851342305253214
2024-11-26 00:00:00+05:30,4024.3112162534667,4066.7334430694864,4014.020232591793,4053.7880859375,2060669,0.0,0.0,0.9286493693619332,4018.769775390625,52.71321047769334,0.8465475770373224,0.3058385844973361
2024-11-27 00:00:00+05:30,4059.6086406624336,4076.7913536382084,4027.1049595017485,4035.021240234375,1558993,0.0,0.0,0.8078314677527346,4053.7880859375,49.68639413645997,0.6903489207021906,0.25391208800287507
2024-11-28 00:00:00+05:30,4022.4020594566896,4041.913545627335,3942.3079225932315,3953.390625,2558544,0.0,0.0,0.34770811247481026,4035.021240234375,99.6056230341037,1.0078279582395822,0.16568162466136246
2024-11-29 00:00:00+05:30,3930.200759120496,4003.496391196353,3907.522850994133,3977.558837890625,2017425,0.0,0.0,0.46050125024327615,3953.390625,95.97354020222019,1.0328032129413152,0.1789519722605938
2024-12-02 00:00:00+05:30,3976.766970418375,3993.7173066183545,3939.560268502564,3982.960205078125,1670944,0.0,0.0,0.4770505385580633,3977.558837890625,54.15703811579033,0.8404931776294835,0.3313611868954477
2024-12-03 00:00:00+05:30,4018.071307960362,4027.9898509787527,3972.529502098055,4007.267822265625,2010905,0.0,0.0,0.5920247301143323,3982.960205078125,55.46034888069744,0.6096667255386198,0.3387195367549151
2024-12-04 00:00:00+05:30,4017.3258027448396,4085.6855752155147,3994.508288951376,4055.37060546875,3302642,0.0,0.0,0.8242048571827358,4007.267822265625,91.17728626413873,0.555936639032883,0.40147023963465955
2024-12-05 00:00:00+05:30,4098.583799897478,4180.727025606259,4060.585839082934,4157.490234375,3746747,0.0,0.0,1.2693936713421083,4055.37060546875,125.3564201375093,0.5826791547646276,0.4585374624565465
2024-12-06 00:00:00+05:30,4147.199797372343,4158.375723168091,4109.713879599103,4140.21484375,1842087,0.0,0.0,1.1436483649475044,4157.490234375,48.66184356898793,0.3991940273582594,0.3307380355600962
2024-12-09 00:00:00+05:30,4126.198190317889,4162.47310676674,4112.321053205062,4146.40771484375,2066639,0.0,0.0,1.1473811620493417,4140.21484375,50.15205356167826,0.16443671764653225,0.3273916408911285
2024-12-10 00:00:00+05:30,4122.192918450329,4185.197099178053,4109.107955973627,4128.1533203125,2087828,0.0,0.0,1.0156790234699338,4146.40771484375,76.08914320442545,0.18197384762255572,0.30512271278203407
2024-12-11 00:00:00+05:30,4127.502045111503,4143.148158287083,4104.358476029229,4123.404296875,1635256,0.0,0.0,0.9633072173050026,4128.1533203125,38.78968225785411,-0.11636048940254477,0.2572391106389213
2024-12-12 00:00:00+05:30,4125.825217645854,4177.00182096417,4122.05352499162,4149.015625,1914642,0.0,0.0,1.0796242609659201,4123.404296875,54.94829597255011,-0.38050442184579725,0.2813378481891658
2024-12-13 00:00:00+05:30,4130.388662160798,4186.221440279355,4092.6230812750305,4166.66357421875,1967048,0.0,0.0,1.152290896131124,4149.015625,93.59835900432472,-0.315572397317055,0.3646244986308638
2024-12-16 00:00:00+05:30,4152.788043789598,4167.689279201268,4095.0457565693796,4111.99609375,1646224,0.0,0.0,0.7780995979013665,4166.66357421875,72.64352263188812,-0.20790691523746177,0.2860045401876767
2024-12-17 00:00:00+05:30,4107.152673369455,4128.52681305927,4021.470576782156,4031.24951171875,3225027,0.0,0.0,0.26767940783591454,4111.99609375,107.0562362771143,0.29273065664374665,0.34261149607031577
2024-12-18 00:00:00+05:30,4015.6040934954485,4062.4496746944233,3995.021669255571,4049.271484375,1575404,0.0,0.0,0.36313053914783977,4031.24951171875,67.42800543885232,0.12806926057077223,0.3421013132771658
2024-12-19 00:00:00+05:30,3987.94311687329,4064.3119481632502,3969.3165726562265,3978.53662109375,3015763,0.0,0.0,-0.05867989070865121,4049.271484375,94.99537550702371,0.5275865641242162,0.21089200949531886
2024-12-20 00:00:00+05:30,4031.7156336767607,4081.075977540209,3867.3363753390504,3883.913818359375,4116989,0.0,0.0,-0.5714065897163245,3978.53662109375,213.7396022011585,2.074056639359695,0.08504072568437962
2024-12-23 00:00:00+05:30,3911.6209509548494,3927.4071302123316,3832.318524205566,3872.738037109375,2195338,0.0,0.0,-0.6207010850244595,3883.913818359375,95.08860600676553,2.1841789143128647,0.19234548908786178
2024-12-24 00:00:00+05:30,3872.737372652853,3928.337783494026,3872.737372652853,3892.481689453125,1181886,0.0,0.0,-0.48774395890849287,3872.738037109375,55.600410841173016,1.8364044448838293,0.21682682004986245
2024-12-26 00:00:00+05:30,3892.4818540644487,3911.5276763317006,3858.628020945553,3882.796142578125,1208464,0.0,0.0,-0.5330328317669196,3892.481689453125,52.899655386147515,1.5863688944656689,0.20714847178691195
2024-12-27 00:00:00+05:30,3877.1150885157394,3893.832593461187,3862.446685286308,3878.838134765625,858100,0.0,0.0,-0.5439882061329144,3882.796142578125,31.385908174879205,1.131500617397959,0.11344177716423605
2024-12-30 00:00:00+05:30,3865.938711530591,3910.9216276232846,3829.6169553875666,3873.202880859375,1527169,0.0,0.0,-0.5657987148201027,3878.838134765625,81.30467223571804,1.1545784526844716,0.16339975717986122
2024-12-31 00:00:00+05:30,3851.0376939335874,3855.6479451405453,3755.1576110916253,3813.598388671875,1555429,0.0,0.0,-0.908840566001759,3873.202880859375,118.04526976774969,1.7040952985200144,0.24443963658197626
2025-01-01 00:00:00+05:30,3813.2258927424173,3850.1065398065944,3804.8905600046846,3830.03662109375,763161,0.0,0.0,-0.7756420801552563,3813.598388671875,45.215979801909725,1.3010624033583162,0.2587361991309868
2025-01-02 00:00:00+05:30,3837.0675295044302,3895.7411349313184,3815.6006224345697,3888.989013671875,1720835,0.0,0.0,-0.35599548386009294,3830.03662109375,80.14051249674867,1.0708054307147852,0.23910978751652107
2025-01-03 00:00:00+05:30,3892.901405684608,3892.901405684608,3811.2704382055867,3818.348388671875,1791953,0.0,0.0,-0.7653293241147172,3888.989013671875,81.63096747902136,1.3398147926428647,0.5104800689986414
2025-01-06 00:00:00+05:30,3823.563603014824,3864.681605615779,3787.148620607623,3813.78466796875,2085593,0.0,0.0,-0.7754118002789187,3818.348388671875,77.53298500815617,1.3228278805090614,0.5009310093940159
2025-01-07 00:00:00+05:30,3832.364669490885,3856.020287112112,3736.065309985075,3751.6650390625,2669054,0.0,0.0,-1.126725825107627,3813.78466796875,119.95497712703673,1.9018594082093687,0.5578820394020886
2025-01-08 00:00:00+05:30,3757.8118581960475,3842.655853224678,3741.839688389106,3826.264404296875,2181277,0.0,0.0,-0.5726877093357199,3751.6650390625,100.81616483557218,1.7669946618277987,0.39518461264597665
2025-01-09 00:00:00+05:30,3819.3723657494074,3853.5986360350184,3748.870951071417,3761.490478515625,2392472,0.0,0.0,-0.9296630685544535,3826.264404296875,104.7276849636014,2.175193019484606,0.4392458619924365
2025-01-10 00:00:00+05:30,3911.574279957844,4001.9130192806797,3883.6344636724307,3972.7158203125,7894300,0.0,0.0,0.27143792421567414,3761.490478515625,240.4225407650547,2.622615598100735,0.17463075082197785
2025-01-13 00:00:00+05:30,3953.48417981758,4026.081320920444,3937.0927292528613,3996.41845703125,4003771,0.0,0.0,0.3681444315252125,3972.7158203125,88.98859166758257,2.4756446098905447,0.16762805688917265
2025-01-14 00:00:00+05:30,4006.569685669616,4017.6523885968354,3929.3159111555674,3942.3544921875,3441709,0.0,0.0,0.11308086577800466,3996.41845703125,88.33647744126802,2.595617508257934,0.1671331355851483
2025-01-15 00:00:00+05:30,3928.3377943076216,3964.1475039910265,3918.512475086078,3957.767822265625,1653474,0.0,0.0,0.1805797134498682,3942.3544921875,45.635028904948285,2.1570672396016617,0.07737557363727486
2025-01-16 00:00:00+05:30,3967.4536113637214,3999.118734083526,3903.9837578032057,3917.441162109375,2637705,0.0,0.0,-0.013222845519258751,3957.767822265625,95.13497628032019,2.31144517700061,0.1356306629783602
2025-01-17 00:00:00+05:30,3945.5156582213353,3946.179768328342,3888.7499900580783,3911.750244140625,1761466,76.0,0.0,-0.040197882964591536,3917.441162109375,57.429778270263796,2.058374386299122,0.07363954720711229
2025-01-20 00:00:00+05:30,3932.142300220547,3932.142300220547,3858.446917151911,3867.64697265625,1287799,0.0,0.0,-0.2545908863638345,3911.750244140625,73.69538306863615,2.0746781623259247,0.01899407705445136
2025-01-21 00:00:00+05:30,3884.2452782424407,3899.136119079718,3822.3105229606576,3827.859130859375,1971591,0.0,0.0,-0.4461569642618302,3867.64697265625,76.82559611906026,2.1053126457684233,0.05070897784820078
2025-01-22 00:00:00+05:30,3841.2796202434547,3948.598240960883,3835.7784821299006,3942.385986328125,2409223,0.0,0.0,0.13748076048643973,3827.859130859375,120.73911010150778,1.9460431464006924,0.050932522032935405
2025-01-23 00:00:00+05:30,3953.198226312215,3975.3449548724125,3926.688470425829,3931.810546875,1822998,0.0,0.0,0.08381846934996966,3942.385986328125,48.65648444658336,1.660354025455628,0.04997890192944656
2025-01-24 00:00:00+05:30,3892.49689011529,3962.683237549143,3892.49689011529,3938.355224609375,1910099,0.0,0.0,0.11356977241312696,3931.810546875,70.18634743385292,1.4983411855801465,0.060528609204106715
2025-01-27 00:00:00+05:30,3890.5999221421316,3942.149041037749,3832.7910788257336,3855.64892578125,1551782,0.0,0.0,-0.2930149903695517,3938.355224609375,109.35796221201554,1.9401890435408087,0.016554718570244792
2025-01-28 00:00:00+05:30,3861.007499214359,3890.5995312485556,3820.6977771085412,3832.079345703125,2468272,0.0,0.0,-0.4029375874778451,3855.64892578125,69.90175414001442,1.8697602766329968,0.018042088513917087
2025-01-29 00:00:00+05:30,3845.0732274227375,3896.148108723218,3845.0732274227375,3888.5126953125,1217089,0.0,0.0,-0.10231654274994813,3832.079345703125,64.06876302009277,1.4955331960199516,0.05494220147752448
2025-01-30 00:00:00+05:30,3888.6083112735987,3917.0622374954364,3849.3419857109207,3888.75048828125,1531251,0.0,0.0,-0.09858090179407271,3888.5126953125,67.72025178451577,1.3506613760862558,0.000237195854583646
2025-01-31 00:00:00+05:30,3898.1874018590165,3915.686749530312,3874.7129156799383,3900.463623046875,1492943,0.0,0.0,-0.03519602506744819,3888.75048828125,40.97383385037392,0.966256051064969,0.08674043065902756
2025-02-01 00:00:00+05:30,3901.032467350315,3922.752200523697,3846.970018860413,3863.236083984375,437172,0.0,0.0,-0.23102817230127487,3900.463623046875,75.78218166328406,1.0343623828659645,0.05049455511976792
2025-02-03 00:00:00+05:30,3823.1637429283855,3866.8880293594016,3792.623246059982,3858.96826171875,1265713,0.0,0.0,-0.24859839232236486,3863.236083984375,74.26478329941938,0.9824593677926873,0.11644537892159382
2025-02-04 00:00:00+05:30,3873.2426631324765,3906.5813140143973,3856.5023649775358,3895.38916015625,2547132,0.0,0.0,-0.03912510216493383,3858.96826171875,50.07894903686156,0.6038532498491377,0.07825639440990613
2025-02-05 00:00:00+05:30,3936.126163727403,3936.126163727403,3865.939817675396,3880.26171875,1693912,0.0,0.0,-0.12312846498929111,3895.38916015625,70.18634605200668,0.57212465891608,0.14246882075127734
2025-02-06 00:00:00+05:30,3893.8244160755,3926.1671344471406,3842.749763323274,3872.341796875,2284536,0.0,0.0,-0.16580568383051153,3880.26171875,83.41737112386681,0.6279245530427662,0.15923301440150708
2025-02-07 00:00:00+05:30,3879.218228908592,3879.218228908592,3801.444171507491,3821.7412109375,1548940,0.0,0.0,-0.4540979041162242,3872.341796875,77.77405740110135,0.7800839298615195,0.26576690689811694
2025-02-10 00:00:00+05:30,3831.7952057492353,3843.1767756673025,3807.46719267282,3828.90234375,1339511,0.0,0.0,-0.3992902536313776,3821.7412109375,35.70958299448239,0.39104310780680546,0.18587910778028266
2025-02-11 00:00:00+05:30,3811.308028813468,3831.7949459001434,3751.1754977809574,3759.284912109375,1810908,0.0,0.0,-0.7896904747617312,3828.90234375,80.61944811918602,0.6539339176555393,0.2986687886108613
2025-02-12 00:00:00+05:30,3766.445947952812,3814.4855628593755,3737.090798282343,3746.575439453125,1678002,0.0,0.0,-0.8485642566435855,3759.284912109375,77.39476457703267,0.6937870294147391,0.26825971899397144
2025-02-13 00:00:00+05:30,3763.5057059907817,3779.1078947757164,3701.144188811121,3708.636962890625,2277310,0.0,0.0,-1.0594898828821064,3746.575439453125,77.96370596459565,0.8250949466428349,0.30352156404346153
2025-02-14 00:00:00+05:30,3722.721744594235,3744.536419785488,3699.010141125482,3732.064208984375,1681975,0.0,0.0,-0.8719186804496535,3708.636962890625,45.52627866000603,0.4699897022242728,0.20906716801396222
2025-02-17 00:00:00+05:30,3657.7520405391615,3731.2580130898646,3657.4674549788515,3703.2783203125,1799806,0.0,0.0,-1.0348439684925688,3732.064208984375,74.59675400552351,0.5570297351563108,0.19541751157015141
2025-02-18 00:00:00+05:30,3697.4920674632735,3722.152132146799,3665.339229595502,3673.5908203125,2149879,0.0,0.0,-1.2039799119732966,3703.2783203125,56.81290255129716,0.49510313172797027,0.48635600419305547
2025-02-19 00:00:00+05:30,3672.6428039185434,3675.251080308744,3573.955063643061,3589.083251953125,4366672,0.0,0.0,-1.6542249072280444,3673.5908203125,101.29601666568306,1.0165893362452385,0.5469601635490805
2025-02-20 00:00:00+05:30,3567.647585834546,3592.781883594646,3557.973298668796,3584.625,2888572,0.0,0.0,-1.6426733684659596,3589.083251953125,34.80858492585003,0.6714382168897652,0.5664057750848995
2025-02-21 00:00:00+05:30,3581.4955514917533,3620.287642408916,3580.4521483085296,3590.88525390625,1833931,0.0,0.0,-1.5522054434485304,3584.625,39.83549410038631,0.3439904711941452,0.48308254265223394
2025-02-24 00:00:00+05:30,3550.2433706104594,3569.260122487774,3480.8633130033377,3486.1748046875,2508516,0.0,0.0,-2.047270025529004,3590.88525390625,110.02194090291232,1.0530340973058547,0.549742303142144
2025-02-25 00:00:00+05:30,3438.1822449152423,3469.4815591448155,3434.6255046618817,3442.497802734375,4101954,0.0,0.0,-2.2733583251036658,3486.1748046875,51.54930002561832,1.0109331616722153,0.723514783942831
2025-02-27 00:00:00+05:30,3425.5674922476032,3450.5121425585785,3415.1343879133137,3426.373779296875,3823856,0.0,0.0,-2.330057271882655,3442.497802734375,35.37775464526476,0.7314267480117417,0.7312129812557406
2025-02-28 00:00:00+05:30,3400.1963006835795,3414.470731581497,3278.8403664103434,3303.737548828125,7085018,0.0,0.0,-2.775042004496164,3426.373779296875,147.53341288653155,1.8533658429583215,0.8028441598284596
2025-03-03 00:00:00+05:30,3305.397532195103,3341.6762855972443,3297.0035319217445,3313.03271484375,4990439,0.0,0.0,-2.6180874304006565,3303.737548828125,44.672753675499735,1.5435807067890093,0.7691572329448126
2025-03-04 00:00:00+05:30,3294.9643171966636,3367.996053645755,3285.7642616440216,3350.022705078125,2797737,0.0,0.0,-2.225170605749117,3313.03271484375,82.23179200173354,1.4656399878904107,0.6803585339975124
2025-03-05 00:00:00+05:30,3339.400041837824,3414.8029405590255,3339.400041837824,3364.249755859375,2501894,0.0,0.0,-2.0544451522388623,3350.022705078125,75.40289872120138,1.413366499444914,0.7317369893717961
2025-03-06 00:00:00+05:30,3373.6869322947687,3423.4338299242468,3353.8641244726305,3415.988525390625,2786513,0.0,0.0,-1.5823413067012198,3364.249755859375,69.5697054516163,1.174381457659992,0.6089049072280087
2025-03-07 00:00:00+05:30,3414.4707542689284,3438.1823567291294,3390.1899807262357,3425.093505859375,2051315,0.0,0.0,-1.4775698150998497,3415.988525390625,47.99237600289371,0.9124777491115815,0.5856660979219237
2025-03-10 00:00:00+05:30,3420.635765390215,3435.4318979249574,3397.9675660982793,3404.654052734375,1004626,0.0,0.0,-1.5743101474926933,3425.093505859375,37.46433182667806,0.6768454454098323,0.5686288215188319
2025-03-11 00:00:00+05:30,3374.6352261327497,3403.8004968476407,3355.3338893126197,3391.043701171875,1995450,0.0,0.0,-1.6276865468398558,3404.654052734375,49.320163421755296,0.5334286213623,0.5917444042315982
2025-03-12 00:00:00+05:30,3381.274868144773,3385.3058409889845,3307.1524836446633,3325.505126953125,3174167,0.0,0.0,-1.978596928192176,3391.043701171875,83.89121752721167,0.900550545051991,0.5894814721426889
2025-03-13 00:00:00+05:30,3321.806162986754,3342.6723750664873,3304.544161123429,3330.105224609375,1693004,0.0,0.0,-1.889259975636336,3325.505126953125,38.1282139430582,0.5893317496920804,0.5722652331817233
2025-03-17 00:00:00+05:30,3309.1912796488264,3348.505070694925,3298.141765391246,3317.44287109375,2690906,0.0,0.0,-1.9336169243434789,3330.105224609375,50.363305303679226,0.46557603768373557,0.556874819061759
2025-03-19 00:00:00+05:30,3364.2022912119846,3364.2022912119846,3284.294187734508,3316.8740234375,3051244,0.0,0.0,-1.886035807205815,3317.44287109375,79.90810347747674,0.5764112903510815,0.6109126766736058
2025-03-20 00:00:00+05:30,3331.0059291540974,3394.505554527131,3331.0059291540974,3379.519775390625,2845192,0.0,0.0,-1.2732272571064362,3316.8740234375,77.63153108963115,0.42585224168031066,0.4537721241776949
2025-03-21 00:00:00+05:30,3295.9127223046994,3429.883275405574,3286.428081377204,3393.699462890625,4161925,0.0,0.0,-1.1342573457017298,3379.519775390625,143.45519402837,1.0268016177343873,0.4010049302092934
2025-03-24 00:00:00+05:30,3414.4709640539177,3461.6570558488297,3382.7923538442037,3441.928955078125,1834751,0.0,0.0,-0.7343238925232456,3393.699462890625,78.864702004626,0.9030633949514846,0.2223893207788039
2025-03-25 00:00:00+05:30,3457.1517113972473,3518.8018790902024,3450.5124625687754,3469.24462890625,3135390,0.0,0.0,-0.5199250323482905,3441.928955078125,76.87292401207742,0.8480729846735998,0.16854818979334035
2025-03-26 00:00:00+05:30,3459.7601257453803,3490.822326860632,3438.9888533482517,3448.426025390625,1734499,0.0,0.0,-0.650936174554635,3469.24462890625,51.83347351238035,0.7475519035711955,0.2037715225601654
2025-03-27 00:00:00+05:30,3428.5556939598323,3474.2241497420814,3424.4297823215356,3463.0322265625,2528474,0.0,0.0,-0.5274913223318365,3448.426025390625,49.79436742054577,0.5042094090794562,0.03800043134931357
2025-03-28 00:00:00+05:30,3462.8424183134416,3472.279589767322,3406.7880975546004,3420.3037109375,2051919,0.0,0.0,-0.8121946808764757,3463.0322265625,65.49149221272137,0.6227393431551581,0.036499849635411044
2025-04-01 00:00:00+05:30,3388.577667798288,3399.2953585160476,3343.3359762190476,3367.806396484375,2618493,0.0,0.0,-1.1504007899163453,3420.3037109375,76.96773471845245,0.8873996764110276,0.0908820206713295
2025-04-02 00:00:00+05:30,3361.3567956889556,3380.4210168658315,3348.1257677061367,3361.309326171875,1764313,0.0,0.0,-1.1708456335035,3367.806396484375,32.29524915969478,0.5668041924088033,0.10897678812066407
2025-04-03 00:00:00+05:30,3311.088041352429,3321.521146037298,3221.1261324235493,3227.765380859375,4537821,0.0,0.0,-1.7952721352753607,3361.309326171875,140.18319374832572,1.7429129800383218,0.13066935047880232
2025-04-04 00:00:00+05:30,3189.305420015634,3224.445829064787,3125.663387385046,3129.3623046875,5317367,0.0,0.0,-2.241268918690777,3227.765380859375,102.10199347432899,2.3826549838949207,0.30906730799151816
2025-04-07 00:00:00+05:30,2940.2386292720134,3121.7745604042666,2898.5536795332505,3105.31884765625,6623955,0.0,0.0,-2.343757629727174,3129.3623046875,230.8086251542495,3.6712854633362206,0.35775193105511727
2025-04-08 00:00:00+05:30,3131.8764787802443,3176.406829798776,3087.535774303358,3123.245361328125,5557558,0.0,0.0,-2.133933685941902,3105.31884765625,88.8710554954182,3.5604655015750004,0.4242900757092166
2025-04-09 00:00:00+05:30,3092.514474322123,3101.4774131953245,3046.513968346596,3079.283447265625,2990265,0.0,0.0,-2.361609529734934,3123.245361328125,76.7313929815291,3.5947985492444627,0.4770998871616956
2025-04-11 00:00:00+05:30,3120.020055994998,3128.9355257101774,3040.7758359181594,3064.961669921875,7108961,0.0,0.0,-2.4043192420875186,3079.283447265625,88.15968979201807,3.592428387281088,0.4726488828015023
2025-04-15 00:00:00+05:30,3143.5893021337306,3143.5893021337306,3071.69590901875,3080.801025390625,3512160,0.0,0.0,-2.2000591383157437,3064.961669921875,78.6276322118556,3.416105937573815,0.4303378145443733
2025-04-16 00:00:00+05:30,3080.800771527295,3109.159984550683,3062.590308725503,3105.08154296875,2384391,0.0,0.0,-1.9297335989544016,3080.801025390625,46.569675825180184,3.0159223862853786,0.32430963577016514
2025-04-17 00:00:00+05:30,3078.240292358944,3133.3461501914685,3052.1575291360596,3128.88818359375,2932346,0.0,0.0,-1.6791329192716582,3105.08154296875,81.18862105540893,2.880176238673601,0.2879149332477235
2025-04-21 00:00:00+05:30,3120.5418377878595,3181.148601343861,3114.851053170071,3150.41845703125,2432946,0.0,0.0,-1.4604985690169359,3128.88818359375,66.29754817379035,2.6610001684319617,0.2359953113605678
2025-04-22 00:00:00+05:30,3151.3669464223676,3162.0844056249766,3125.189244347029,3143.58935546875,2710498,0.0,0.0,-1.4742143958849756,3150.41845703125,36.89516127794741,2.3613431230695903,0.2426939536970297
2025-04-23 00:00:00+05:30,3191.581874951358,3244.6009284823726,3165.3094642241085,3237.108154296875,3543923,0.0,0.0,-0.6556523295471116,3143.58935546875,101.01157301362264,2.1877012815979167,0.19118786504185487
2025-04-24 00:00:00+05:30,3225.8214222352462,3236.633820616935,3213.1118640484187,3226.295654296875,2252175,0.0,0.0,-0.7104229528065044,3237.108154296875,23.996290248456262,1.8348960450295377,0.22576046315917014
2025-04-25 00:00:00+05:30,3243.74768887761,3298.5689680598452,3229.5207253299013,3270.3046875,2742991,0.0,0.0,-0.38680256450705985,3226.295654296875,72.27331376297025,1.6572514172635509,0.23277706418767785
2025-04-28 00:00:00+05:30,3257.9744314894683,3279.5994609272393,3229.5205063236217,3266.036376953125,1593296,0.0,0.0,-0.405690057584736,3270.3046875,50.0789546036176,1.4827060546198356,0.28450859824463115
2025-04-29 00:00:00+05:30,3276.943382576269,3314.881945616226,3253.6110736832507,3293.54150390625,1578332,0.0,0.0,-0.20616906484299388,3266.036376953125,61.2708719329753,1.2926506599842116,0.21484005530783523
2025-04-30 00:00:00+05:30,3293.06738873724,3329.014085869881,3192.53019311335,3275.71044921875,2809332,0.0,0.0,-0.32304529098309787,3293.54150390625,136.48389275653108,1.7742717179891194,0.25867660822025695
2025-05-02 00:00:00+05:30,3293.0674491310842,3311.562499608635,3243.7473145242825,3254.180419921875,1721761,0.0,0.0,-0.4656022366924792,3275.71044921875,67.81518508435238,1.7649034750571921,0.2363211008760094
2025-05-05 00:00:00+05:30,3272.2013429677813,3323.892639545098,3268.786779377753,3276.27978515625,1284443,0.0,0.0,-0.29171707968665767,3254.180419921875,69.71221962322306,1.6347607059593547,0.13608734146290996
2025-05-06 00:00:00+05:30,3281.685791015625,3294.01582433447,3259.871116682284,3281.685791015625,1324763,0.0,0.0,-0.24471516759380682,3276.27978515625,34.14470765218584,1.3177246101613234,0.11858149282558299
2025-05-07 00:00:00+05:30,3244.3163408615387,3281.211501134211,3244.3163408615387,3267.5537109375,1477128,0.0,0.0,-0.3441659001033785,3281.685791015625,37.36945015408628,1.096727361876025,0.07207313583791383
2025-05-08 00:00:00+05:30,3270.304189784248,3297.809648457028,3251.9987864937443,3271.15771484375,2543591,0.0,0.0,-0.3077444094933975,3267.5537109375,45.810861963283514,0.8906461878905602,0.31010080515985733
2025-05-09 00:00:00+05:30,3223.8296054868374,3268.5970664946117,3222.976080385976,3263.001220703125,2531757,0.0,0.0,-0.3643697580418324,3271.15771484375,48.18163445777418,0.7477235640527444,0.3572575555342902
2025-05-12 00:00:00+05:30,3324.3666713915923,3443.3989159735165,3321.7109255991563,3433.8193359375,2228678,0.0,0.0,0.7146825230534081,3263.001220703125,180.39769527039152,1.0034817099007978,0.5226226135341694
2025-05-13 00:00:00+05:30,3433.819342081611,3436.2854413701325,3329.5832299005933,3333.851318359375,3062887,0.0,0.0,0.11114234709627245,3433.8193359375,106.70221146953918,1.5074627191187062,0.39148230968968556
2025-05-14 00:00:00+05:30,3339.5422865093847,3377.4808526725133,3327.7814236222675,3365.814697265625,2119499,0.0,0.0,0.28142755718042206,3333.851318359375,49.699429050245726,1.2179790060920883,0.450440683219824
2025-05-15 00:00:00+05:30,3380.3257647168743,3414.470469410984,3332.9975027782,3395.40625,3548330,0.0,0.0,0.4355293920415814,3365.814697265625,81.47296663278394,1.1603748047242486,0.461527799515845
2025-05-16 00:00:00+05:30,3408.6851728219754,3408.6851728219754,3363.3487722739774,3377.765380859375,1666727,0.0,0.0,0.3243952077488019,3395.40625,45.33640054799798,1.0009143505949778,0.4039636368239547
2025-05-19 00:00:00+05:30,3367.0473541083206,3367.0473541083206,3323.1334225866804,3337.455322265625,2537377,0.0,0.0,0.08156573327462459,3377.765380859375,54.631958272694646,0.9816756067384128,0.30160498756744525
2025-05-20 00:00:00+05:30,3349.785756293493,3374.6354708973113,3313.9337648440714,3318.01220703125,2038374,0.0,0.0,-0.03509010872394965,3337.455322265625,60.70170605323983,0.9476280885240617,0.24308783420575694
2025-05-21 00:00:00+05:30,3327.212019490534,3354.7174780325026,3318.0119641520128,3344.0947265625,1440153,0.0,0.0,0.12215030307368192,3318.01220703125,36.70551388048989,0.6108986095535244,0.28292377418185777
2025-05-22 00:00:00+05:30,3314.881923566922,3317.5376692737764,3273.4340900331863,3297.8095703125,2034383,0.0,0.0,-0.1624601197189404,3344.0947265625,70.6606365293137,0.7453403627208138,0.09176928440162446
2025-05-23 00:00:00+05:30,3297.8098235860703,3352.820743852965,3286.9974249846496,3333.47216796875,1274331,0.0,0.0,0.06162924255368631,3297.8095703125,65.82331886831525,0.5972940775979875,0.15616412431659632
2025-05-26 00:00:00+05:30,3339.542185709067,3362.3053247198645,3329.204019365113,3355.002197265625,967470,0.0,0.0,0.1930960518497711,3333.47216796875,33.10130535475173,0.25776810314489795,0.12758956381280298
2025-05-27 00:00:00+05:30,3349.9750123424055,3357.5627247146417,3303.595213090552,3318.39111328125,2467680,0.0,0.0,-0.043872519840771694,3355.002197265625,53.96751162408964,0.25580260780264436,0.07520388284824032
2025-05-28 00:00:00+05:30,3338.593667057572,3347.129844047208,3312.985136088664,3317.44287109375,1222933,0.0,0.0,-0.0489177377953872,3318.39111328125,34.14470795854368,0.00035010024610510504,0.03569425880270007
2025-05-29 00:00:00+05:30,3324.0822341714443,3350.4495836467595,3306.820233088302,3317.822509765625,3188072,0.0,0.0,-0.045193344028742026,3317.44287109375,43.629350558457645,-0.17860092530183513,0.06457297070255688
2025-05-30 00:00:00+05:30,3310.1398835450454,3325.979188538535,3275.141649033021,3284.91064453125,3404365,0.0,0.0,-0.2655622039748755,3317.822509765625,50.83753950551363,-0.19278502184464535,0.04631225033362437
2025-06-02 00:00:00+05:30,3272.201121116267,3281.6857620470387,3242.41944121709,3272.011474609375,1877585,0.0,0.0,-0.3483366914414216,3284.91064453125,42.491203314159975,-0.3312648086262311,0.006523037706612919
2025-06-03 00:00:00+05:30,3268.407343175387,3294.490106360913,3225.252225904789,3229.7099609375,2848125,0.0,0.0,-0.6311015797233873,3272.011474609375,69.237880456124,-0.15608150596763415,0.07519221620185942
2025-06-04 00:00:00+05:30,3242.9150002967904,3248.465034332547,3224.7340073768614,3235.1640625,2544807,30.0,0.0,-0.5751495012026442,3229.7099609375,23.731026955685593,-0.5003889744778715,0.04745308272634535
2025-06-05 00:00:00+05:30,3262.0528233362247,3262.0528233362247,3218.7054627680072,3225.78662109375,3584683,0.0,0.0,-0.6305117455075406,3235.1640625,43.34736056821748,-0.6226977032976382,0.06591426605472048
2025-06-06 00:00:00+05:30,3225.787088056256,3244.733411943636,3213.9214562860475,3238.322265625,2070390,0.0,0.0,-0.5172280572580933,3225.78662109375,30.81195565758844,-0.9142023154605722,0.03562646505180701
2025-06-09 00:00:00+05:30,3253.440835404879,3285.975243758928,3244.7330032516393,3274.396728515625,1718678,0.0,0.0,-0.22046468981768608,3238.322265625,47.65297813392817,-1.1198894557839485,0.2857187237332566
2025-06-10 00:00:00+05:30,3291.7168496023487,3335.5426613582063,3275.6409764041855,3313.629638671875,2419874,0.0,0.0,0.08354928862933535,3274.396728515625,61.14593284258126,-1.2109273369229674,0.04066822607032243
2025-06-11 00:00:00+05:30,3320.423449229873,3338.604442179547,3300.424450431947,3322.241455078125,2847013,0.0,0.0,0.14693387359215204,3313.629638671875,38.179991747599615,-1.4054348390597984,0.0919492145399242
2025-06-12 00:00:00+05:30,3322.241373890929,3324.920724772973,3275.6406661399797,3286.16650390625,4060134,0.0,0.0,-0.13646105349847054,3322.241455078125,49.28005863299313,-1.3594778044948677,0.22740884251955698
2025-06-13 00:00:00+05:30,3246.933943792306,3301.76403815699,3246.933943792306,3297.1708984375,2178493,0.0,0.0,-0.04607291664067924,3286.16650390625,54.8300943646841,-1.4043325058885743,0.17012720566522074
2025-06-16 00:00:00+05:30,3291.716884024651,3357.7426005937496,3278.5116939874692,3345.590087890625,1934088,0.0,0.0,0.3304892640391499,3297.1708984375,79.23090660628031,-1.3505473828471666,0.016882716800025944
2025-06-17 00:00:00+05:30,3358.6991651797816,3368.268108670322,3337.743272382211,3363.770751953125,2111940,0.0,0.0,0.46297722436993044,3345.590087890625,30.52483628811069,-1.631946189334513,0.0952157667600568
2025-06-18 00:00:00+05:30,3367.4071820205213,3385.4923927635227,3294.683207501011,3302.625244140625,2696327,0.0,0.0,-0.03853473125187984,3363.770751953125,90.80918526251162,-1.1530664862197484,0.08042326388938209
2025-06-19 00:00:00+05:30,3301.2855030665887,3302.242397415304,3265.8804121641356,3276.40625,2672768,0.0,0.0,-0.24122875915630107,3302.625244140625,36.74483197648942,-1.2544587748248535,0.043188930139437365
2025-06-20 00:00:00+05:30,3277.3633274014865,3297.7452248908758,3263.871022884297,3287.60205078125,2351248,0.0,0.0,-0.14536315459034135,3276.40625,33.8742020065788,-1.4848491348335964,0.09736657725522062
2025-06-23 00:00:00+05:30,3267.7943410253647,3277.3632849229502,3224.7340934862314,3247.31689453125,3123421,0.0,0.0,-0.4608011509209637,3287.60205078125,62.86795729501864,-1.3015816928520845,0.21982758835511196
2025-06-24 00:00:00+05:30,3286.549310178985,3293.726017546798,3236.2165757260095,3244.25439453125,3403048,0.0,0.0,-0.47473385478923363,3247.31689453125,57.50944182078865,-1.282624688961549,0.1624686607506867
2025-06-25 00:00:00+05:30,3260.426516604334,3301.2858630262535,3253.441140373699,3296.31005859375,1757699,0.0,0.0,-0.023907955490136874,3244.25439453125,57.03146849500354,-1.4309324457681192,0.04164746116961236
2025-06-26 00:00:00+05:30,3296.3098921986184,3302.625255099875,3268.081507258558,3293.439208984375,2879106,0.0,0.0,-0.04667284172672424,3296.31005859375,34.54374784131733,-1.608091785635095,0.0478185887019164
2025-06-27 00:00:00+05:30,3306.0705155665805,3316.979019479463,3283.1050474410818,3292.769775390625,1778433,0.0,0.0,-0.051107756187132654,3293.439208984375,33.87397203838145,-1.78927312772913,0.016453049443992115
2025-06-30 00:00:00+05:30,3291.621336677149,3315.543699464758,3282.148174459985,3312.768798828125,1468351,0.0,0.0,0.11991253264382078,3292.769775390625,33.395525004772935,-2.0280035999189785,0.08407558755007258
2025-07-01 00:00:00+05:30,3306.0700701470973,3334.776901436363,3266.35895353028,3281.860595703125,2375183,0.0,0.0,-0.14911962487865457,3312.768798828125,68.4179479060831,-1.794002415319233,0.11016730180391356
2025-07-02 00:00:00+05:30,3336.8820295980254,3339.4655976963195,3272.57877409358,3275.736572265625,3090585,0.0,0.0,-0.19924862991840014,3281.860595703125,66.8868236027397,-1.6574104857239773,0.08558759228406108
2025-07-03 00:00:00+05:30,3282.147812903343,3287.2193999790024,3251.144527592608,3254.20654296875,2531870,0.0,0.0,-0.38611412210285945,3275.736572265625,36.07487238639442,-1.7501356667804981,0.05845324463512417
2025-07-04 00:00:00+05:30,3261.095807453449,3279.276799337726,3243.967492756551,3272.38720703125,1109320,0.0,0.0,-0.20721780545132687,3254.20654296875,35.30930658117495,-1.959178872799444,0.06925961260680812
2025-07-07 00:00:00+05:30,3270.95207089655,3278.415893704088,3261.478676465787,3264.636474609375,1639174,0.0,0.0,-0.27433116553191955,3272.38720703125,16.937217238300946,-2.245514292166198,0.02105678981133268
2025-07-08 00:00:00+05:30,3258.2250645884633,3277.3629504303926,3247.1249973534364,3259.373291015625,2325242,0.0,0.0,-0.31797562237096405,3264.636474609375,30.237953076956273,-2.399772924236655,0.12630950757059065
2025-07-09 00:00:00+05:30,3263.0097947012437,3266.837372173034,3221.8633368794976,3237.939208984375,2034938,0.0,0.0,-0.5169625101752932,3259.373291015625,44.97403529353642,-2.364060687877734,0.1905682244641162
2025-07-10 00:00:00+05:30,3234.303008112803,3252.484001353674,3211.33754296644,3236.216796875,3035012,0.0,0.0,-0.5215321270719743,3237.939208984375,41.146458387233906,-2.417805624379435,0.12241959919868457
2025-07-11 00:00:00+05:30,3157.655913683438,3191.2430024482833,3120.528595780786,3125.21728515625,7635550,0.0,0.0,-1.3040063026160504,3236.216796875,115.68820109421404,-1.4968306221103602,0.3384809537723372
2025-07-14 00:00:00+05:30,3125.217020314649,3130.9583865491522,3062.0619917351123,3083.783447265625,3924009,0.0,0.0,-1.5944815626234554,3125.21728515625,68.89639481403992,-1.2324460442999934,0.5225365701532974
2025-07-15 00:00:00+05:30,3067.8036497758007,3118.901720676558,3067.8036497758007,3112.10791015625,2590889,0.0,0.0,-1.2769234046660685,3083.783447265625,51.09807090075719,-1.3362255655821342,0.4923231741419421
2025-07-16 00:00:00+05:30,3098.3774165813243,3115.5638600833036,3092.2326031663256,3104.234375,2540733,11.0,0.0,-1.313205918963826,3112.10791015625,23.331256916977964,-1.5652637083180465,0.43326044870697766
2025-07-17 00:00:00+05:30,3095.593117992358,3112.7795615982277,3076.3902829424,3081.286865234375,2947640,0.0,0.0,-1.4774400142743895,3104.234375,36.38927865582764,-1.622460687286079,0.4291822376833012
2025-07-18 00:00:00+05:30,3096.4574198500977,3100.1060057073505,3059.972030096825,3062.75634765625,3432645,0.0,0.0,-1.6063046024669128,3081.286865234375,40.13397561052534,-1.6538079443602662,0.4867155336881213
2025-07-21 00:00:00+05:30,3062.8521341278406,3070.1493050764375,3026.3667482040605,3032.319580078125,3844346,0.0,0.0,-1.8335267675177502,3062.75634765625,43.78255687237697,-1.611201419206231,0.4755347429707577
2025-07-22 00:00:00+05:30,3033.6640625,3053.3469689942053,3028.8633535989743,3033.6640625,3198036,0.0,0.0,-1.7705223702855566,3032.319580078125,24.483615395231027,-1.8329431180763758,0.46756401931013847
2025-07-23 00:00:00+05:30,3033.6641973444102,3055.1712804131353,3031.7439136986445,3052.386962890625,1922875,0.0,0.0,-1.516181268536984,3033.6640625,23.427366714490745,-2.101996163491307,0.584854677419638
2025-07-24 00:00:00+05:30,3038.944640160175,3047.2017182749632,3014.8449893161333,3022.526123046875,2934778,0.0,0.0,-1.7522702533896302,3052.386962890625,37.54197357449175,-2.0852968256672653,0.6100874506694874
2025-07-25 00:00:00+05:30,3014.8450484057557,3031.0713499661365,3001.0191011832776,3010.8125,2568917,0.0,0.0,-1.8263772506736806,3022.526123046875,30.052248782858896,-2.18594887589042,0.6195496893660234
2025-07-28 00:00:00+05:30,2986.041003699968,2993.72213811463,2947.539223682625,2956.564697265625,3374473,0.0,0.0,-2.225002548842905,3010.8125,63.27327631737489,-1.8504585085649232,0.7279140519683452
2025-07-29 00:00:00+05:30,2938.0339265993125,2951.4759118844077,2919.9832137631183,2934.193359375,4785312,0.0,0.0,-2.391319390698819,2956.564697265625,36.58148350250667,-1.8655605165802118,0.7230831412704434
2025-07-30 00:00:00+05:30,2938.033974050545,2946.6752504448114,2925.7441118523307,2931.88916015625,2880121,0.0,0.0,-2.351195176420639,2934.193359375,20.931138592480693,-2.078821632705691,0.7208655511088613
2025-07-31 00:00:00+05:30,2920.4631457840833,2937.841805411508,2894.827407662822,2915.758544921875,2968371,0.0,0.0,-2.46548129005701,2931.88916015625,43.01439774868595,-2.0329328037004615,0.7176696546208025
2025-08-01 00:00:00+05:30,2909.133629601001,2915.7587488570334,2880.4254827204045,2883.305908203125,2053847,0.0,0.0,-2.728240418232891,2915.758544921875,35.333266136628936,-2.0121088035656998,0.8008012650601501
2025-08-04 00:00:00+05:30,2889.1625521624956,2956.660327755159,2872.360072011628,2951.859619140625,2519252,0.0,0.0,-1.593202636085735,2883.305908203125,84.30025574353112,-1.8316312838195241,0.5721514216096093
2025-08-05 00:00:00+05:30,2951.859809051624,2954.836342347973,2920.751308991888,2941.7783203125,1927996,0.0,0.0,-1.6504216777013039,2951.859619140625,34.085033356085205,-1.8983037190444938,0.5758893649837287
2025-08-06 00:00:00+05:30,2940.9140476547227,2944.5626330221426,2905.3888045064286,2911.437744140625,1487081,0.0,0.0,-1.8877841159103177,2941.7783203125,39.17382851571392,-1.8532438946831342,0.5826298876694281
2025-08-07 00:00:00+05:30,2895.7876067904904,2929.9687479023937,2890.890789951502,2925.552001953125,2543076,0.0,0.0,-1.6759109479820529,2911.437744140625,39.07795795089169,-1.9308581406249765,0.5423764718418669
2025-08-08 00:00:00+05:30,2926.6083584758467,2937.841970823321,2904.4289887975438,2915.37451171875,2762140,0.0,0.0,-1.7378334407440674,2925.552001953125,33.41298202577718,-1.9870545527012782,0.44461756359283616
2025-08-11 00:00:00+05:30,2915.3743566889298,2928.3362704951187,2900.8763567070323,2919.59912109375,1884215,0.0,0.0,-1.643799186177086,2915.37451171875,27.459913788086396,-2.1299100198720846,0.3776495171413826
2025-08-12 00:00:00+05:30,2919.7909498577897,2972.982707005533,2906.2528579377536,2914.4140625,3358232,0.0,0.0,-1.6581488851584056,2919.59912109375,66.72984906777947,-1.8859655308703425,0.48028968486983753
2025-08-13 00:00:00+05:30,2915.0864995163706,2923.0554886191444,2907.8854362960733,2915.182373046875,2148166,0.0,0.0,-1.6054579325556788,2914.4140625,15.170052323071104,-2.13128156156775,0.4673621962414605
2025-08-14 00:00:00+05:30,2913.0702823357074,2934.0972944331475,2898.764262979319,2901.836669921875,3342174,0.0,0.0,-1.7133400488208002,2915.182373046875,35.333031453828426,-2.1421901466145603,0.45441158105713747
2025-08-18 00:00:00+05:30,2925.072007661826,2927.4723621732833,2883.6898021204543,2891.178955078125,2945609,0.0,0.0,-1.7932511754584282,2901.836669921875,43.78256005282901,-2.081028567690872,0.44331356198956534
2025-08-19 00:00:00+05:30,2891.1790271854784,2904.429031301108,2891.083153648401,2895.979736328125,2650784,0.0,0.0,-1.683191176175131,2891.178955078125,13.345877652706804,-2.334461185415907,0.3772568273968679
2025-08-20 00:00:00+05:30,2890.890836056874,2979.7039520714934,2890.890836056874,2975.095458984375,4952358,0.0,0.0,-0.5676507474326492,2895.979736328125,88.81311601461948,-2.090883436555337,0.1333622779607046
2025-08-21 00:00:00+05:30,3005.2435803513467,3005.2435803513467,2960.213027495864,2978.935791015625,3230726,0.0,0.0,-0.515698170384981,2975.095458984375,45.03055285548271,-2.0669355881868996,0.1731168701140126
2025-08-22 00:00:00+05:30,2962.997732386061,2972.3110613965996,2928.432625981039,2932.273193359375,1593791,0.0,0.0,-0.927123030920118,2978.935791015625,50.50316503458589,-1.8723578319641367,0.20461416351819728
2025-08-25 00:00:00+05:30,2964.245782645686,3026.366909314735,2954.4523833109183,3015.42138671875,3448370,0.0,0.0,-0.07889035436688556,2932.273193359375,94.09371595536004,-1.6581698226382386,0.008992547018188019
2025-08-26 00:00:00+05:30,3004.283909445262,3035.9685911364395,2995.6426326203955,3031.35986328125,5522097,0.0,0.0,0.05696379475455968,3015.42138671875,40.32595851604401,-1.7353965255630546,0.15772462531771606
2025-08-28 00:00:00+05:30,3019.6456977878825,3021.0859103623443,2963.477407383879,2970.390380859375,3116051,0.0,0.0,-0.4420738692531097,3031.35986328125,67.88245589737107,-1.4051908216444475,0.07058539560299874
2025-08-29 00:00:00+05:30,2969.7187359392783,2990.8418565958136,2954.548447858567,2961.74951171875,2271789,0.0,0.0,-0.503473414352093,2970.390380859375,36.29340873724641,-1.464704968979952,0.05751794555386676
2025-09-01 00:00:00+05:30,2966.8380558481663,3006.2999761800884,2966.8380558481663,2988.537353515625,1246862,0.0,0.0,-0.25685152950408385,2961.74951171875,44.55046446133838,-1.5413016806821522,0.137368876043508
2025-09-02 00:00:00+05:30,2996.6984112924383,3029.2471217848606,2979.4158603599094,2987.48095703125,2185229,0.0,0.0,-0.2596217488418573,2988.537353515625,49.83126142495121,-1.505891759098139,0.20901500623320768
2025-09-03 00:00:00+05:30,3005.1475613511693,3016.6692623196923,2964.917715899919,2974.0390625,1799774,0.0,0.0,-0.3713605516770836,2987.48095703125,51.75154641977315,-1.4272185911021387,0.05003285149307696
2025-09-04 00:00:00+05:30,2991.8014698280053,2993.7217531847627,2967.60594641478,2972.310546875,1481391,0.0,0.0,-0.3779005064232066,2974.0390625,26.115806769982555,-1.5774110208476884,0.07019793054749446
2025-09-05 00:00:00+05:30,2973.6550115959403,2979.703716897792,2907.8853038462717,2926.800048828125,2802055,0.0,0.0,-0.7648289415494056,2972.310546875,71.81841305152057,-1.2592920346420302,0.03412975207059832
2025-09-08 00:00:00+05:30,2928.432609909376,2942.7386295513115,2895.7877873726816,2898.668212890625,2626187,0.0,0.0,-0.9969775474693328,2926.800048828125,46.950842178629955,-1.187817682207173,0.05792268208802758
2025-09-09 00:00:00+05:30,2911.246178939102,2938.034042622692,2909.997947659983,2927.8564453125,2489301,0.0,0.0,-0.6776089398902733,2898.668212890625,39.36582973206714,-1.3170373850351962,0.02583486023424496
2025-09-10 00:00:00+05:30,2934.5773210773896,2998.2347696750494,2931.696895660388,2986.041015625,2079428,0.0,0.0,-0.10887132609268542,2927.8564453125,70.37832436254939,-1.2768615092549753,0.12370418923132728
2025-09-11 00:00:00+05:30,3013.885194748687,3013.885194748687,2986.137189714118,2999.675048828125,2263446,0.0,0.0,0.013163290325380494,2986.041015625,27.8441791236869,-1.4564401421782294,0.1562838849878344
2025-09-12 00:00:00+05:30,3018.685652923867,3023.198272253378,2996.602392740264,3008.508056640625,1447167,0.0,0.0,0.09140821549977898,2999.675048828125,26.59587951311414,-1.6258052680652721,0.16857454575602374
2025-09-15 00:00:00+05:30,3009.0844623500607,3009.0844623500607,2972.5990732086116,2987.865234375,1732539,0.0,0.0,-0.09861893031826705,3008.508056640625,36.485389141449104,-1.6405456973180248,0.15337216099391382
2025-09-16 00:00:00+05:30,3003.3238944500986,3024.4470164698882,2985.1773061151375,3020.318359375,2573429,0.0,0.0,0.1999569470645971,2987.865234375,39.269710354750714,-1.7537984607706942,0.22161894471079618
2025-09-17 00:00:00+05:30,3026.366894691811,3055.5551110798156,3017.1494398273812,3046.337890625,2418271,0.0,0.0,0.42874817383030633,3020.318359375,38.40567125243433,-1.8543388145972957,0.24896702859575315
2025-09-18 00:00:00+05:30,3058.0514988629902,3075.334050504916,3035.392059613066,3050.082275390625,2633138,0.0,0.0,0.4528278059987053,3046.337890625,39.941990891849855,-1.8880125901533662,0.14187091910827318
2025-09-19 00:00:00+05:30,3043.64975218093,3053.731241896356,3018.6860633617807,3042.881591796875,4901694,0.0,0.0,0.3724424954230712,3050.082275390625,35.04517853457537,-1.9321004860611999,0.12021763117262702
2025-09-22 00:00:00+05:30,2971.6388949892716,2983.0644887376598,2942.8346407567424,2951.283935546875,3634901,0.0,0.0,-0.4538882484620388,3042.881591796875,100.04695104013263,-1.2843505848500256,0.03295601040466636
2025-09-23 00:00:00+05:30,2947.6353061603577,2957.9087764692863,2930.352753876681,2940.338134765625,3177741,0.0,0.0,-0.5364683339288903,2951.283935546875,27.55602259260513,-1.3925401277155236,0.14878292441625607
2025-09-24 00:00:00+05:30,2928.4322252766387,2935.1532172690772,2912.1098161521463,2914.4140625,1625714,0.0,0.0,-0.7460972520025814,2940.338134765625,28.228318613478677,-1.4538757221030527,0.22724016649382858
2025-09-25 00:00:00+05:30,2901.548445826189,2908.845617084501,2833.3783797594588,2839.523193359375,4974361,0.0,0.0,-1.2860063986063837,2914.4140625,81.03568274054123,-0.9995849085272298,0.24759349791775212
2025-09-26 00:00:00+05:30,2823.7769658283983,2837.0269692313786,2776.057966398974,2783.547119140625,3934636,0.0,0.0,-1.6702602827288118,2839.523193359375,63.465226960401196,-0.7389841270507812,0.3094372561579717
2025-09-29 00:00:00+05:30,2799.773476015783,2812.5434087793974,2778.6503565122343,2780.666748046875,3110035,0.0,0.0,-1.6526174916636915,2783.547119140625,33.89305226716306,-0.8286676767209027,0.37658784357573527
2025-09-30 00:00:00+05:30,2794.9727356006983,2799.101392157332,2770.105157137798,2773.2734375,2253458,0.0,0.0,-1.6775978504876108,2780.666748046875,28.996235019534197,-0.9392806916255764,0.38366353518586865
2025-10-01 00:00:00+05:30,2775.7696811050214,2808.2225177556543,2752.3423171660024,2798.044921875,1952902,0.0,0.0,-1.3778338389068943,2773.2734375,55.88020058965185,-0.9246412162176516,0.30895088051635244
2025-10-03 00:00:00+05:30,2807.4548247704774,2807.4548247704774,2775.866251046319,2786.235595703125,2899519,0.0,0.0,-1.4507882717231526,2798.044921875,31.588573724158323,-1.0025621082845408,0.3209673622420124
2025-10-06 00:00:00+05:30,2786.3316788238635,2874.28076699856,2780.1868646812827,2869.287841796875,2112774,0.0,0.0,-0.5589127760293908,2786.235595703125,94.0939023172773,-0.8517430605815397,0.09317136221538773
2025-10-07 00:00:00+05:30,2875.624650921264,2884.745997894136,2837.699050349848,2855.173583984375,3062943,0.0,0.0,-0.657253818505935,2869.287841796875,47.04694754428783,-0.8243549127574193,0.07209980347528225
2025-10-08 00:00:00+05:30,2856.421663900003,2921.711301932003,2849.70067174965,2906.541015625,4121889,0.0,0.0,-0.21104373350778063,2855.173583984375,72.010630182353,-0.7781516451096238,0.034080963953997644
2025-10-09 00:00:00+05:30,2913.070135429991,2943.794672125363,2899.628150625765,2939.666015625,3211304,0.0,0.0,0.053526305646596044,2906.541015625,44.16652149959782,-0.8890761946070587,0.07724332672668227
2025-10-10 00:00:00+05:30,2928.4324419455565,2947.635277630445,2887.0502372807746,2907.597412109375,8817365,0.0,0.0,-0.1983124952485237,2939.666015625,60.585040349670635,-0.7344420217595821,0.14879789919381248
2025-10-13 00:00:00+05:30,2906.348987711864,2914.510192335436,2878.6968592818434,2887.338134765625,2866865,0.0,0.0,-0.3545269206626747,2907.597412109375,35.81333305359249,-0.7813919310445524,0.19226108757565522
2025-10-14 00:00:00+05:30,2900.5884226064827,2906.5412549765147,2837.699133735008,2842.307861328125,3611416,0.0,0.0,-0.6979271193198657,2887.338134765625,68.84212124150645,-0.5385615795363895,0.22235271258128866
2025-10-15 00:00:00+05:30,2863.2201408860237,2871.604481316868,2843.945686891503,2862.063720703125,4282226,11.0,0.0,-0.5118197586839481,2842.307861328125,29.296619988742805,-0.7244077724302433,0.2465307715156441
2025-10-16 00:00:00+05:30,2862.1601270799792,2867.075207263124,2836.332545372744,2862.93115234375,3251495,0.0,0.0,-0.49176946731841514,2862.063720703125,30.742661890380077,-0.8502176688368596,0.2973643752068236
2025-10-17 00:00:00+05:30,2862.2568312933195,2880.374867719902,2848.1863837329993,2854.73974609375,4374683,0.0,0.0,-0.5498742577343977,2862.93115234375,32.18848398690261,-0.9390097635698988,0.31444911285926674
2025-10-20 00:00:00+05:30,2877.1943748710046,2913.333979311689,2870.4483153754104,2905.81689453125,3133039,0.0,0.0,-0.08427134233198376,2854.73974609375,58.594233217938836,-0.974075728655589,0.20608198760682334
2025-10-21 00:00:00+05:30,2921.1404673344027,2921.815026282457,2887.3137006926995,2897.62548828125,310644,0.0,0.0,-0.15125384171314038,2905.81689453125,34.50132558975747,-1.0455054797607461,0.09224551741389377
2025-10-23 00:00:00+05:30,2944.1731825516827,2985.613263353556,2925.958915568601,2961.712890625,5564758,0.0,0.0,0.3739627201749911,2897.62548828125,87.9877750723058,-0.9053743140554253,0.033669874401842576
2025-10-24 00:00:00+05:30,2968.2660284834456,2977.9032558486515,2947.3532921577225,2952.075439453125,2684318,0.0,0.0,0.28596380937307975,2961.712890625,30.549963690928962,-1.008362541528404,0.06088688398609549
2025-10-27 00:00:00+05:30,2955.256119066933,2981.9511949510156,2949.1846180560947,2972.988525390625,1946312,0.0,0.0,0.44910248803388353,2952.075439453125,32.766576894920945,-1.1581906332007472,0.23640222549529205
2025-10-28 00:00:00+05:30,2964.4112497423184,2978.0960660621163,2929.9099274122086,2946.9677734375,3470737,0.0,0.0,0.21534078463261536,2972.988525390625,48.18613864990766,-1.088388688369651,0.305679984765572
2025-10-29 00:00:00+05:30,2946.96788369373,2964.4113606511696,2935.596142774,2946.678955078125,2895420,0.0,0.0,0.207540122283945,2946.9677734375,28.815217877169744,-1.2128165774221427,0.3120401328584107
2025-10-30 00:00:00+05:30,2938.487165302022,2952.653842834952,2922.778437237614,2925.187744140625,2241536,0.0,0.0,0.012864949774346485,2946.678955078125,29.875405597337704,-1.2764037654534226,0.27817025920165656
2025-10-31 00:00:00+05:30,2924.898585437403,2956.1231088421955,2915.357824198127,2947.064208984375,1868085,0.0,0.0,0.20633617205964971,2925.187744140625,40.76528464406829,-1.3529900073682624,0.27432339692294416
2025-11-03 00:00:00+05:30,2936.367047373489,2947.06446508497,2900.80576844531,2907.359130859375,2194877,0.0,0.0,-0.15541329002978585,2947.064208984375,46.258696639659775,-1.2505700187124866,0.21208048527129794
2025-11-04 00:00:00+05:30,2910.0577150577624,2919.405779977123,2868.039303195767,2881.72412109375,2670720,0.0,0.0,-0.38104058669972674,2907.359130859375,51.36647678135614,-1.145007715291571,0.02420906702963554
2025-11-06 00:00:00+05:30,2881.627605776501,2914.2977142131544,2881.531139384038,2901.6728515625,2542721,0.0,0.0,-0.18492849966673425,2881.72412109375,32.76657482911651,-1.2759191787825537,0.08950121403534823
2025-11-07 00:00:00+05:30,2892.1320716871546,2895.023240036059,2853.1012989769483,2883.265869140625,1830520,0.0,0.0,-0.3510087681524471,2901.6728515625,48.57155258555167,-1.2025908359300315,0.047834418202316986
2025-11-10 00:00:00+05:30,2884.422275161144,2937.3305615709287,2883.4585523829414,2915.4541015625,1556656,0.0,0.0,-0.03407090389964626,2883.265869140625,54.064692430303694,-1.205349024840309,0.049855619188571794
2025-11-11 00:00:00+05:30,2934.5359333014544,2944.847720230334,2908.5154176367123,2936.46337890625,2806868,0.0,0.0,0.16379537057075577,2915.4541015625,36.332302593621534,-1.3117534177179848,0.06082407138282357
2025-11-12 00:00:00+05:30,2948.991669923252,3022.619995280987,2946.1969680097523,3018.18701171875,4460315,0.0,0.0,0.8191884139305834,2936.46337890625,86.15661637473704,-1.1961705284248685,0.2441002476267772
2025-11-13 00:00:00+05:30,3018.186949242595,3018.2831803470704,2989.4679642954256,2993.03369140625,1740435,0.0,0.0,0.5776605142893813,3018.18701171875,28.81521605164471,-1.2608600443421543,0.2920088524079959
2025-11-14 00:00:00+05:30,2977.9034333434784,3000.1655239975616,2965.6642009169345,2993.322998046875,2210794,0.0,0.0,0.5657689889329163,2993.03369140625,34.50132308062712,-1.3351627438258378,0.2642615453882345
2025-11-17 00:00:00+05:30,2993.322838009285,3010.187986001932,2974.6267109195564,2989.66064453125,2232853,0.0,0.0,0.5192177782251782,2993.322998046875,35.56127508237569,-1.3888007644683051,0.25371418516672045
2025-11-18 00:00:00+05:30,2989.4680176661295,2992.3591859617445,2966.338671301208,2975.108642578125,2548350,0.0,0.0,0.3730219583602113,2989.66064453125,26.02051466053672,-1.4833016651441828,0.23795012820989261
2025-11-19 00:00:00+05:30,2984.6495543039355,3040.5454775036865,2971.639296317787,3033.51025390625,3151053,0.0,0.0,0.8421972139388995,2975.108642578125,68.90618118589964,-1.421876451249328,0.2488265903708574
2025-11-20 00:00:00+05:30,3033.79944214396,3049.7008686990343,3024.2586803244717,3030.715576171875,2700767,0.0,0.0,0.7962029044061603,3033.51025390625,25.442188374562647,-1.545182083926446,0.26209908317222697
2025-11-21 00:00:00+05:30,3030.715536432949,3055.0013041600305,3021.463703354114,3036.30517578125,4177037,0.0,0.0,0.8263115894100315,3030.715576171875,33.537600805916554,-1.619466972060815,0.16602346814238253
2025-11-24 00:00:00+05:30,3043.4366842823783,3063.578397230728,3017.4161679823073,3027.24609375,6703764,0.0,0.0,0.7203508679433716,3036.30517578125,46.16222924842077,-1.5700785995788022,0.16752642807358128
2025-11-25 00:00:00+05:30,3031.197695489111,3035.534448554938,3001.9968444557608,3006.04443359375,2737920,0.0,0.0,0.4968644946803675,3027.24609375,33.537604099177315,-1.5861174104685978,0.07362153667972562
2025-11-26 00:00:00+05:30,3005.658657913636,3062.71099952004,3003.923909850209,3048.15869140625,2508527,0.0,0.0,0.8535661622278922,3006.04443359375,58.78708966983095,-1.5503216547442304,0.21757215432537505
2025-11-27 00:00:00+05:30,3064.6384631299097,3064.6384631299097,3011.6337098367826,3022.81298828125,2836233,0.0,0.0,0.5842470377800851,3048.15869140625,53.00475329312712,-1.4250412479475918,0.15532860109371815
2025-11-28 00:00:00+05:30,3026.089482694223,3033.12470593688,3011.6336412163846,3023.68017578125,1616690,0.0,0.0,0.5779417901042886,3022.81298828125,21.491064720495615,-1.575032501312853,0.20977073801549628
2025-12-01 00:00:00+05:30,3024.0657566161144,3039.581788202742,3008.935355329588,3019.72900390625,1747647,0.0,0.0,0.5248166798398093,3023.68017578125,30.64643287315357,-1.6429426366641047,0.1609056147617866
2025-12-02 00:00:00+05:30,3017.416350282513,3029.9447477765,3007.2007935969305,3021.94580078125,2512003,0.0,0.0,0.5338452296450987,3019.72900390625,22.743954179569755,-1.774400582939435,0.27670547701711534
2025-12-03 00:00:00+05:30,3026.089516693691,3095.3810901757683,3025.125793917674,3064.638427734375,3952112,0.0,0.0,0.9150450363476177,3021.94580078125,73.43528939451835,-1.618887239557719,0.4242295725242276
2025-12-04 00:00:00+05:30,3078.130714428876,3132.0991928283806,3071.7700496468055,3112.0537109375,5025905,0.0,0.0,1.3015091719001102,3064.638427734375,67.46076509400564,-1.532750741211893,0.45871110335106313
2025-12-05 00:00:00+05:30,3112.824814585589,3152.9157793761647,3105.5004267906515,3120.727294921875,5244013,0.0,0.0,1.3521356208917337,3112.0537109375,47.41535258551312,-1.5172366505632062,0.5289835209658998
2025-12-08 00:00:00+05:30,3125.353065437683,3141.6398867746047,3092.2010949656524,3119.0888671875,2544725,0.0,0.0,1.3004391128945174,3120.727294921875,49.438791808952374,-1.469995977207891,0.48675512147752525
2025-12-09 00:00:00+05:30,3112.824602659864,3116.390329915732,3065.794883587669,3091.911865234375,2734893,0.0,0.0,0.9675501809045152,3119.0888671875,53.29398359983088,-1.3514119672310378,0.36617532123593377
2025-12-10 00:00:00+05:30,3108.005961204973,3108.005961204973,3062.8074569989867,3073.504638671875,1386849,0.0,0.0,0.7474106679148652,3091.911865234375,45.19850420598641,-1.306913725191738,0.15314835480136021
2025-12-11 00:00:00+05:30,3088.73179730002,3092.0083609433445,3038.714674477584,3076.10693359375,1914362,0.0,0.0,0.7556046962965927,3073.504638671875,53.2936864657604,-1.251303342589963,0.24530573462387484
2025-12-12 00:00:00+05:30,3081.696263178982,3106.078496384854,3070.131589906683,3103.669189453125,1146554,0.0,0.0,1.0094790972466763,3076.10693359375,35.94690647817106,-1.3579890328067035,0.30155428107828247
2025-12-15 00:00:00+05:30,3094.610369719165,3120.727116365754,3081.31094805451,3113.017333984375,1562190,0.0,0.0,1.0820509035409545,3103.669189453125,39.41616831124384,-1.4034423646693008,0.33195148598957896
2025-12-16 00:00:00+05:30,3103.187255724176,3103.187255724176,3075.3357623562265,3088.827880859375,1734623,0.0,0.0,0.7755473610645901,3113.017333984375,37.681571628148504,-1.3951010920327704,0.2982814973437364
2025-12-17 00:00:00+05:30,3084.394687896739,3119.474102184826,3084.394687896739,3101.067138671875,1376350,0.0,0.0,0.8867713397009431,3088.827880859375,35.07941428808681,-1.4697560707830422,0.20161077033262392
2025-12-18 00:00:00+05:30,3110.897128527372,3168.5277977297296,3104.1510690788923,3161.78173828125,2307422,0.0,0.0,1.400188920608979,3101.067138671875,67.46065905785463,-1.4197245508691414,0.3334969197099427
2025-12-19 00:00:00+05:30,3179.3215200364916,3197.5357868591873,3159.854366515901,3162.938232421875,3902511,0.0,0.0,1.3762003292663298,3161.78173828125,37.68142034328639,-1.4585473208456337,0.3258929889739399
2025-12-22 00:00:00+05:30,3189.9226061933546,3207.8479451634685,3171.6118722000997,3204.281982421875,2632816,0.0,0.0,1.715554307465025,3162.938232421875,44.90971274159347,-1.52062909730885,0.42065550509301664
2025-12-23 00:00:00+05:30,3199.463369445318,3199.463369445318,3174.0211805268714,3189.922607421875,2365420,0.0,0.0,1.5059080267382807,3204.281982421875,30.260801895003624,-1.5748263053311478,0.44413420175079094
2025-12-24 00:00:00+05:30,3184.236571775606,3206.4021959958864,3176.5267894381177,3198.595947265625,1367708,0.0,0.0,1.5585526572702513,3189.922607421875,29.875406557768656,-1.6683185094147222,0.3952904452118286
2025-12-26 00:00:00+05:30,3192.9103071634727,3199.559900795541,3153.108505919085,3161.010986328125,1176664,0.0,0.0,1.0595666769818755,3198.595947265625,46.451394876456106,-1.56676024201546,0.35181604549016976
2025-12-29 00:00:00+05:30,3161.010777477703,3168.7205598617948,3125.2565675579217,3133.544677734375,2079473,0.0,0.0,0.7249319685021178,3161.010986328125,43.463992303873056,-1.5043799104097342,0.26194865514144194
2025-12-30 00:00:00+05:30,3132.099002526,3148.9641510011397,3121.9799134409154,3129.01513671875,2807593,0.0,0.0,0.6583358852266662,3133.544677734375,26.9842375602243,-1.5908222965330976,0.26021082589947464
2025-12-31 00:00:00+05:30,3122.461816571668,3128.2441532690227,3082.4673210816295,3089.887939453125,3362634,0.0,0.0,0.20824152153175213,3129.01513671875,46.54781563712049,-1.4808053312929288,0.14870206100348016
2026-01-01 00:00:00+05:30,3098.368779137981,3116.775978595714,3082.1781891606697,3110.31884765625,1255735,0.0,0.0,0.4150415137671342,3089.887939453125,34.59778943504443,-1.5589166299493695,0.10509958248211099
2026-01-02 00:00:00+05:30,3116.679314934201,3136.242933448354,3102.7053353217875,3132.7734375,1184324,0.0,0.0,0.6367799675391982,3110.31884765625,33.537598126566536,-1.6437628808645315,0.050575551058255924
2026-01-05 00:00:00+05:30,3122.94369701057,3129.207895137578,3075.2394189664337,3099.428955078125,2341703,0.0,0.0,0.2504681781509944,3132.7734375,57.53401853356627,-1.4681016429457763,0.049035015535980074
2026-01-06 00:00:00+05:30,3093.550169667909,3144.8201752673103,3088.7315556964636,3137.688720703125,2912325,0.0,0.0,0.6290223701639843,3099.428955078125,56.08861957084673,-1.438389494984914,0.0394925708764256
2026-01-07 00:00:00+05:30,3125.2565425983025,3180.8635358265738,3106.271250685878,3176.044921875,1989442,0.0,0.0,0.9806422492284665,3137.688720703125,74.59228514069582,-1.2995518820099592,0.17449555341647396
2026-01-08 00:00:00+05:30,3167.6606296336045,3167.6606296336045,3066.566193971062,3087.671630859375,4159336,0.0,0.0,0.028790439883409905,3176.044921875,109.47872790393785,-0.7507387071755596,0.02565943891313076
2026-01-09 00:00:00+05:30,3075.239584998998,3112.5356118812538,3075.239584998998,3091.43017578125,1938673,0.0,0.0,0.0616473730233189,3087.671630859375,37.296026882255774,-0.8150692189893789,0.027695653171559136
2026-01-12 00:00:00+05:30,3086.804068110982,3134.026484388671,3059.145271347969,3122.076416015625,2228342,0.0,0.0,0.3329835729030048,3091.43017578125,74.88121304070228,-0.7076950009417512,0.033085311975060955
2026-01-13 00:00:00+05:30,3127.2806634050835,3161.0109633185434,3094.0322249189585,3149.4462890625,5645341,0.0,0.0,0.5657609144520429,3122.076416015625,66.97873839958493,-0.6497721947190648,0.06342329276778173
2026-01-14 00:00:00+05:30,3141.7363480080267,3141.7363480080267,3067.529691935444,3076.68505859375,3539511,0.0,0.0,-0.10900335076645414,3149.4462890625,81.91659712705587,-0.33642642971270115,0.019492452391692595
2026-01-16 00:00:00+05:30,3159.0110444402844,3161.464149941515,3111.519017760894,3146.54931640625,4293470,57.0,0.0,0.44918099109257703,3076.68505859375,84.77909134776519,-0.27916234011833674,0.06682905043163828
2026-01-19 00:00:00+05:30,3128.2002715520307,3159.600023336744,3092.973770842994,3104.258056640625,3387562,0.0,0.0,0.09695700798826373,3146.54931640625,66.62625249375014,-0.12609292470664205,0.08687388304507124
2026-01-20 00:00:00+05:30,3092.4832014713097,3100.7255406282875,3033.118044759914,3044.10791015625,4499273,0.0,0.0,-0.36948624534860675,3104.258056640625,71.14001188071097,0.08058266525690316,0.1647800079287402
2026-01-21 00:00:00+05:30,3041.8509292683366,3079.6287553253787,3024.188569033875,3064.027099609375,2015150,0.0,0.0,-0.20200243647515778,3044.10791015625,55.44018629150378,0.0523562312889497,0.2004440946024781
2026-01-22 00:00:00+05:30,3090.9130188550284,3100.7254411371077,3063.7326570458863,3091.305419921875,2269827,0.0,0.0,0.01957411298032511,3064.027099609375,36.99278409122144,-0.0871770804663353,0.13838296496163718
2026-01-23 00:00:00+05:30,3130.457047950816,3134.578217290946,3092.875423666008,3103.178466796875,2068857,0.0,0.0,0.11378299223402549,3091.305419921875,43.27279736907121,-0.16095866381834353,0.13329454400599167
2026-01-27 00:00:00+05:30,3115.4440572399217,3115.4440572399217,3071.2881572160486,3098.762939453125,4279874,0.0,0.0,0.07486065478290507,3103.178466796875,44.15590002387307,-0.19737497007225047,0.09118322761903945
2026-01-28 00:00:00+05:30,3116.425451779539,3145.0776781720924,3111.1268393421374,3140.073486328125,2751234,0.0,0.0,0.40535925705589937,3098.762939453125,46.31473871896742,-0.30514332943858097,0.009373547541783477
2026-01-29 00:00:00+05:30,3140.07335254898,3140.07335254898,3066.9708064954257,3085.41796875,2457641,0.0,0.0,-0.05613761578933734,3140.073486328125,73.10267983269932,-0.08542576972197934,0.05839113894994438
2026-01-30 00:00:00+05:30,3082.082073579965,3082.082073579965,3034.001200735196,3065.302734375,3022068,0.0,0.0,-0.2179149417890731,3085.41796875,51.41676801480389,-0.054430569156672486,0.03378814339854347
2026-02-02 00:00:00+05:30,3138.0126916764966,3138.0126916764966,3075.2131881532646,3110.1455078125,2636272,0.0,0.0,0.1541770490626638,3065.302734375,72.70995730149662,-0.02980117555679304,0.0002304928391393722
2026-02-03 00:00:00+05:30,3287.1616459496977,3287.1616459496977,3126.532332237451,3164.80078125,4366060,0.0,0.0,0.5661961376947865,3110.1455078125,177.0161381371977,0.5002907509032577,0.04083866448750875
2026-02-04 00:00:00+05:30,3061.475843095512,3061.475843095512,2929.9893806035893,2942.84375,10852595,0.0,0.0,-0.7662156054540835,3164.80078125,234.81140064641068,1.7166368668389156,0.16095459579347254
2026-02-05 00:00:00+05:30,2933.9143670738968,2972.869637012123,2916.5464269268496,2935.38623046875,3521545,0.0,0.0,-0.7867628554627163,2942.84375,56.32321008527333,1.6696381670643774,0.21474684999200497
2026-02-06 00:00:00+05:30,2920.765595757455,2929.0079343210614,2861.302223276454,2886.422119140625,4687389,0.0,0.0,-1.0223128687940597,2935.38623046875,74.08400719229621,1.7808700101054895,0.30401520620610845
2026-02-09 00:00:00+05:30,2903.5941220720847,2921.15826303242,2882.3991930324937,2892.8984375,2380318,0.0,0.0,-0.9590609111528587,2886.422119140625,38.759069999926396,1.6307832968296683,0.22368132929554727
2026-02-10 00:00:00+05:30,2894.468444356794,2955.109263473934,2888.2865702537815,2928.61572265625,3547763,0.0,0.0,-0.7214110601175998,2892.8984375,66.82269322015236,1.5502092014447784,0.18035971985728905
2026-02-11 00:00:00+05:30,2924.1019081110685,2941.76426862986,2849.723697569715,2855.21875,3363513,0.0,0.0,-1.0869097276397766,2928.61572265625,92.04057106014488,1.790426899237508,0.2822482583635861
2026-02-12 00:00:00+05:30,2815.9690535680857,2825.977676593803,2688.603761759382,2698.514404296875,10612156,0.0,0.0,-1.692314618569454,2855.21875,166.614988240618,2.48168909544642,0.4195472701852737
2026-02-13 00:00:00+05:30,2536.5113141072056,2662.110326952746,2536.5113141072056,2641.700439453125,11168735,0.0,0.0,-1.9328715931615499,2698.514404296875,162.00309018966936,2.8841682455798487,0.4108051836659876
2026-02-16 00:00:00+05:30,2649.3540277067937,2668.7826718221954,2620.898002964758,2655.830322265625,2918730,0.0,0.0,-1.7938843210347328,2641.700439453125,47.884668857437646,2.7007916980533175,0.4891906317104496
2026-02-17 00:00:00+05:30,2665.0538469624375,2708.228504276998,2644.6439610469733,2666.427490234375,4209118,0.0,0.0,-1.6813072778661822,2655.830322265625,63.58454323002479,2.590860537165034,0.45070719164569395
2026-02-18 00:00:00+05:30,2678.7913077273606,2678.7913077273606,2607.4550449905755,2644.349609375,2950820,0.0,0.0,-1.7646484369680415,2666.427490234375,71.3362627367851,2.5811202074017436,0.42830118696302466
2026-02-19 00:00:00+05:30,2657.2039438116426,2697.140454434555,2616.5806115438327,2627.66845703125,3238849,0.0,0.0,-1.8190183043912174,2644.349609375,80.5598428907224,2.5935555312012353,0.46914237102440015
2026-02-20 00:00:00+05:30,2616.973184248376,2651.905505554349,2597.838959616639,2635.81298828125,2293482,0.0,0.0,-1.7165595076298004,2627.66845703125,54.06654593771009,2.465785291485593,0.4999993300100043
2026-02-23 00:00:00+05:30,2635.616634548502,2653.2789947204583,2610.3005370564806,2626.0986328125,4699596,0.0,0.0,-1.7336878400209403,2635.81298828125,42.97845766397768,2.340798284149604,0.5249399807712817
2026-02-24 00:00:00+05:30,2591.460746119642,2597.8388206557183,2513.255787797201,2525.423095703125,7798833,0.0,0.0,-2.1743805026405645,2626.0986328125,112.84284501529919,2.643050095602614,0.5704377971637455
2026-02-25 00:00:00+05:30,2547.3048106742554,2604.4130601353972,2546.3235684513456,2579.980224609375,3621285,0.0,0.0,-1.699675090850307,2525.423095703125,78.98996443227225,2.508060047669565,0.55000939800954
2026-02-26 00:00:00+05:30,2600.292061423079,2620.8981494569975,2585.573427113137,2598.03515625,3464267,0.0,0.0,-1.5356130632809588,2579.980224609375,40.917924847622544,2.3260329350798137,0.49645129041724073
2026-02-27 00:00:00+05:30,2631.299321894741,2638.168017666852,2576.8403768444346,2587.92822265625,5083717,0.0,0.0,-1.5588486245700772,2598.03515625,61.32764082241738,2.275274994903185,0.49126498108379857
2026-03-02 00:00:00+05:30,2543.37985460111,2574.5834053591284,2531.8993684474203,2564.4765625,3374385,0.0,0.0,-1.6650553623930973,2587.92822265625,56.02885420882967,2.234267745813032,0.5741865010450684
2026-03-04 00:00:00+05:30,2575.7609535201655,2585.5733762002424,2531.997452542583,2539.2587890625,3446434,0.0,0.0,-1.7841548409369612,2564.4765625,53.57592365765959,2.195044537322004,0.6792750355780182
2026-03-05 00:00:00+05:30,2551.229777430436,2560.551578540278,2498.6350985020495,2530.427490234375,2960636,0.0,0.0,-1.7985267469408257,2539.2587890625,61.916480038228656,2.1568865831526947,0.5826975169962081
2026-03-06 00:00:00+05:30,2523.7550365456814,2570.069622274581,2505.7002751879877,2509.625244140625,3998643,0.0,0.0,-1.8957105714331364,2530.427490234375,64.36934708659328,2.151042119533519,0.5904199798963262
2026-03-09 00:00:00+05:30,2482.54302502939,2511.9802941008847,2458.0119674698108,2479.99169921875,3653428,0.0,0.0,-2.052737962076579,2509.625244140625,53.96832663107398,2.1331099785676093,0.5791381560202762
2026-03-10 00:00:00+05:30,2493.3365235176843,2497.45769299971,2443.39138949283,2465.9599609375,4323710,0.0,0.0,-2.1049093972801973,2479.99169921875,54.066303506880104,2.0875505294452212,0.6018810115307122
2026-03-11 00:00:00+05:30,2461.053921737681,2473.711851651557,2413.954291083466,2418.6640625,2720664,0.0,0.0,-2.3746955946829504,2465.9599609375,59.75756056809087,2.128094285646892,0.7073633776335271
2026-03-12 00:00:00+05:30,2413.6596961153996,2426.513825649523,2390.3060830242093,2396.5859375,2752075,0.0,0.0,-2.4862943742692285,2418.6640625,36.207742625313585,2.0403707600630723,0.6849354026460232
2026-03-13 00:00:00+05:30,2391.287343235487,2400.0203033629555,2352.0376535639975,2365.284423828125,2466488,0.0,0.0,-2.666602240939074,2396.5859375,47.98264979895794,2.0168774498532334,0.6123330665508615
2026-03-16 00:00:00+05:30,2364.793830777467,2379.5124645789865,2321.7173916761253,2364.0087890625,3807907,0.0,0.0,-2.601549535140673,2365.284423828125,57.79507290286119,1.9721715209467894,0.5682729408802292
2026-03-17 00:00:00+05:30,2374.6063631722786,2374.6063631722786,2315.7318252423875,2346.837158203125,2993367,0.0,0.0,-2.6832701622902957,2364.0087890625,58.874537929891176,1.9634989989783522,0.6284171943877029
2026-03-18 00:00:00+05:30,2364.793804301608,2436.326267951688,2364.793804301608,2395.01611328125,3082388,0.0,0.0,-2.0488960495597204,2346.837158203125,89.4891097485629,1.9362920473263538,0.5127911691323703
2026-03-19 00:00:00+05:30,2371.6624152761565,2378.5311107279285,2306.115387909886,2311.806640625,2757060,0.0,0.0,-2.4838274018330857,2395.01611328125,88.90072537136393,2.1518611339695437,0.5632368703108253
2026-03-20 00:00:00+05:30,2341.2440023374425,2362.6351312433567,2319.8528734315287,2345.7578125,4206320,0.0,0.0,-2.072483086058446,2311.806640625,50.82849061835668,2.008132573125811,0.46390987170329206
2026-03-23 00:00:00+05:30,2320.6378037995523,2361.6537756859007,2303.956686393805,2339.085205078125,3860515,0.0,0.0,-2.072167121456832,2345.7578125,57.697089292095825,1.970273328635774,0.4894784427990633
2026-03-24 00:00:00+05:30,2359.0045869106293,2389.7172776589064,2334.47353068287,2353.803955078125,3420182,0.0,0.0,-1.8802159237269191,2339.085205078125,55.243746976036164,1.887052370499393,0.4454962427248104
2026-03-25 00:00:00+05:30,2355.864368126978,2376.1762738846405,2325.3478785890734,2332.80517578125,5843778,0.0,0.0,-2.001409362177392,2353.803955078125,50.828395295567134,1.858750813155538,0.36237723264009936
2026-03-27 00:00:00+05:30,2358.8080275261386,2376.6668272056972,2340.262645780238,2344.97265625,4979411,0.0,0.0,-1.832116384690693,2332.80517578125,43.861651424447246,1.7500219064317384,0.48044055603054364
2026-03-30 00:00:00+05:30,2330.5484146912077,2353.0187649541185,2302.1903717438945,2314.652099609375,6804756,0.0,0.0,-2.0303844397680693,2344.97265625,50.82839321022402,1.7483742442918422,0.5651658219718677
2026-04-01 00:00:00+05:30,2383.437228779803,2425.6306420517385,2352.9205014959025,2363.02734375,4132661,0.0,0.0,-1.468167374991402,2314.652099609375,110.9785424423635,1.8049243654870657,0.41672690819372227
2026-04-02 00:00:00+05:30,2341.24390183887,2423.570027038862,2331.1370592120925,2404.730224609375,5378361,0.0,0.0,-1.0489269711247688,2363.02734375,92.43296782676953,1.8013045012071913,0.28631695665738854
2026-04-06 00:00:00+05:30,2427.593337237373,2435.4432752720936,2402.2772391631793,2427.4951171875,2572417,0.0,0.0,-0.8320363426140959,2404.730224609375,33.16603610891434,1.6371613109934393,0.20120109561297717
2026-04-07 00:00:00+05:30,2414.837240451596,2496.182129281132,2402.0810908677395,2492.1591796875,4516550,0.0,0.0,-0.2831981381940548,2427.4951171875,94.10103841339242,1.6061686416796714,0.06259996717182911
2026-04-08 00:00:00+05:30,2523.755016821873,2531.899375247164,2492.453485493659,2511.195068359375,4769337,0.0,0.0,-0.1349581368965537,2492.1591796875,39.74019555966379,1.4770033986951983,0.0025753871491785998
2026-04-09 00:00:00+05:30,2506.0927992754805,2556.136155878084,2483.622446743067,2540.436279296875,5628261,0.0,0.0,0.08509591023236826,2511.195068359375,72.51370913501705,1.4416265607010623,0.09922668585089606
2026-04-10 00:00:00+05:30,2517.671257898199,2517.671257898199,2454.1849361455575,2476.94970703125,10480239,0.0,0.0,-0.37741798095995766,2540.436279296875,86.25134315131754,1.6061811681535372,0.01668623909800747
2026-04-13 00:00:00+05:30,2443.195026142192,2457.9136601554055,2423.6684008424363,2426.2197265625,3739587,0.0,0.0,-0.7267101946121755,2476.94970703125,53.28130618881369,1.6433406898870662,0.011412606970142396
2026-04-15 00:00:00+05:30,2454.9699887251027,2510.9990192902537,2446.629429262826,2506.975830078125,5261384,0.0,0.0,-0.09864522558562282,2426.2197265625,84.77929272775373,1.5638045141210069,0.1531654089671598
2026-04-16 00:00:00+05:30,2523.754997213638,2545.3423261167095,2510.0176060935014,2528.56298828125,3905403,0.0,0.0,0.05052487922950636,2506.975830078125,38.3664960385845,1.4372870651267438,0.22964344590327965
2026-04-17 00:00:00+05:30,2521.7923752088177,2540.435976426315,2507.9567647966655,2533.07666015625,2718206,0.0,0.0,0.0804383759777655,2528.56298828125,32.4792116296494,1.3245030539462772,0.23670782579448146
2026-04-20 00:00:00+05:30,2538.571963483115,2545.3424392975157,2513.15764504414,2531.212646484375,2288558,0.0,0.0,0.06525522371416866,2533.07666015625,32.18479425337591,1.2253586058710781,0.2637932190791294
2026-04-21 00:00:00+05:30,2511.9802240950007,2564.9673069470045,2511.9802240950007,2561.532958984375,2719959,0.0,0.0,0.27919195599709107,2531.212646484375,52.98708285200382,1.1473602330864978,0.24448911659898334
2026-04-22 00:00:00+05:30,2531.6050998221144,2531.6050998221144,2456.6382849386455,2490.883544921875,5232045,0.0,0.0,-0.232487419460799,2561.532958984375,104.89467404572952,1.4118539843874134,0.2678703746647964
2026-04-23 00:00:00+05:30,2481.5617226658205,2511.4896121641627,2469.0999936393873,2474.496826171875,2509050,0.0,0.0,-0.34366093952228527,2490.883544921875,42.389618524775415,1.368072358108113,0.19776905746766044
2026-04-24 00:00:00+05:30,2441.3307179215667,2458.0118361710306,2343.991534636913,2351.939453125,5107719,0.0,0.0,-1.0617773116654696,2474.496826171875,130.505291534962,1.7991955283058187,0.016762597417813097
2026-04-27 00:00:00+05:30,2351.9393059532576,2412.874541687738,2351.9393059532576,2401.6884765625,5853425,0.0,0.0,-0.6815211140278999,2351.939453125,60.93523573448056,1.6869460799361196,0.05971596591834591
2026-04-28 00:00:00+05:30,2398.155951805419,2440.349366669426,2381.867235359066,2398.8427734375,4508363,0.0,0.0,-0.6831222703363767,2401.6884765625,58.48213131036027,1.6610237112375983,0.08426191002800527
2026-04-29 00:00:00+05:30,2405.024637022461,2441.2323784506298,2401.688509360205,2428.280029296875,2835961,0.0,0.0,-0.4653469316259855,2398.8427734375,42.38960501312977,1.5283038387851073,0.10400576436511669
2026-04-30 00:00:00+05:30,2432.4995485090735,2444.2744555611544,2392.26861608113,2427.4951171875,3970446,0.0,0.0,-0.45904498104010283,2428.280029296875,52.005839480024406,1.4827860500677366,0.14627346893178167
2026-05-04 00:00:00+05:30,2447.2181772447047,2451.4375668418284,2379.512461835769,2385.6943359375,2632358,0.0,0.0,-0.7230630111502692,2427.4951171875,71.92510500605931,1.5737690391045434,0.029634783940962802
2026-05-05 00:00:00+05:30,2384.418837601779,2414.248508305356,2366.9526763935437,2381.76953125,3385720,0.0,0.0,-0.732699451846571,2385.6943359375,47.295831911812456,1.5171589200886881,0.031578459613706394
2026-05-06 00:00:00+05:30,2396.0953597954776,2424.6496051586114,2361.3594798924314,2389.71728515625,3147628,0.0,0.0,-0.6561048613862874,2381.76953125,63.290125266179984,1.4970485103269442,0.05303769310130899
2026-05-07 00:00:00+05:30,2392.4647422177254,2393.9366055534624,2353.018852732181,2356.35498046875,5829594,0.0,0.0,-0.876338539325297,2389.71728515625,40.91775282128128,1.4756102857192905,0.19942437129342222
2026-05-08 00:00:00+05:30,2353.018651512491,2361.8498307717123,2330.5483023329007,2349.486083984375,3792199,0.0,0.0,-0.9065477045124671,2356.35498046875,31.3015284388116,1.3787650199600983,0.2417847007916153
2026-05-11 00:00:00+05:30,2326.5252955775945,2369.699953108347,2326.5252955775945,2348.014404296875,1975188,0.0,0.0,-0.8953163902821406,2349.486083984375,43.174657530752484,1.316285823820259,0.30016932511412114
2026-05-12 00:00:00+05:30,2330.450360002076,2330.450360002076,2240.176072372522,2257.151611328125,6347884,0.0,0.0,-1.446202068699522,2348.014404296875,107.83833192435304,1.630529754560841,0.3288319926833126
2026-05-13 00:00:00+05:30,2262.7444282326155,2265.8843552424923,2226.4384681959255,2230.167236328125,3171843,0.0,0.0,-1.6100374436574842,2257.151611328125,39.445887046566895,1.5932370304118264,0.30411056018183824
2026-05-14 00:00:00+05:30,2222.513720137884,2222.513720137884,2165.012827845418,2203.8701171875,5633313,0.0,0.0,-1.771267153919819,2230.167236328125,65.15440848270691,1.6430344786480602,0.5135504286408621
2026-05-15 00:00:00+05:30,2209.7575636145925,2261.665183205434,2209.7575636145925,2221.532470703125,3410637,0.0,0.0,-1.5636165600979306,2203.8701171875,57.795066017934005,1.5884482009512697,0.523682576644351
2026-05-18 00:00:00+05:30,2221.5322685970373,2249.8900714309348,2209.953563101145,2240.3720703125,3773336,0.0,0.0,-1.353858076025525,2221.532470703125,39.93650832978983,1.4765884392636164,0.48733968313843834
2026-05-19 00:00:00+05:30,2256.857213357978,2333.0017090765828,2254.0117066090534,2283.448974609375,10394707,0.0,0.0,-0.931256128572643,2240.3720703125,92.62963876408276,1.4995111725125292,0.3860268945307151
2026-05-20 00:00:00+05:30,2280.308816116464,2298.0693970332622,2274.3233820043192,2283.7431640625,2537422,0.0,0.0,-0.9053925930919603,2283.448974609375,23.74601502894302,1.3668632221847632,0.45405034180663695
2026-05-21 00:00:00+05:30,2287.275643394801,2292.0836345084317,2270.594525446405,2283.546875,3299087,0.0,0.0,-0.8842013379128184,2283.7431640625,21.489109062026728,1.2314339208430443,0.3829987106364153
2026-05-22 00:00:00+05:30,2287.373709336333,2296.1066687906364,2264.805139514887,2273.83251953125,2617262,0.0,0.0,-0.9428436430879356,2283.546875,31.301529275749544,1.1512973807734355,0.37529902380912156
2026-05-25 00:00:00+05:30,2312.3217190072714,2313.415817804508,2280.496215777924,2295.61328125,3298364,31.0,0.0,-0.7246622871000682,2273.83251953125,39.58329827325815,1.0495183545590168,0.1298131620436379
2026-05-26 00:00:00+05:30,2295.613098349941,2315.205623652634,2260.008270887014,2263.78759765625,3587597,0.0,0.0,-0.9675199465957875,2295.61328125,55.19735276562005,1.0989475034748244,0.3315096182288561
2026-05-27 00:00:00+05:30,2262.5943570616037,2283.0821217701528,2248.571147658945,2271.744140625,2653950,0.0,0.0,-0.8708761457844898,2263.78759765625,34.510974111207815,1.0051711526942426,0.30183292729168093
2026-05-29 00:00:00+05:30,2278.507085795833,2321.2726050840133,2222.81245602518,2246.58203125,16331582,0.0,0.0,-1.0666569837323585,2271.744140625,98.4601490588334,1.20044298655018,0.4359208350636776
2026-06-01 00:00:00+05:30,2271.5452382799426,2322.267132829976,2267.5670504720965,2284.8720703125,7505095,0.0,0.0,-0.6650099636684252,2246.58203125,75.68510157997616,1.1922420003294003,0.31392686947979787
2026-06-02 00:00:00+05:30,2307.34897134468,2443.9996279549005,2303.569644295269,2433.556884765625,11306127,0.0,0.0,0.46476845308686104,2284.8720703125,159.12755764240046,1.2682014221998512,0.08528556929623798
2026-06-03 00:00:00+05:30,2379.9508308808004,2379.9508308808004,2212.6680838914085,2229.475830078125,15660062,0.0,0.0,-0.637504858549733,2433.556884765625,220.88880087421649,2.057497272329573,0.20002860322927893
2026-06-04 00:00:00+05:30,2229.4759194813155,2240.8139007540485,2204.5129359355733,2228.77978515625,4867263,0.0,0.0,-0.6251597890748318,2229.475830078125,36.30096481847522,1.94028125763203,0.21341441699856192
2026-06-05 00:00:00+05:30,2250.560184151513,2259.4117976453776,2180.0469028924485,2186.9091796875,5019717,0.0,0.0,-0.8218871300807512,2228.77978515625,79.3648947529291,2.0188718130154344,0.2221901375174634
2026-06-08 00:00:00+05:30,2158.1668832997775,2165.128711955583,2131.6125282744956,2139.668212890625,6536734,0.0,0.0,-1.0462771708284164,2186.9091796875,55.29665141300438,2.0383337387847176,0.2612963053048914
2026-06-09 00:00:00+05:30,2162.145087858845,2162.145087858845,2121.169801728995,2139.2705078125,4148655,0.0,0.0,-1.0220131704834048,2139.668212890625,40.97528612984979,1.9389543614177522,0.26030698636471994
2026-06-10 00:00:00+05:30,2139.568864676436,2168.907999188303,2133.1043096144995,2142.154541015625,2848650,0.0,0.0,-0.9792044414261898,2139.2705078125,35.803689573803695,1.8241728579009422,0.16107486287222839
2026-06-11 00:00:00+05:30,2115.4013888441136,2142.8509821277357,2098.494090484758,2123.95458984375,3079815,0.0,0.0,-1.0608565024250358,2142.154541015625,44.356891642977644,1.7756530290315262,0.15062394855934236
2026-06-12 00:00:00+05:30,2138.276030955957,2156.177876796519,2126.3414670622496,2149.61376953125,2124656,0.0,0.0,-0.8715098218102195,2123.95458984375,32.22328695276883,1.6197024694310602,0.07701253705358102
2026-06-15 00:00:00+05:30,2180.046856932239,2180.046856932239,2147.525221086398,2150.21044921875,3337083,0.0,0.0,-0.8459089879900826,2149.61376953125,32.52163584584105,1.513330662353518,0.10374904333960157
2026-06-16 00:00:00+05:30,2155.183285992923,2196.954258771743,2148.818282502735,2187.0087890625,3079898,0.0,0.0,-0.588471679727984,2150.21044921875,48.13597626900764,1.3975725131106187,0.07564900544898773
2026-06-17 00:00:00+05:30,2196.9542720106556,2218.8343055028395,2188.6994835403766,2210.8779296875,2865010,0.0,0.0,-0.42503215622456775,2187.0087890625,31.82551644033947,1.257955422865244,0.1057580953146742
2026-06-18 00:00:00+05:30,2196.9542695909468,2201.927004470057,2170.101501243751,2191.285400390625,3735188,0.0,0.0,-0.5347367469105241,2210.8779296875,40.776428443748955,1.222657955087077,0.13105340838110333
2026-06-19 00:00:00+05:30,2093.521413717831,2126.341464384191,2048.6672473500757,2113.412353515625,13286502,0.0,0.0,-0.9726678082918382,2191.285400390625,142.61815304054926,1.5945648587968957,0.2172373085144421
2026-06-22 00:00:00+05:30,2120.5729308842238,2145.237743488044,2109.434053749718,2116.197021484375,4566101,0.0,0.0,-0.9297607103767976,2113.412353515625,35.803689738326284,1.4965240927434516,0.20307470211464398
2026-06-23 00:00:00+05:30,2099.4885101234904,2102.4721508294924,2043.7938836114508,2048.368896484375,6392736,0.0,0.0,-1.306549434838772,2116.197021484375,72.40313787292416,1.6309962684540698,0.30067738387015847
2026-06-24 00:00:00+05:30,2049.7612582514666,2109.1356624395376,2049.7612582514666,2097.49951171875,4747277,0.0,0.0,-0.9156535768553381,2048.368896484375,60.766765955162555,1.527351146067975,0.1980572180288027
2026-06-25 00:00:00+05:30,2121.965363861958,2136.78401555451,2076.61392807904,2083.27734375,4738903,0.0,0.0,-0.9845804022921414,2097.49951171875,60.170087475470154,1.5323479657605608,0.22281038488736235
2026-06-29 00:00:00+05:30,2078.6031371123327,2093.521341445675,2059.706744956766,2086.4599609375,3412470,0.0,0.0,-0.9379356195102307,2083.27734375,33.81459648890859,1.431723906614788,0.19435065616237907
2026-06-30 00:00:00+05:30,2078.60311543387,2092.8251853118586,2007.791421498655,2020.422119140625,6848411,0.0,0.0,-1.3173041009024784,2086.4599609375,85.03376381320368,1.6029794122373147,0.3105220714983357
2026-07-01 00:00:00+05:30,2028.776408877907,2040.8104030555382,1966.0205187179013,1971.788818359375,4658295,0.0,0.0,-1.595660252163325,2020.422119140625,74.78988433763698,1.709339860542257,0.6143975603433658
2026-07-02 00:00:00+05:30,1997.0503819057583,2065.5745732846704,1991.580373389582,2056.82275390625,6040621,0.0,0.0,-0.8683640596750621,1971.788818359375,93.78575492529535,1.631712746552358,0.27295569907779266
2026-07-03 00:00:00+05:30,2088.5485393778363,2105.0581154318793,2073.6303355251375,2082.083984375,4028819,0.0,0.0,-0.6809498193148469,2056.82275390625,48.23536152562929,1.530676906685793,0.22324842799542852
2026-07-06 00:00:00+05:30,2078.6031065753987,2081.5867473982344,2039.4180542258837,2046.3798828125,2567386,0.0,0.0,-0.88450789297976,2082.083984375,42.66593014911632,1.5195565341882917,0.21588997115756073
2026-07-07 00:00:00+05:30,2038.8212111731864,2111.124724588052,2037.8266642409067,2084.669921875,4769048,0.0,0.0,-0.600899126146679,2046.3798828125,73.29806034714511,1.472500702425608,0.08566988914820689
2026-07-08 00:00:00+05:30,2082.5813599967723,2098.1956989000228,2037.6278854106638,2046.2803955078125,3666985,0.0,0.0,-0.8266934889252078,2084.669921875,60.56781348935897,1.5169339525205934,0.1367559834501518
2026-07-09 00:00:00+05:30,2046.280350211656,2053.7394523387943,2005.006651774823,2038.323974609375,3791498,0.0,0.0,-0.8594665337265033,2046.2803955078125,48.732800563971296,1.4781600972304103,0.15156785360189712
2026-07-10 00:00:00+05:30,2093.7200783959847,2121.666943317309,2053.341620075063,2057.717529296875,6714551,0.0,0.0,-0.7002352661681066,2038.323974609375,83.34296870793378,1.4909243606647267,0.09652212676198144
2026-07-13 00:00:00+05:30,2063.684994131224,2192.8765503750355,2053.8390761022306,2169.604248046875,12382622,0.0,0.0,0.06252751917833758,2057.717529296875,139.03747427280496,1.4966866216566963,0.025878828008084664
2026-07-14 00:00:00+05:30,2170.996422535663,2215.850586742918,2167.1177865856457,2188.60009765625,9546290,0.0,0.0,0.17169933640943277,2169.604248046875,48.73280015727232,1.407576566662336,0.048541417519042236
2026-07-15 00:00:00+05:30,2174.10009765625,2202.89990234375,2145.39990234375,2189.199951171875,5426489,12.0,0.0,0.1710324940779359,2188.60009765625,57.5,1.3728138970570758,0.0029034886831878137
2026-07-16 00:00:00+05:30,2206.0,2231.39990234375,2187.800048828125,2201.0,5197595,0.0,0.0,0.23845979292966898,2189.199951171875,43.599853515625,1.286136934890198,0.013301885737919317
2026-07-17 00:00:00+05:30,2224.800048828125,2275.0,2215.10009765625,2269.0,5615138,0.0,0.0,0.6242906432391773,2201.0,74.0,1.1981289563305817,0.09824809078902737
2026-07-20 00:00:00+05:30,2280.10009765625,2283.39990234375,2245.10009765625,2251.10009765625,2202693,0.0,0.0,0.4995525173169834,2269.0,38.2998046875,1.145585912531921,0.18834746406590386
2026-07-21 00:00:00+05:30,2245.10009765625,2259.89990234375,2218.5,2221.10009765625,2382160,0.0,0.0,0.2990785226704857,2251.10009765625,41.39990234375,1.1227628718769094,0.1383496872761227
2026-07-22 00:00:00+05:30,2216.0,2226.800048828125,2201.0,2208.300048828125,1599665,0.0,0.0,0.21044281331114323,2221.10009765625,25.800048828125,1.033586039121318,0.2274276310764552
2026-07-23 00:00:00+05:30,2204.0,2250.0,2193.60009765625,2242.89990234375,2503539,0.0,0.0,0.4227862304624172,2208.300048828125,56.39990234375,0.9619768749029958,0.21112695339226095
2026-07-24 00:00:00+05:30,2205.10009765625,2264.300048828125,2205.10009765625,2254.300048828125,3211699,0.0,0.0,0.4855075884303956,2242.89990234375,59.199951171875,0.9344227474852895,0.2493533093439903
2026-07-27 00:00:00+05:30,2286.0,2315.0,2272.39990234375,2295.60009765625,4007292,0.0,0.0,0.7322336813213035,2254.300048828125,60.699951171875,0.8675736201230665,0.2888746057909944
2026-07-28 00:00:00+05:30,2325.0,2417.39990234375,2323.0,2398.0,8248513,0.0,0.0,1.254370133385177,2295.60009765625,121.7998046875,0.8813086340850161,0.4965879145419733
2026-07-29 00:00:00+05:30,2440.0,2475.5,2415.10009765625,2446.60009765625,7169419,0.0,0.0,1.4883200785282993,2398.0,77.5,0.8443231232398806,0.6244959034883366
2026-07-30 00:00:00+05:30,2440.0,2495.0,2423.0,2431.800048828125,4901582,0.0,0.0,1.356138350007569,2446.60009765625,72.0,0.8784756940048795,0.543384407248819
2026-07-31 00:00:00+05:30,2385.0,2391.0,2326.10009765625,2365.60009765625,4343683,0.0,0.0,0.8741878628164073,2431.800048828125,105.699951171875,1.0689881623859276,0.38783839115208457
2026-08-03 00:00:00+05:30,2383.89990234375,2473.699951171875,2383.0,2473.699951171875,3036839,0.0,0.0,1.3711080472540709,2365.60009765625,108.099853515625,1.0139130240404424,0.5318816995996384
2026-08-04 00:00:00+05:30,2463.10009765625,2467.39990234375,2435.10009765625,2460.0,2792792,0.0,0.0,1.2564152647839657,2473.699951171875,38.599853515625,0.9505454503529203,0.481920368746109
2026-08-05 00:00:00+05:30,2460.0,2460.89990234375,2408.0,2413.0,3014409,0.0,0.0,0.9370113339931564,2460.0,52.89990234375,0.9718868479802871,0.46571575400599474
2026-08-06 00:00:00+05:30,2417.0,2434.5,2368.5,2373.0,2729141,0.0,0.0,0.6729524541363281,2413.0,66.0,1.0189393889042242,0.40840255820445437
2026-08-07 00:00:00+05:30,2375.0,2457.699951171875,2375.0,2452.699951171875,4547979,0.0,0.0,1.0643782758894895,2373.0,84.699951171875,0.9462715535927957,0.44895476397412803
2026-08-10 00:00:00+05:30,2452.699951171875,2472.89990234375,2423.5,2425.699951171875,2322023,0.0,0.0,0.8795575069304561,2452.699951171875,49.39990234375,0.9309744899472584,0.3221753055691036
2026-08-11 00:00:00+05:30,2438.0,2456.60009765625,2428.0,2445.699951171875,1514105,0.0,0.0,0.9692837878693337,2425.699951171875,30.900146484375,0.805524912255891,0.32303048614956115
2026-08-12 00:00:00+05:30,2445.699951171875,2445.800048828125,2300.10009765625,2349.699951171875,7022647,0.0,0.0,0.35166052890594585,2445.699951171875,145.699951171875,1.1359309280537064,0.1800740886017283
2026-08-13 00:00:00+05:30,2349.699951171875,2375.0,2332.300048828125,2375.0,2123494,0.0,0.0,0.4826820697814696,2349.699951171875,42.699951171875,1.0273809149930082,0.1923077338197439
2026-08-14 00:00:00+05:30,2375.10009765625,2390.0,2333.39990234375,2361.0,2232160,0.0,0.0,0.3898933163015098,2375.0,56.60009765625,1.0121135915432438,0.10813354621513076
2026-08-17 00:00:00+05:30,2351.0,2361.10009765625,2310.60009765625,2313.199951171875,2237636,0.0,0.0,0.09574846520065683,2361.0,50.5,1.031254841517573,0.07051193023571062
2026-08-18 00:00:00+05:30,2300.0,2307.0,2280.0,2280.0,1797822,0.0,0.0,-0.10562875220001218,2313.199951171875,33.199951171875,0.9873055530453451,0.06663639422017238
2026-08-19 00:00:00+05:30,2293.60009765625,2308.199951171875,2258.300048828125,2289.0,3368922,0.0,0.0,-0.04763872326270926,2280.0,49.89990234375,0.9284793166101373,0.09169408544895558
2026-08-20 00:00:00+05:30,2319.39990234375,2329.0,2288.10009765625,2298.0,2047848,0.0,0.0,0.00999351202088598,2289.0,40.89990234375,0.8475452871175231,0.06448226759069631
2026-08-21 00:00:00+05:30,2290.10009765625,2307.199951171875,2263.300048828125,2302.0,2066749,0.0,0.0,0.035376934913652694,2298.0,43.89990234375,0.7844400312245831,0.05630971481568691
2026-08-24 00:00:00+05:30,2302.39990234375,2321.60009765625,2279.5,2284.10009765625,1542723,0.0,0.0,-0.08316197188089176,2302.0,42.10009765625,0.7504493437053043,0.013961398677010463
2026-08-25 00:00:00+05:30,2305.0,2313.5,2262.0,2296.199951171875,3041609,0.0,0.0,0.00046108605647651876,2284.10009765625,51.5,0.7007092908396213,0.13880569439797869
2026-08-26 00:00:00+05:30,2305.10009765625,2306.300048828125,2266.39990234375,2270.0,1660737,0.0,0.0,-0.17940632370207965,2296.199951171875,39.900146484375,0.6758280026841352,0.2483828677031605
2026-08-27 00:00:00+05:30,2270.0,2283.60009765625,2243.89990234375,2248.39990234375,1709113,0.0,0.0,-0.3269083347721864,2270.0,39.7001953125,0.6458772001006903,0.2555032861048935
2026-08-28 00:00:00+05:30,2272.0,2348.5,2263.300048828125,2342.0,4054069,0.0,0.0,0.31471716610327344,2248.39990234375,100.10009765625,0.6215600872737677,0.03166949400754438
2026-08-31 00:00:00+05:30,2342.0,2399.300048828125,2306.199951171875,2399.300048828125,2905846,0.0,0.0,0.652869588425893,2342.0,93.10009765625,0.6248809111652398,0.10714273157676754
2026-09-01 00:00:00+05:30,2355.0,2372.0,2325.0,2369.0,2678034,0.0,0.0,0.43993415652684464,2399.300048828125,74.300048828125,0.6961267077624882,0.1279887482419128
2026-09-02 00:00:00+05:30,2347.89990234375,2363.0,2303.5,2348.0,2533005,0.0,0.0,0.29151441813077605,2369.0,65.5,0.7284737959909962,0.0948905109489051
2026-09-03 00:00:00+05:30,2353.60009765625,2353.60009765625,2316.10009765625,2320.10009765625,1892786,0.0,0.0,0.09763869971887872,2348.0,37.5,0.6937675135990253,0.07861481649721827
2026-09-04 00:00:00+05:30,2330.0,2363.89990234375,2302.39990234375,2304.0,2564322,0.0,0.0,-0.014549524496805986,2320.10009765625,61.5,0.7116269427582875,0.24405045011545892
2026-09-07 00:00:00+05:30,2290.10009765625,2299.89990234375,2260.10009765625,2270.0,2297551,0.0,0.0,-0.2502651237853947,2304.0,43.89990234375,0.7071053962893491,0.2526366036607226
2026-09-08 00:00:00+05:30,2270.0,2274.5,2244.0,2255.5,2148114,0.0,0.0,-0.34777180125315155,2270.0,30.5,0.6367805823106131,0.3113947871104313
2026-09-09 00:00:00+05:30,2237.0,2237.0,2193.199951171875,2208.0,3370071,0.0,0.0,-0.6750928874140455,2255.5,62.300048828125,0.7133174476132254,0.2520006026447769
2026-09-10 00:00:00+05:30,2199.0,2232.0,2190.60009765625,2204.10009765625,2490912,0.0,0.0,-0.6878128375386775,2208.0,41.39990234375,0.6611616977006063,0.31595476649788806
2026-09-11 00:00:00+05:30,2185.5,2232.60009765625,2185.5,2200.800048828125,2634124,0.0,0.0,-0.6963583847717525,2204.10009765625,47.10009765625,0.6271761091609177,0.30215006775800884
2026-09-15 00:00:00+05:30,2275.5,2323.0,2251.0,2251.0,5406210,0.0,0.0,-0.27265327779088044,2200.800048828125,122.199951171875,0.7306727958944484,0.11678552061421141
2026-09-16 00:00:00+05:30,2270.0,2273.89990234375,2172.0,2188.800048828125,2763709,0.0,0.0,-0.7088586160259555,2251.0,101.89990234375,0.93458554607705,0.16239311780614205
2026-09-17 00:00:00+05:30,2171.0,2263.60009765625,2162.5,2190.0,3295917,0.0,0.0,-0.6818623154216943,2188.800048828125,101.10009765625,1.0276653776704672,0.17876496012103876
2026-09-18 00:00:00+05:30,2177.199951171875,2177.300048828125,2101.199951171875,2105.0,6875428,0.0,0.0,-1.221953301052394,2190.0,88.800048828125,1.2184508410799861,0.3064465859841995
2026-09-21 00:00:00+05:30,2090.0,2145.0,2075.300048828125,2128.699951171875,2330811,0.0,0.0,-0.9986952601571332,2105.0,69.699951171875,1.1796814495447925,0.26682080672813474
2026-09-22 00:00:00+05:30,2135.10009765625,2135.199951171875,2098.199951171875,2105.0,3641623,0.0,0.0,-1.149879959867946,2128.699951171875,37.0,1.1322537319540757,0.2733101648666894
2026-09-23 00:00:00+05:30,2099.0,2104.199951171875,2077.60009765625,2089.60009765625,2228402,0.0,0.0,-1.2412638632398463,2105.0,27.39990234375,1.0480106279413193,0.3136955655437654
2026-09-24 00:00:00+05:30,2076.0,2096.89990234375,2067.10009765625,2087.0,1760662,0.0,0.0,-1.2311130981177778,2089.60009765625,29.7998046875,0.9521057690550986,0.28818897637795277
2026-09-25 00:00:00+05:30,2054.0,2090.199951171875,2038.0999755859375,2082.0,3342195,0.0,0.0,-1.2420911270173685,2087.0,52.0999755859375,0.92704112843138,0.26908138522190983
2026-09-28 00:00:00+05:30,2100.0,2100.0,2051.0,2070.699951171875,2457049,0.0,0.0,-1.3075764765068634,2082.0,49.0,0.904538509576766,0.5060625311665334
2026-09-29 00:00:00+05:30,2065.0,2085.10009765625,2032.4000244140625,2032.4000244140625,4437783,0.0,0.0,-1.5852686211782958,2070.699951171875,52.7000732421875,0.9404257616312999,0.7095343549851856
2026-09-30 00:00:00+05:30,2069.0,2101.0,2050.60009765625,2050.60009765625,3656425,0.0,0.0,-1.3630522020907043,2032.4000244140625,68.5999755859375,0.9272384514506082,0.6304951609370943
2026-10-01 00:00:00+05:30,2052.60009765625,2093.89990234375,2045.0999755859375,2075.0,3428501,0.0,0.0,-1.088411042419154,2050.60009765625,48.7999267578125,0.8449953579510701,0.536979117894934
